연도,자치구,거주인구,교통사고 발생건수,기타_부상자수,기타_사망자수,길가장자리구역통행중_부상자수,길가장자리구역통행중_사망자수,보도통행중_부상자수,보도통행중_사망자수,차도 통행중_부상자수,차도 통행중_사망자수,횡단중_부상자수,횡단중_사망자수,뺑소니_발생건수,뺑소니_부상자수,뺑소니_사망자수,자전거_발생건수,자전거_사망자수,자전거_부상자수,대중교통_승객수
2005,강남구,0,260,170.0,2.0,58.0,0.0,71.0,1.0,74.0,3.0,205.0,8.0,219.0,326.0,1.0,44.0,1.0,51.0,0.0
2006,강남구,0,276,124.0,2.0,68.0,1.0,102.0,1.0,93.0,4.0,225.0,7.0,175.0,289.0,1.0,30.0,0.0,31.0,0.0
2007,강남구,0,275,126.0,3.0,89.0,0.0,91.0,1.0,95.0,1.0,276.0,7.0,170.0,269.0,2.0,48.0,0.0,50.0,0.0
2008,강남구,569166,260,86.0,0.0,101.0,1.0,126.0,1.0,119.0,1.0,259.0,9.0,130.0,206.0,1.0,79.0,1.0,87.0,0.0
2009,강남구,569016,310,225.0,4.0,102.0,0.0,122.0,0.0,86.0,6.0,293.0,5.0,127.0,224.0,4.0,92.0,0.0,95.0,0.0
2010,강남구,571914,295,259.0,6.0,99.0,0.0,66.0,0.0,79.0,2.0,277.0,4.0,168.0,276.0,3.0,93.0,1.0,101.0,0.0
2011,강남구,575767,296,395.0,9.0,104.0,0.0,54.0,0.0,67.0,1.0,236.0,9.0,233.0,360.0,3.0,97.0,0.0,103.0,0.0
2012,강남구,569638,320,507.0,5.0,90.0,1.0,51.0,1.0,57.0,2.0,242.0,6.0,239.0,343.0,2.0,146.0,2.0,150.0,0.0
2013,강남구,568740,300,521.0,8.0,54.0,0.0,50.0,0.0,40.0,3.0,212.0,5.0,143.0,234.0,3.0,159.0,0.0,175.0,0.0
2014,강남구,576868,302,487.0,4.0,76.0,0.0,61.0,0.0,43.0,1.0,255.0,9.0,139.0,212.0,0.0,191.0,0.0,197.0,0.0
2015,강남구,582206,330,447.0,2.0,92.0,0.0,55.0,1.0,45.0,0.0,309.0,7.0,120.0,217.0,0.0,214.0,2.0,235.0,0.0
2016,강남구,575597,319,455.0,0.0,98.0,0.0,73.0,0.0,87.0,0.0,218.0,3.0,101.0,166.0,0.0,151.0,0.0,169.0,0.0
2017,강남구,566427,289,352.0,1.0,81.0,0.0,43.0,1.0,62.0,1.0,320.0,4.0,69.0,120.0,1.0,138.0,1.0,146.0,0.0
2018,강남구,551615,288,355.0,2.0,114.0,0.0,40.0,2.0,52.0,1.0,221.0,4.0,75.0,130.0,1.0,119.0,2.0,131.0,0.0
2019,강남구,548432,310,428.0,4.0,98.0,0.0,63.0,1.0,51.0,2.0,223.0,1.0,65.0,107.0,0.0,114.0,0.0,127.0,0.0
2020,강남구,546049,312,383.0,1.0,94.0,1.0,65.0,0.0,32.0,2.0,54.0,2.0,65.0,107.0,0.0,176.0,0.0,208.0,0.0
2021,강남구,537880,318,374.0,4.0,72.0,0.0,58.0,0.0,45.0,0.0,132.0,2.0,106.0,145.0,1.0,161.0,0.0,188.0,2265807.0
2022,강남구,535784,309,471.0,3.0,69.0,0.0,63.0,0.0,40.0,0.0,152.0,4.0,90.0,122.0,1.0,159.0,1.0,178.0,261731880.0
2023,강남구,544179,327,404.0,2.0,70.0,0.0,90.0,0.0,78.0,1.0,187.0,2.0,91.0,115.0,1.0,172.0,0.0,203.0,278190656.0
2024,강남구,562337,312,0.0,0.0,0.0,0.0,0.0,0.0,0.0,0.0,0.0,0.0,0.0,0.0,0.0,0.0,0.0,0.0,285878239.0
2025,강남구,563189,0,0.0,0.0,0.0,0.0,0.0,0.0,0.0,0.0,0.0,0.0,0.0,0.0,0.0,0.0,0.0,0.0,73542342.0
2005,강동구,0,110,143.0,0.0,21.0,1.0,26.0,1.0,37.0,0.0,176.0,4.0,60.0,83.0,0.0,101.0,5.0,99.0,0.0
2006,강동구,0,105,140.0,3.0,46.0,0.0,24.0,0.0,18.0,0.0,135.0,4.0,36.0,47.0,2.0,109.0,1.0,111.0,0.0
2007,강동구,0,123,86.0,3.0,52.0,0.0,47.0,1.0,69.0,1.0,190.0,4.0,46.0,75.0,0.0,113.0,2.0,113.0,0.0
2008,강동구,471101,141,143.0,2.0,60.0,1.0,67.0,0.0,60.0,0.0,181.0,4.0,48.0,69.0,1.0,201.0,0.0,210.0,0.0
2009,강동구,483631,128,189.0,2.0,19.0,0.0,45.0,1.0,44.0,0.0,158.0,3.0,61.0,89.0,1.0,165.0,5.0,173.0,0.0
2010,강동구,493030,117,185.0,5.0,11.0,0.0,44.0,0.0,41.0,0.0,153.0,3.0,31.0,60.0,0.0,179.0,2.0,180.0,0.0
2011,강동구,501476,118,202.0,1.0,23.0,0.0,27.0,0.0,36.0,0.0,162.0,4.0,57.0,111.0,2.0,179.0,1.0,185.0,0.0
2012,강동구,495034,121,250.0,3.0,19.0,0.0,21.0,1.0,29.0,1.0,133.0,5.0,49.0,71.0,0.0,181.0,1.0,187.0,0.0
2013,강동구,489935,113,253.0,3.0,11.0,0.0,20.0,0.0,21.0,0.0,123.0,2.0,42.0,63.0,0.0,187.0,3.0,194.0,0.0
2014,강동구,484191,120,267.0,5.0,22.0,1.0,16.0,0.0,14.0,0.0,144.0,1.0,50.0,88.0,0.0,247.0,4.0,252.0,0.0
2015,강동구,469446,124,252.0,7.0,24.0,0.0,23.0,0.0,34.0,1.0,157.0,6.0,54.0,94.0,1.0,227.0,0.0,242.0,0.0
2016,강동구,453991,118,157.0,4.0,17.0,0.0,12.0,0.0,16.0,1.0,238.0,7.0,36.0,50.0,2.0,237.0,0.0,258.0,0.0
2017,강동구,448353,114,178.0,4.0,10.0,0.0,16.0,2.0,27.0,1.0,205.0,3.0,16.0,19.0,0.0,190.0,6.0,197.0,0.0
2018,강동구,435546,118,203.0,3.0,22.0,2.0,30.0,1.0,24.0,0.0,129.0,2.0,37.0,56.0,0.0,157.0,2.0,163.0,0.0
2019,강동구,432265,117,170.0,2.0,17.0,0.0,38.0,0.0,37.0,0.0,190.0,5.0,29.0,45.0,0.0,176.0,1.0,188.0,0.0
2020,강동구,461215,105,130.0,0.0,38.0,0.0,28.0,0.0,45.0,0.0,64.0,2.0,29.0,45.0,0.0,182.0,3.0,192.0,0.0
2021,강동구,468094,87,121.0,2.0,15.0,0.0,14.0,0.0,23.0,1.0,68.0,4.0,30.0,41.0,0.0,125.0,0.0,132.0,734603.0
2022,강동구,464780,95,126.0,2.0,9.0,0.0,27.0,0.0,15.0,0.0,90.0,1.0,30.0,47.0,0.0,139.0,0.0,146.0,84136152.0
2023,강동구,463200,98,151.0,0.0,12.0,0.0,31.0,0.0,29.0,0.0,83.0,0.0,51.0,76.0,0.0,150.0,0.0,161.0,86541451.0
2024,강동구,470852,119,0.0,0.0,0.0,0.0,0.0,0.0,0.0,0.0,0.0,0.0,0.0,0.0,0.0,0.0,0.0,0.0,86115356.0
2025,강동구,500002,0,0.0,0.0,0.0,0.0,0.0,0.0,0.0,0.0,0.0,0.0,0.0,0.0,0.0,0.0,0.0,0.0,23486197.0
2005,강북구,0,94,135.0,4.0,15.0,0.0,22.0,1.0,21.0,1.0,190.0,5.0,44.0,62.0,2.0,36.0,2.0,36.0,0.0
2006,강북구,0,104,71.0,1.0,65.0,1.0,22.0,0.0,41.0,0.0,212.0,2.0,42.0,66.0,0.0,39.0,0.0,41.0,0.0
2007,강북구,0,105,48.0,0.0,59.0,0.0,22.0,0.0,48.0,0.0,232.0,8.0,53.0,66.0,1.0,60.0,1.0,59.0,0.0
2008,강북구,346440,114,96.0,0.0,52.0,1.0,19.0,0.0,34.0,0.0,216.0,5.0,43.0,71.0,0.0,83.0,0.0,85.0,0.0
2009,강북구,344842,116,130.0,1.0,52.0,1.0,24.0,0.0,39.0,0.0,213.0,3.0,37.0,66.0,1.0,73.0,1.0,76.0,0.0
2010,강북구,345211,107,138.0,3.0,57.0,0.0,33.0,2.0,36.0,0.0,210.0,6.0,33.0,48.0,1.0,72.0,0.0,79.0,0.0
2011,강북구,349186,97,144.0,1.0,38.0,0.0,22.0,0.0,26.0,0.0,160.0,1.0,26.0,59.0,0.0,80.0,1.0,86.0,0.0
2012,강북구,348197,101,163.0,1.0,27.0,1.0,14.0,0.0,41.0,1.0,153.0,2.0,29.0,51.0,0.0,80.0,1.0,87.0,0.0
2013,강북구,343989,92,210.0,0.0,13.0,0.0,12.0,0.0,30.0,1.0,154.0,6.0,25.0,39.0,1.0,69.0,1.0,71.0,0.0
2014,강북구,339671,109,263.0,2.0,14.0,0.0,9.0,0.0,20.0,0.0,136.0,6.0,22.0,35.0,1.0,129.0,3.0,129.0,0.0
2015,강북구,336314,105,197.0,4.0,15.0,1.0,21.0,0.0,24.0,1.0,183.0,5.0,18.0,30.0,0.0,134.0,2.0,140.0,0.0
2016,강북구,332293,102,175.0,2.0,28.0,0.0,15.0,0.0,15.0,0.0,188.0,6.0,25.0,52.0,0.0,103.0,1.0,110.0,0.0
2017,강북구,329310,100,150.0,2.0,33.0,0.0,18.0,0.0,70.0,1.0,178.0,2.0,26.0,33.0,0.0,93.0,0.0,105.0,0.0
2018,강북구,325191,101,167.0,3.0,25.0,0.0,19.0,0.0,54.0,0.0,142.0,6.0,26.0,44.0,1.0,82.0,1.0,83.0,0.0
2019,강북구,319024,106,193.0,0.0,32.0,0.0,11.0,0.0,30.0,0.0,144.0,2.0,20.0,27.0,0.0,107.0,2.0,113.0,0.0
2020,강북구,314316,90,178.0,1.0,10.0,0.0,10.0,0.0,19.0,0.0,82.0,1.0,20.0,27.0,0.0,74.0,0.0,79.0,0.0
2021,강북구,305112,84,143.0,2.0,19.0,0.0,5.0,0.0,22.0,0.0,74.0,3.0,18.0,22.0,0.0,91.0,0.0,95.0,765888.0
2022,강북구,299348,87,168.0,2.0,23.0,1.0,15.0,0.0,26.0,0.0,91.0,3.0,19.0,28.0,0.0,86.0,0.0,87.0,88190101.0
2023,강북구,295122,81,116.0,2.0,23.0,0.0,16.0,1.0,66.0,0.0,75.0,1.0,12.0,25.0,0.0,67.0,0.0,70.0,90501403.0
2024,강북구,290169,73,0.0,0.0,0.0,0.0,0.0,0.0,0.0,0.0,0.0,0.0,0.0,0.0,0.0,0.0,0.0,0.0,93017744.0
2025,강북구,288797,0,0.0,0.0,0.0,0.0,0.0,0.0,0.0,0.0,0.0,0.0,0.0,0.0,0.0,0.0,0.0,0.0,23605036.0
2005,강서구,0,149,201.0,0.0,34.0,0.0,30.0,1.0,48.0,0.0,180.0,7.0,133.0,195.0,1.0,77.0,0.0,84.0,0.0
2006,강서구,0,140,162.0,4.0,37.0,0.0,36.0,2.0,44.0,0.0,166.0,6.0,97.0,142.0,1.0,92.0,2.0,96.0,0.0
2007,강서구,0,147,160.0,2.0,24.0,0.0,44.0,1.0,64.0,1.0,206.0,7.0,92.0,138.0,1.0,104.0,3.0,106.0,0.0
2008,강서구,580174,171,178.0,2.0,55.0,1.0,52.0,1.0,80.0,3.0,205.0,1.0,69.0,103.0,2.0,184.0,5.0,189.0,0.0
2009,강서구,582608,166,213.0,2.0,32.0,1.0,41.0,1.0,75.0,2.0,207.0,1.0,64.0,108.0,1.0,147.0,2.0,150.0,0.0
2010,강서구,578182,156,270.0,5.0,14.0,1.0,25.0,0.0,50.0,0.0,214.0,6.0,51.0,81.0,2.0,139.0,1.0,143.0,0.0
2011,강서구,577986,157,320.0,1.0,19.0,0.0,27.0,1.0,47.0,0.0,164.0,3.0,74.0,124.0,1.0,142.0,2.0,153.0,0.0
2012,강서구,574692,147,345.0,7.0,15.0,0.0,15.0,1.0,30.0,1.0,108.0,5.0,61.0,104.0,2.0,162.0,1.0,169.0,0.0
2013,강서구,574508,142,322.0,7.0,19.0,0.0,17.0,0.0,18.0,1.0,143.0,7.0,55.0,96.0,2.0,178.0,1.0,186.0,0.0
2014,강서구,582906,150,311.0,7.0,21.0,0.0,18.0,1.0,23.0,1.0,142.0,5.0,37.0,53.0,1.0,226.0,4.0,233.0,0.0
2015,강서구,595215,161,253.0,2.0,28.0,0.0,19.0,1.0,95.0,1.0,152.0,3.0,43.0,65.0,1.0,245.0,1.0,267.0,0.0
2016,강서구,599344,140,136.0,1.0,13.0,0.0,11.0,0.0,38.0,1.0,287.0,4.0,14.0,28.0,0.0,203.0,1.0,211.0,0.0
2017,강서구,606681,132,128.0,1.0,29.0,0.0,42.0,0.0,69.0,2.0,146.0,3.0,25.0,40.0,0.0,162.0,3.0,176.0,0.0
2018,강서구,606005,125,154.0,1.0,23.0,0.0,21.0,0.0,47.0,1.0,167.0,3.0,31.0,43.0,1.0,103.0,2.0,105.0,0.0
2019,강서구,600907,152,196.0,4.0,29.0,0.0,39.0,0.0,51.0,3.0,154.0,6.0,56.0,71.0,0.0,161.0,1.0,173.0,0.0
2020,강서구,591085,131,154.0,4.0,10.0,0.0,37.0,0.0,43.0,2.0,159.0,4.0,56.0,71.0,0.0,165.0,2.0,176.0,0.0
2021,강서구,581708,125,149.0,4.0,23.0,0.0,25.0,1.0,30.0,0.0,118.0,3.0,60.0,86.0,0.0,187.0,2.0,198.0,1095324.0
2022,강서구,576835,133,197.0,5.0,22.0,1.0,31.0,0.0,27.0,0.0,121.0,3.0,33.0,54.0,0.0,222.0,1.0,246.0,124677930.0
2023,강서구,571224,126,168.0,2.0,14.0,0.0,21.0,0.0,29.0,0.0,104.0,2.0,43.0,65.0,0.0,156.0,0.0,164.0,131737726.0
2024,강서구,564500,128,0.0,0.0,0.0,0.0,0.0,0.0,0.0,0.0,0.0,0.0,0.0,0.0,0.0,0.0,0.0,0.0,136557449.0
2025,강서구,560094,0,0.0,0.0,0.0,0.0,0.0,0.0,0.0,0.0,0.0,0.0,0.0,0.0,0.0,0.0,0.0,0.0,34422676.0
2005,관악구,0,137,214.0,5.0,27.0,0.0,26.0,3.0,27.0,0.0,195.0,9.0,103.0,154.0,3.0,37.0,0.0,38.0,0.0
2006,관악구,0,139,103.0,1.0,114.0,0.0,40.0,0.0,62.0,0.0,172.0,2.0,65.0,107.0,0.0,47.0,1.0,49.0,0.0
2007,관악구,0,153,85.0,3.0,91.0,0.0,71.0,0.0,65.0,0.0,224.0,7.0,76.0,125.0,2.0,51.0,1.0,51.0,0.0
2008,관악구,553449,162,57.0,0.0,76.0,0.0,78.0,0.0,97.0,2.0,276.0,5.0,61.0,107.0,0.0,94.0,0.0,99.0,0.0
2009,관악구,550744,164,194.0,2.0,75.0,0.0,47.0,0.0,43.0,2.0,238.0,3.0,60.0,108.0,0.0,77.0,3.0,76.0,0.0
2010,관악구,546486,154,194.0,4.0,82.0,0.0,34.0,0.0,48.0,0.0,219.0,7.0,68.0,114.0,0.0,74.0,0.0,77.0,0.0
2011,관악구,548943,144,202.0,3.0,53.0,0.0,33.0,1.0,40.0,2.0,201.0,4.0,56.0,93.0,1.0,98.0,1.0,100.0,0.0
2012,관악구,543777,142,238.0,4.0,43.0,1.0,36.0,0.0,38.0,0.0,176.0,6.0,40.0,65.0,0.0,89.0,2.0,88.0,0.0
2013,관악구,538154,146,291.0,8.0,29.0,0.0,22.0,0.0,21.0,0.0,190.0,6.0,33.0,59.0,1.0,105.0,0.0,107.0,0.0
2014,관악구,533809,143,304.0,9.0,49.0,1.0,26.0,0.0,13.0,1.0,150.0,0.0,33.0,54.0,0.0,121.0,0.0,133.0,0.0
2015,관악구,531299,135,243.0,1.0,60.0,1.0,24.0,0.0,12.0,0.0,199.0,7.0,47.0,66.0,2.0,98.0,0.0,101.0,0.0
2016,관악구,528280,117,159.0,6.0,36.0,3.0,29.0,1.0,44.0,2.0,169.0,1.0,18.0,24.0,0.0,72.0,1.0,71.0,0.0
2017,관악구,523288,104,139.0,3.0,33.0,0.0,15.0,0.0,35.0,3.0,151.0,4.0,19.0,25.0,0.0,56.0,0.0,60.0,0.0
2018,관악구,521494,108,141.0,2.0,30.0,0.0,31.0,2.0,45.0,1.0,118.0,2.0,21.0,36.0,0.0,56.0,1.0,55.0,0.0
2019,관악구,519449,113,152.0,2.0,25.0,0.0,15.0,0.0,44.0,2.0,123.0,2.0,23.0,27.0,1.0,74.0,1.0,79.0,0.0
2020,관악구,514334,120,145.0,4.0,26.0,0.0,18.0,1.0,38.0,0.0,115.0,2.0,23.0,27.0,1.0,77.0,3.0,75.0,0.0
2021,관악구,501964,118,171.0,2.0,13.0,0.0,19.0,0.0,33.0,1.0,91.0,2.0,17.0,23.0,2.0,62.0,0.0,70.0,1464019.0
2022,관악구,500788,97,145.0,1.0,14.0,0.0,23.0,0.0,41.0,0.0,70.0,5.0,29.0,38.0,0.0,57.0,1.0,60.0,174329366.0
2023,관악구,500880,81,159.0,3.0,24.0,0.0,24.0,0.0,27.0,1.0,57.0,0.0,31.0,37.0,0.0,47.0,1.0,48.0,178524880.0
2024,관악구,496887,104,0.0,0.0,0.0,0.0,0.0,0.0,0.0,0.0,0.0,0.0,0.0,0.0,0.0,0.0,0.0,0.0,184717643.0
2025,관악구,497213,0,0.0,0.0,0.0,0.0,0.0,0.0,0.0,0.0,0.0,0.0,0.0,0.0,0.0,0.0,0.0,0.0,46940488.0
2005,광진구,0,130,182.0,4.0,3.0,0.0,17.0,0.0,20.0,0.0,136.0,8.0,94.0,135.0,1.0,102.0,1.0,107.0,0.0
2006,광진구,0,133,84.0,1.0,9.0,0.0,51.0,0.0,41.0,0.0,158.0,5.0,92.0,145.0,0.0,98.0,1.0,101.0,0.0
2007,광진구,0,139,72.0,0.0,40.0,1.0,41.0,1.0,85.0,1.0,177.0,6.0,70.0,114.0,1.0,129.0,0.0,133.0,0.0
2008,광진구,388065,137,32.0,1.0,43.0,0.0,52.0,0.0,72.0,4.0,179.0,3.0,52.0,87.0,1.0,161.0,0.0,171.0,0.0
2009,광진구,387379,138,104.0,1.0,45.0,0.0,27.0,1.0,53.0,1.0,177.0,4.0,73.0,114.0,3.0,175.0,6.0,180.0,0.0
2010,광진구,386087,128,165.0,2.0,15.0,0.0,19.0,0.0,34.0,0.0,144.0,6.0,49.0,87.0,0.0,157.0,2.0,161.0,0.0
2011,광진구,387923,119,179.0,4.0,2.0,0.0,25.0,1.0,19.0,1.0,131.0,10.0,56.0,80.0,3.0,128.0,1.0,130.0,0.0
2012,광진구,385599,124,231.0,3.0,8.0,0.0,10.0,0.0,28.0,1.0,128.0,4.0,76.0,129.0,0.0,179.0,1.0,183.0,0.0
2013,광진구,382734,108,204.0,1.0,14.0,0.0,18.0,0.0,8.0,1.0,109.0,1.0,44.0,70.0,0.0,172.0,2.0,180.0,0.0
2014,광진구,379486,123,228.0,2.0,7.0,0.0,24.0,1.0,14.0,0.0,137.0,4.0,35.0,59.0,0.0,223.0,1.0,246.0,0.0
2015,광진구,376238,102,158.0,3.0,18.0,0.0,19.0,0.0,38.0,0.0,107.0,4.0,42.0,64.0,1.0,198.0,1.0,217.0,0.0
2016,광진구,373658,87,137.0,0.0,11.0,0.0,15.0,0.0,31.0,0.0,115.0,4.0,31.0,41.0,0.0,128.0,0.0,135.0,0.0
2017,광진구,372151,88,142.0,0.0,29.0,0.0,3.0,0.0,15.0,1.0,115.0,4.0,28.0,47.0,0.0,114.0,2.0,116.0,0.0
2018,광진구,370813,92,90.0,1.0,49.0,2.0,18.0,0.0,24.0,1.0,101.0,2.0,32.0,51.0,0.0,115.0,2.0,121.0,0.0
2019,광진구,368859,81,140.0,2.0,18.0,0.0,11.0,0.0,22.0,0.0,75.0,1.0,29.0,45.0,1.0,109.0,0.0,115.0,0.0
2020,광진구,362986,72,104.0,1.0,6.0,0.0,15.0,0.0,20.0,0.0,127.0,3.0,29.0,45.0,1.0,92.0,0.0,97.0,0.0
2021,광진구,354376,76,122.0,1.0,20.0,0.0,17.0,0.0,20.0,0.0,37.0,1.0,31.0,39.0,1.0,121.0,0.0,133.0,823515.0
2022,광진구,352057,59,98.0,2.0,7.0,0.0,13.0,0.0,8.0,1.0,43.0,3.0,25.0,42.0,1.0,69.0,0.0,73.0,97556854.0
2023,광진구,351221,59,121.0,2.0,7.0,0.0,22.0,0.0,13.0,0.0,22.0,1.0,17.0,24.0,1.0,69.0,0.0,75.0,103444563.0
2024,광진구,349722,65,0.0,0.0,0.0,0.0,0.0,0.0,0.0,0.0,0.0,0.0,0.0,0.0,0.0,0.0,0.0,0.0,107179699.0
2025,광진구,348660,0,0.0,0.0,0.0,0.0,0.0,0.0,0.0,0.0,0.0,0.0,0.0,0.0,0.0,0.0,0.0,0.0,26594102.0
2005,구로구,0,115,125.0,5.0,13.0,0.0,29.0,1.0,44.0,0.0,150.0,8.0,58.0,87.0,1.0,69.0,2.0,78.0,0.0
2006,구로구,0,116,58.0,0.0,23.0,0.0,33.0,0.0,27.0,0.0,179.0,10.0,67.0,105.0,1.0,59.0,2.0,59.0,0.0
2007,구로구,0,123,40.0,0.0,35.0,0.0,29.0,0.0,39.0,1.0,184.0,8.0,63.0,107.0,0.0,87.0,2.0,94.0,0.0
2008,구로구,449012,131,24.0,1.0,58.0,0.0,41.0,0.0,79.0,0.0,239.0,11.0,55.0,84.0,2.0,119.0,1.0,134.0,0.0
2009,구로구,449832,131,76.0,2.0,55.0,1.0,45.0,0.0,61.0,3.0,222.0,3.0,43.0,73.0,0.0,108.0,3.0,113.0,0.0
2010,구로구,449586,130,83.0,1.0,49.0,0.0,22.0,1.0,37.0,2.0,233.0,1.0,50.0,82.0,0.0,121.0,1.0,125.0,0.0
2011,구로구,455683,128,45.0,0.0,91.0,0.0,25.0,0.0,24.0,0.0,238.0,9.0,67.0,112.0,0.0,104.0,3.0,111.0,0.0
2012,구로구,457202,131,111.0,0.0,46.0,0.0,33.0,1.0,25.0,0.0,259.0,9.0,74.0,127.0,1.0,144.0,1.0,148.0,0.0
2013,구로구,453349,117,128.0,2.0,53.0,0.0,32.0,0.0,27.0,0.0,196.0,8.0,39.0,62.0,0.0,141.0,0.0,147.0,0.0
2014,구로구,456758,130,189.0,5.0,33.0,1.0,22.0,0.0,14.0,0.0,210.0,6.0,45.0,67.0,0.0,194.0,2.0,220.0,0.0
2015,구로구,456525,125,161.0,5.0,27.0,0.0,22.0,0.0,37.0,2.0,204.0,7.0,55.0,94.0,0.0,170.0,1.0,183.0,0.0
2016,구로구,452283,125,164.0,2.0,22.0,0.0,24.0,0.0,64.0,0.0,176.0,3.0,32.0,48.0,0.0,179.0,2.0,189.0,0.0
2017,구로구,444622,119,119.0,3.0,25.0,0.0,21.0,0.0,39.0,2.0,175.0,4.0,61.0,101.0,0.0,128.0,2.0,130.0,0.0
2018,구로구,439605,127,126.0,3.0,24.0,0.0,22.0,1.0,44.0,0.0,167.0,6.0,44.0,71.0,0.0,130.0,1.0,139.0,0.0
2019,구로구,439359,127,178.0,2.0,23.0,0.0,23.0,0.0,31.0,0.0,165.0,6.0,35.0,40.0,0.0,139.0,1.0,148.0,0.0
2020,구로구,435813,110,108.0,0.0,19.0,0.0,42.0,0.0,33.0,1.0,111.0,1.0,35.0,40.0,0.0,105.0,1.0,115.0,0.0
2021,구로구,423695,112,141.0,0.0,19.0,2.0,34.0,0.0,29.0,0.0,67.0,0.0,42.0,53.0,0.0,128.0,1.0,134.0,1031762.0
2022,구로구,418420,106,134.0,1.0,22.0,0.0,39.0,0.0,16.0,1.0,84.0,1.0,34.0,51.0,0.0,135.0,1.0,152.0,112366377.0
2023,구로구,417055,113,158.0,0.0,19.0,0.0,20.0,0.0,25.0,0.0,120.0,1.0,38.0,54.0,0.0,136.0,0.0,148.0,118418831.0
2024,구로구,412931,110,0.0,0.0,0.0,0.0,0.0,0.0,0.0,0.0,0.0,0.0,0.0,0.0,0.0,0.0,0.0,0.0,125907419.0
2025,구로구,410727,0,0.0,0.0,0.0,0.0,0.0,0.0,0.0,0.0,0.0,0.0,0.0,0.0,0.0,0.0,0.0,0.0,31760135.0
2005,금천구,0,66,88.0,3.0,13.0,0.0,11.0,0.0,18.0,1.0,79.0,4.0,64.0,89.0,2.0,23.0,2.0,23.0,0.0
2006,금천구,0,72,63.0,0.0,35.0,0.0,9.0,0.0,7.0,0.0,149.0,4.0,60.0,90.0,0.0,31.0,0.0,33.0,0.0
2007,금천구,0,72,55.0,0.0,26.0,0.0,20.0,0.0,18.0,0.0,114.0,5.0,38.0,57.0,1.0,32.0,0.0,35.0,0.0
2008,금천구,265883,80,79.0,2.0,17.0,0.0,17.0,0.0,24.0,3.0,133.0,5.0,50.0,70.0,2.0,57.0,0.0,59.0,0.0
2009,금천구,264999,90,98.0,6.0,24.0,0.0,19.0,0.0,26.0,1.0,121.0,7.0,40.0,69.0,0.0,72.0,3.0,74.0,0.0
2010,금천구,262216,93,115.0,1.0,28.0,0.0,9.0,0.0,16.0,2.0,177.0,3.0,47.0,73.0,0.0,69.0,0.0,72.0,0.0
2011,금천구,264619,93,148.0,2.0,21.0,0.0,13.0,0.0,8.0,0.0,156.0,5.0,37.0,50.0,0.0,93.0,0.0,97.0,0.0
2012,금천구,262747,84,136.0,5.0,12.0,0.0,4.0,1.0,6.0,0.0,115.0,7.0,25.0,40.0,2.0,106.0,2.0,116.0,0.0
2013,금천구,259322,78,122.0,1.0,11.0,0.0,9.0,0.0,8.0,1.0,110.0,6.0,31.0,41.0,0.0,87.0,1.0,91.0,0.0
2014,금천구,258180,85,155.0,3.0,17.0,0.0,11.0,0.0,6.0,0.0,121.0,3.0,34.0,48.0,0.0,99.0,0.0,108.0,0.0
2015,금천구,257670,76,146.0,2.0,9.0,0.0,7.0,0.0,3.0,0.0,113.0,6.0,24.0,40.0,0.0,80.0,0.0,88.0,0.0
2016,금천구,254564,66,82.0,3.0,14.0,0.0,9.0,0.0,17.0,0.0,134.0,6.0,19.0,28.0,0.0,56.0,1.0,59.0,0.0
2017,금천구,254232,68,104.0,2.0,3.0,0.0,10.0,1.0,36.0,0.0,112.0,1.0,25.0,41.0,0.0,55.0,0.0,56.0,0.0
2018,금천구,253119,77,137.0,0.0,5.0,0.0,10.0,0.0,19.0,2.0,104.0,3.0,36.0,46.0,0.0,47.0,0.0,50.0,0.0
2019,금천구,253248,76,136.0,1.0,7.0,1.0,20.0,0.0,12.0,0.0,95.0,3.0,30.0,40.0,0.0,73.0,1.0,84.0,0.0
2020,금천구,249850,67,119.0,1.0,6.0,0.0,11.0,0.0,6.0,0.0,136.0,2.0,30.0,40.0,0.0,63.0,1.0,72.0,0.0
2021,금천구,244756,68,117.0,3.0,5.0,0.0,9.0,1.0,2.0,1.0,51.0,3.0,17.0,24.0,0.0,50.0,1.0,53.0,595493.0
2022,금천구,244205,70,148.0,4.0,2.0,0.0,6.0,1.0,1.0,0.0,49.0,0.0,26.0,32.0,0.0,52.0,0.0,57.0,65283441.0
2023,금천구,242053,73,115.0,0.0,8.0,0.0,41.0,0.0,9.0,0.0,62.0,3.0,18.0,25.0,0.0,62.0,1.0,73.0,66972935.0
2024,금천구,239870,66,0.0,0.0,0.0,0.0,0.0,0.0,0.0,0.0,0.0,0.0,0.0,0.0,0.0,0.0,0.0,0.0,66169966.0
2025,금천구,238431,0,0.0,0.0,0.0,0.0,0.0,0.0,0.0,0.0,0.0,0.0,0.0,0.0,0.0,0.0,0.0,0.0,16349093.0
2005,노원구,0,143,118.0,1.0,8.0,0.0,23.0,2.0,72.0,0.0,192.0,5.0,61.0,94.0,1.0,124.0,1.0,124.0,0.0
2006,노원구,0,131,88.0,0.0,19.0,0.0,26.0,2.0,35.0,1.0,196.0,1.0,51.0,77.0,0.0,126.0,1.0,126.0,0.0
2007,노원구,0,142,42.0,1.0,29.0,0.0,35.0,2.0,65.0,2.0,236.0,5.0,56.0,75.0,3.0,140.0,1.0,146.0,0.0
2008,노원구,621066,145,113.0,1.0,12.0,0.0,30.0,0.0,64.0,2.0,252.0,7.0,73.0,112.0,1.0,136.0,2.0,142.0,0.0
2009,노원구,617906,152,127.0,1.0,25.0,0.0,34.0,0.0,67.0,5.0,240.0,5.0,68.0,116.0,0.0,200.0,1.0,204.0,0.0
2010,노원구,613710,140,123.0,3.0,14.0,1.0,37.0,0.0,56.0,1.0,238.0,6.0,65.0,99.0,2.0,154.0,1.0,160.0,0.0
2011,노원구,610225,127,37.0,0.0,32.0,0.0,36.0,0.0,78.0,0.0,280.0,8.0,41.0,85.0,1.0,141.0,1.0,142.0,0.0
2012,노원구,603977,135,86.0,1.0,33.0,0.0,26.0,0.0,39.0,1.0,252.0,8.0,43.0,66.0,0.0,166.0,2.0,173.0,0.0
2013,노원구,596954,126,112.0,1.0,34.0,1.0,14.0,1.0,31.0,1.0,216.0,1.0,29.0,41.0,0.0,169.0,0.0,178.0,0.0
2014,노원구,589074,126,198.0,6.0,8.0,0.0,21.0,0.0,30.0,1.0,184.0,3.0,39.0,52.0,0.0,213.0,1.0,220.0,0.0
2015,노원구,581684,121,111.0,0.0,27.0,1.0,27.0,0.0,43.0,0.0,199.0,4.0,43.0,71.0,0.0,225.0,5.0,238.0,0.0
2016,노원구,575074,127,84.0,2.0,22.0,0.0,24.0,0.0,32.0,0.0,244.0,4.0,32.0,60.0,0.0,188.0,2.0,194.0,0.0
2017,노원구,564037,124,93.0,1.0,18.0,0.0,19.0,1.0,46.0,2.0,217.0,1.0,19.0,27.0,0.0,148.0,0.0,158.0,0.0
2018,노원구,552052,130,115.0,2.0,19.0,0.0,29.0,1.0,54.0,2.0,175.0,5.0,27.0,48.0,1.0,161.0,1.0,166.0,0.0
2019,노원구,541305,141,129.0,2.0,19.0,0.0,33.0,0.0,60.0,1.0,189.0,3.0,49.0,62.0,0.0,210.0,0.0,220.0,0.0
2020,노원구,531275,121,83.0,0.0,9.0,0.0,35.0,0.0,47.0,1.0,105.0,3.0,49.0,62.0,0.0,216.0,1.0,229.0,0.0
2021,노원구,518553,117,89.0,0.0,9.0,0.0,23.0,0.0,36.0,1.0,131.0,1.0,29.0,40.0,0.0,203.0,0.0,228.0,938616.0
2022,노원구,511076,115,123.0,0.0,9.0,0.0,28.0,0.0,34.0,1.0,119.0,1.0,32.0,49.0,0.0,156.0,0.0,162.0,107270696.0
2023,노원구,504744,113,89.0,0.0,15.0,0.0,40.0,0.0,34.0,1.0,98.0,4.0,11.0,18.0,0.0,155.0,2.0,163.0,112105094.0
2024,노원구,499170,107,0.0,0.0,0.0,0.0,0.0,0.0,0.0,0.0,0.0,0.0,0.0,0.0,0.0,0.0,0.0,0.0,117451742.0
2025,노원구,495111,0,0.0,0.0,0.0,0.0,0.0,0.0,0.0,0.0,0.0,0.0,0.0,0.0,0.0,0.0,0.0,0.0,28097713.0
2005,도봉구,0,77,116.0,1.0,8.0,0.0,18.0,0.0,27.0,0.0,121.0,2.0,40.0,69.0,0.0,61.0,2.0,64.0,0.0
2006,도봉구,0,71,26.0,0.0,14.0,0.0,42.0,0.0,38.0,3.0,114.0,3.0,33.0,45.0,0.0,68.0,1.0,68.0,0.0
2007,도봉구,0,66,43.0,1.0,30.0,0.0,22.0,1.0,19.0,0.0,151.0,0.0,29.0,45.0,0.0,59.0,1.0,59.0,0.0
2008,도봉구,377690,86,43.0,1.0,25.0,1.0,26.0,0.0,50.0,1.0,184.0,10.0,33.0,55.0,2.0,103.0,0.0,107.0,0.0
2009,도봉구,374342,82,99.0,1.0,13.0,1.0,26.0,3.0,21.0,1.0,142.0,4.0,35.0,55.0,1.0,119.0,1.0,125.0,0.0
2010,도봉구,369781,81,108.0,2.0,16.0,0.0,20.0,2.0,47.0,0.0,114.0,1.0,33.0,67.0,1.0,104.0,2.0,105.0,0.0
2011,도봉구,369162,77,101.0,1.0,22.0,0.0,22.0,0.0,25.0,1.0,132.0,5.0,30.0,44.0,0.0,102.0,1.0,107.0,0.0
2012,도봉구,365638,81,107.0,3.0,29.0,0.0,16.0,0.0,25.0,3.0,150.0,4.0,29.0,42.0,0.0,130.0,2.0,129.0,0.0
2013,도봉구,362265,77,112.0,2.0,10.0,0.0,24.0,0.0,19.0,0.0,131.0,3.0,23.0,37.0,0.0,123.0,2.0,130.0,0.0
2014,도봉구,357832,76,127.0,5.0,16.0,0.0,17.0,0.0,15.0,0.0,131.0,6.0,13.0,16.0,1.0,140.0,2.0,143.0,0.0
2015,도봉구,354558,76,59.0,1.0,33.0,0.0,21.0,0.0,20.0,1.0,139.0,4.0,23.0,44.0,0.0,126.0,0.0,135.0,0.0
2016,도봉구,351552,79,113.0,2.0,19.0,0.0,12.0,0.0,20.0,3.0,141.0,4.0,23.0,40.0,0.0,143.0,2.0,150.0,0.0
2017,도봉구,347539,78,93.0,1.0,18.0,0.0,15.0,0.0,22.0,1.0,164.0,2.0,23.0,37.0,0.0,137.0,1.0,140.0,0.0
2018,도봉구,343444,68,107.0,3.0,14.0,0.0,9.0,0.0,24.0,0.0,132.0,2.0,14.0,22.0,0.0,102.0,1.0,103.0,0.0
2019,도봉구,338078,71,105.0,2.0,13.0,0.0,19.0,0.0,19.0,0.0,127.0,0.0,12.0,15.0,0.0,118.0,0.0,138.0,0.0
2020,도봉구,330475,61,78.0,1.0,7.0,0.0,13.0,0.0,19.0,1.0,75.0,2.0,12.0,15.0,0.0,96.0,1.0,103.0,0.0
2021,도봉구,321563,49,60.0,1.0,5.0,0.0,14.0,0.0,14.0,0.0,80.0,0.0,12.0,27.0,0.0,91.0,2.0,101.0,575012.0
2022,도봉구,315972,43,60.0,1.0,13.0,0.0,13.0,0.0,9.0,0.0,67.0,1.0,7.0,8.0,0.0,62.0,0.0,65.0,65646193.0
2023,도봉구,310967,44,58.0,1.0,6.0,0.0,5.0,0.0,7.0,1.0,57.0,3.0,9.0,9.0,0.0,73.0,1.0,77.0,67530479.0
2024,도봉구,307470,43,0.0,0.0,0.0,0.0,0.0,0.0,0.0,0.0,0.0,0.0,0.0,0.0,0.0,0.0,0.0,0.0,70682725.0
2025,도봉구,305391,0,0.0,0.0,0.0,0.0,0.0,0.0,0.0,0.0,0.0,0.0,0.0,0.0,0.0,0.0,0.0,0.0,17771559.0
2005,동대문구,0,141,121.0,3.0,17.0,0.0,22.0,2.0,32.0,2.0,226.0,7.0,58.0,75.0,0.0,97.0,3.0,98.0,0.0
2006,동대문구,0,145,137.0,3.0,19.0,0.0,19.0,1.0,35.0,2.0,241.0,6.0,70.0,105.0,0.0,108.0,3.0,108.0,0.0
2007,동대문구,0,146,156.0,2.0,11.0,0.0,32.0,1.0,19.0,0.0,243.0,8.0,72.0,122.0,0.0,112.0,3.0,120.0,0.0
2008,동대문구,384516,139,123.0,6.0,9.0,1.0,25.0,0.0,30.0,2.0,251.0,16.0,52.0,83.0,0.0,139.0,3.0,146.0,0.0
2009,동대문구,378336,165,155.0,5.0,19.0,1.0,42.0,0.0,42.0,2.0,264.0,12.0,62.0,95.0,0.0,218.0,2.0,223.0,0.0
2010,동대문구,374993,152,200.0,4.0,15.0,0.0,32.0,0.0,41.0,0.0,207.0,13.0,43.0,76.0,1.0,168.0,2.0,171.0,0.0
2011,동대문구,379792,148,200.0,1.0,11.0,0.0,24.0,0.0,65.0,2.0,190.0,3.0,45.0,69.0,0.0,168.0,0.0,174.0,0.0
2012,동대문구,377501,156,249.0,6.0,15.0,0.0,20.0,0.0,32.0,1.0,210.0,3.0,56.0,90.0,0.0,189.0,4.0,193.0,0.0
2013,동대문구,376489,164,319.0,4.0,12.0,0.0,16.0,0.0,23.0,1.0,173.0,5.0,44.0,61.0,2.0,232.0,2.0,238.0,0.0
2014,동대문구,375481,154,320.0,5.0,11.0,1.0,12.0,0.0,13.0,1.0,154.0,9.0,45.0,71.0,1.0,252.0,1.0,270.0,0.0
2015,동대문구,375057,173,310.0,3.0,22.0,0.0,19.0,0.0,26.0,0.0,217.0,5.0,45.0,68.0,0.0,277.0,1.0,286.0,0.0
2016,동대문구,371859,170,196.0,0.0,41.0,1.0,13.0,0.0,32.0,0.0,315.0,7.0,34.0,48.0,0.0,252.0,3.0,263.0,0.0
2017,동대문구,367831,143,198.0,7.0,35.0,0.0,23.0,1.0,34.0,1.0,226.0,5.0,40.0,53.0,0.0,208.0,2.0,214.0,0.0
2018,동대문구,364982,141,256.0,5.0,24.0,0.0,20.0,0.0,44.0,0.0,156.0,4.0,33.0,45.0,0.0,204.0,3.0,215.0,0.0
2019,동대문구,363291,130,213.0,2.0,14.0,0.0,23.0,0.0,45.0,1.0,143.0,3.0,29.0,39.0,0.0,185.0,2.0,198.0,0.0
2020,동대문구,359716,120,143.0,2.0,10.0,0.0,23.0,0.0,33.0,0.0,153.0,1.0,29.0,39.0,0.0,209.0,0.0,227.0,0.0
2021,동대문구,352115,115,153.0,2.0,7.0,0.0,26.0,0.0,30.0,2.0,86.0,7.0,24.0,31.0,0.0,189.0,4.0,193.0,823467.0
2022,동대문구,353029,127,193.0,0.0,14.0,0.0,32.0,1.0,52.0,1.0,130.0,0.0,18.0,21.0,0.0,197.0,1.0,206.0,97840816.0
2023,동대문구,357384,139,172.0,1.0,12.0,0.0,43.0,0.0,55.0,1.0,107.0,3.0,23.0,34.0,2.0,221.0,1.0,240.0,104373061.0
2024,동대문구,359524,126,0.0,0.0,0.0,0.0,0.0,0.0,0.0,0.0,0.0,0.0,0.0,0.0,0.0,0.0,0.0,0.0,106320592.0
2025,동대문구,361950,0,0.0,0.0,0.0,0.0,0.0,0.0,0.0,0.0,0.0,0.0,0.0,0.0,0.0,0.0,0.0,0.0,25967228.0
2005,동작구,0,99,100.0,1.0,24.0,1.0,18.0,0.0,42.0,0.0,139.0,3.0,32.0,47.0,1.0,20.0,0.0,20.0,0.0
2006,동작구,0,87,62.0,1.0,40.0,3.0,26.0,0.0,48.0,4.0,95.0,4.0,48.0,62.0,2.0,29.0,0.0,30.0,0.0
2007,동작구,0,90,79.0,1.0,30.0,0.0,14.0,0.0,36.0,2.0,111.0,6.0,49.0,84.0,0.0,31.0,0.0,32.0,0.0
2008,동작구,413675,80,43.0,0.0,29.0,0.0,27.0,0.0,45.0,1.0,123.0,4.0,38.0,61.0,0.0,42.0,1.0,43.0,0.0
2009,동작구,410426,102,111.0,0.0,34.0,0.0,19.0,0.0,41.0,0.0,136.0,7.0,42.0,73.0,0.0,68.0,0.0,71.0,0.0
2010,동작구,409653,94,129.0,1.0,20.0,0.0,16.0,0.0,29.0,0.0,117.0,5.0,44.0,68.0,0.0,60.0,0.0,63.0,0.0
2011,동작구,414252,99,208.0,2.0,16.0,0.0,20.0,0.0,24.0,1.0,111.0,5.0,69.0,88.0,1.0,67.0,0.0,69.0,0.0
2012,동작구,414560,104,196.0,5.0,11.0,0.0,15.0,0.0,15.0,0.0,125.0,2.0,59.0,84.0,1.0,78.0,0.0,83.0,0.0
2013,동작구,420739,102,179.0,5.0,25.0,0.0,24.0,0.0,12.0,0.0,123.0,4.0,33.0,62.0,0.0,108.0,1.0,121.0,0.0
2014,동작구,421197,116,241.0,4.0,22.0,0.0,15.0,0.0,18.0,0.0,128.0,4.0,37.0,55.0,1.0,152.0,2.0,170.0,0.0
2015,동작구,416588,115,91.0,0.0,73.0,0.0,28.0,0.0,51.0,1.0,172.0,0.0,36.0,55.0,0.0,160.0,0.0,177.0,0.0
2016,동작구,413689,122,145.0,1.0,84.0,0.0,17.0,0.0,20.0,1.0,204.0,6.0,21.0,28.0,0.0,123.0,2.0,146.0,0.0
2017,동작구,410733,117,160.0,2.0,39.0,0.0,25.0,1.0,35.0,2.0,143.0,6.0,26.0,47.0,0.0,112.0,1.0,134.0,0.0
2018,동작구,407825,117,141.0,3.0,38.0,0.0,20.0,0.0,57.0,2.0,169.0,4.0,18.0,31.0,1.0,114.0,0.0,126.0,0.0
2019,동작구,410857,117,149.0,1.0,30.0,0.0,28.0,0.0,77.0,0.0,139.0,2.0,18.0,44.0,0.0,95.0,0.0,115.0,0.0
2020,동작구,405191,108,138.0,2.0,24.0,1.0,24.0,0.0,27.0,0.0,104.0,3.0,18.0,44.0,0.0,126.0,0.0,150.0,0.0
2021,동작구,396480,95,158.0,4.0,9.0,0.0,23.0,0.0,21.0,2.0,81.0,2.0,26.0,39.0,0.0,89.0,1.0,101.0,971233.0
2022,동작구,393184,101,171.0,0.0,19.0,0.0,23.0,0.0,28.0,4.0,68.0,1.0,17.0,27.0,0.0,93.0,0.0,104.0,113578826.0
2023,동작구,390418,103,162.0,2.0,10.0,0.0,31.0,0.0,43.0,0.0,93.0,3.0,18.0,25.0,0.0,82.0,0.0,90.0,117226430.0
2024,동작구,388565,102,0.0,0.0,0.0,0.0,0.0,0.0,0.0,0.0,0.0,0.0,0.0,0.0,0.0,0.0,0.0,0.0,121281195.0
2025,동작구,386897,0,0.0,0.0,0.0,0.0,0.0,0.0,0.0,0.0,0.0,0.0,0.0,0.0,0.0,0.0,0.0,0.0,30701581.0
2005,마포구,0,129,117.0,3.0,15.0,0.0,45.0,0.0,37.0,0.0,127.0,9.0,106.0,151.0,1.0,49.0,1.0,49.0,0.0
2006,마포구,0,132,37.0,1.0,30.0,0.0,37.0,1.0,91.0,1.0,146.0,6.0,113.0,195.0,0.0,74.0,2.0,74.0,0.0
2007,마포구,0,119,13.0,0.0,35.0,1.0,26.0,1.0,116.0,0.0,136.0,6.0,84.0,136.0,0.0,59.0,1.0,59.0,0.0
2008,마포구,397842,139,64.0,1.0,66.0,0.0,39.0,0.0,50.0,0.0,169.0,6.0,55.0,93.0,0.0,115.0,0.0,119.0,0.0
2009,마포구,393586,138,145.0,1.0,39.0,0.0,23.0,0.0,49.0,3.0,172.0,6.0,57.0,110.0,0.0,99.0,4.0,102.0,0.0
2010,마포구,394312,143,169.0,5.0,11.0,0.0,23.0,0.0,38.0,2.0,191.0,4.0,81.0,146.0,3.0,117.0,0.0,122.0,0.0
2011,마포구,400863,135,159.0,3.0,19.0,0.0,21.0,0.0,47.0,2.0,161.0,8.0,67.0,128.0,1.0,106.0,1.0,114.0,0.0
2012,마포구,395821,130,191.0,10.0,11.0,0.0,22.0,0.0,28.0,2.0,141.0,0.0,74.0,111.0,1.0,159.0,3.0,166.0,0.0
2013,마포구,392671,145,224.0,6.0,23.0,0.0,20.0,0.0,36.0,1.0,151.0,7.0,83.0,120.0,1.0,160.0,0.0,183.0,0.0
2014,마포구,391952,146,271.0,4.0,16.0,0.0,31.0,0.0,36.0,0.0,117.0,8.0,87.0,133.0,1.0,149.0,3.0,156.0,0.0
2015,마포구,399490,150,212.0,4.0,37.0,0.0,25.0,0.0,54.0,1.0,168.0,3.0,65.0,111.0,1.0,213.0,1.0,219.0,0.0
2016,마포구,394478,147,147.0,1.0,30.0,0.0,19.0,0.0,94.0,4.0,166.0,3.0,56.0,79.0,0.0,149.0,0.0,160.0,0.0
2017,마포구,387945,154,229.0,0.0,21.0,0.0,30.0,0.0,63.0,2.0,149.0,5.0,53.0,80.0,1.0,113.0,0.0,119.0,0.0
2018,마포구,385630,139,178.0,1.0,22.0,0.0,21.0,0.0,50.0,0.0,145.0,3.0,42.0,61.0,0.0,91.0,1.0,95.0,0.0
2019,마포구,386021,124,200.0,1.0,7.0,0.0,20.0,0.0,33.0,1.0,115.0,2.0,31.0,51.0,0.0,106.0,0.0,114.0,0.0
2020,마포구,384098,106,157.0,0.0,5.0,1.0,15.0,1.0,26.0,2.0,91.0,5.0,31.0,51.0,0.0,115.0,1.0,130.0,0.0
2021,마포구,379102,91,102.0,3.0,12.0,0.0,21.0,0.0,28.0,1.0,69.0,2.0,33.0,38.0,1.0,107.0,1.0,130.0,1292326.0
2022,마포구,377141,88,113.0,1.0,13.0,0.0,23.0,0.0,27.0,1.0,73.0,5.0,45.0,67.0,0.0,105.0,1.0,119.0,155648323.0
2023,마포구,375907,104,130.0,2.0,14.0,0.0,34.0,0.0,27.0,1.0,74.0,2.0,74.0,105.0,0.0,84.0,2.0,88.0,170206303.0
2024,마포구,373890,100,0.0,0.0,0.0,0.0,0.0,0.0,0.0,0.0,0.0,0.0,0.0,0.0,0.0,0.0,0.0,0.0,179228185.0
2025,마포구,371852,0,0.0,0.0,0.0,0.0,0.0,0.0,0.0,0.0,0.0,0.0,0.0,0.0,0.0,0.0,0.0,0.0,44892263.0
2005,서대문구,0,87,88.0,3.0,14.0,0.0,22.0,0.0,35.0,0.0,121.0,9.0,49.0,67.0,0.0,22.0,1.0,22.0,0.0
2006,서대문구,0,77,31.0,0.0,38.0,1.0,21.0,0.0,58.0,0.0,134.0,5.0,31.0,52.0,0.0,16.0,0.0,16.0,0.0
2007,서대문구,0,85,8.0,0.0,66.0,1.0,9.0,0.0,70.0,3.0,147.0,6.0,40.0,55.0,0.0,25.0,0.0,25.0,0.0
2008,서대문구,348362,90,54.0,1.0,38.0,0.0,25.0,0.0,68.0,3.0,145.0,6.0,36.0,64.0,1.0,33.0,1.0,33.0,0.0
2009,서대문구,337699,102,103.0,4.0,30.0,0.0,20.0,0.0,46.0,2.0,153.0,8.0,40.0,72.0,3.0,48.0,1.0,49.0,0.0
2010,서대문구,334163,95,114.0,1.0,24.0,0.0,29.0,2.0,31.0,0.0,157.0,7.0,37.0,53.0,1.0,45.0,2.0,44.0,0.0
2011,서대문구,328001,88,130.0,3.0,17.0,0.0,24.0,0.0,27.0,4.0,153.0,4.0,33.0,52.0,0.0,33.0,0.0,34.0,0.0
2012,서대문구,322503,86,132.0,3.0,17.0,0.0,25.0,0.0,21.0,0.0,124.0,1.0,40.0,62.0,0.0,37.0,0.0,38.0,0.0
2013,서대문구,325401,90,130.0,4.0,8.0,0.0,35.0,0.0,36.0,1.0,126.0,5.0,30.0,51.0,0.0,52.0,0.0,55.0,0.0
2014,서대문구,322987,93,151.0,1.0,16.0,0.0,18.0,0.0,32.0,3.0,151.0,5.0,29.0,39.0,0.0,64.0,1.0,67.0,0.0
2015,서대문구,319808,89,207.0,1.0,18.0,1.0,16.0,1.0,28.0,1.0,104.0,3.0,32.0,48.0,0.0,72.0,0.0,75.0,0.0
2016,서대문구,326522,94,128.0,2.0,8.0,1.0,12.0,0.0,68.0,2.0,104.0,6.0,29.0,40.0,1.0,65.0,2.0,69.0,0.0
2017,서대문구,326270,86,98.0,1.0,25.0,0.0,25.0,0.0,35.0,0.0,141.0,4.0,20.0,31.0,0.0,60.0,0.0,63.0,0.0
2018,서대문구,323427,86,107.0,0.0,17.0,0.0,18.0,0.0,46.0,1.0,153.0,3.0,15.0,32.0,0.0,55.0,0.0,64.0,0.0
2019,서대문구,324042,92,121.0,2.0,10.0,0.0,21.0,0.0,38.0,2.0,134.0,4.0,20.0,24.0,1.0,69.0,1.0,73.0,0.0
2020,서대문구,324227,77,81.0,4.0,10.0,0.0,16.0,0.0,24.0,1.0,133.0,3.0,20.0,24.0,1.0,62.0,1.0,65.0,0.0
2021,서대문구,317146,77,70.0,0.0,6.0,0.0,17.0,0.0,36.0,0.0,99.0,3.0,25.0,41.0,0.0,60.0,0.0,60.0,840809.0
2022,서대문구,317825,81,93.0,1.0,11.0,0.0,20.0,1.0,35.0,0.0,96.0,1.0,26.0,38.0,0.0,69.0,0.0,72.0,100581070.0
2023,서대문구,321425,76,71.0,1.0,18.0,0.0,19.0,0.0,17.0,0.0,102.0,0.0,22.0,29.0,0.0,43.0,0.0,46.0,107958673.0
2024,서대문구,319689,68,0.0,0.0,0.0,0.0,0.0,0.0,0.0,0.0,0.0,0.0,0.0,0.0,0.0,0.0,0.0,0.0,107540691.0
2025,서대문구,318085,0,0.0,0.0,0.0,0.0,0.0,0.0,0.0,0.0,0.0,0.0,0.0,0.0,0.0,0.0,0.0,0.0,25709361.0
2005,서초구,0,130,92.0,2.0,5.0,0.0,26.0,0.0,39.0,4.0,113.0,3.0,109.0,188.0,0.0,26.0,0.0,30.0,0.0
2006,서초구,0,135,96.0,2.0,18.0,0.0,24.0,0.0,33.0,1.0,115.0,5.0,97.0,164.0,0.0,24.0,0.0,25.0,0.0
2007,서초구,0,148,81.0,1.0,31.0,0.0,37.0,2.0,58.0,1.0,124.0,5.0,89.0,138.0,0.0,31.0,0.0,32.0,0.0
2008,서초구,412307,165,105.0,2.0,25.0,0.0,34.0,0.0,89.0,1.0,116.0,3.0,103.0,152.0,1.0,56.0,0.0,57.0,0.0
2009,서초구,425026,185,160.0,2.0,13.0,0.0,27.0,1.0,77.0,0.0,157.0,8.0,124.0,180.0,1.0,46.0,1.0,49.0,0.0
2010,서초구,434951,179,175.0,4.0,24.0,1.0,58.0,1.0,46.0,1.0,166.0,8.0,103.0,172.0,1.0,75.0,0.0,82.0,0.0
2011,서초구,439074,170,226.0,3.0,18.0,0.0,41.0,0.0,35.0,1.0,162.0,4.0,115.0,178.0,0.0,73.0,0.0,78.0,0.0
2012,서초구,441002,174,270.0,7.0,18.0,0.0,39.0,0.0,30.0,1.0,173.0,5.0,98.0,155.0,0.0,91.0,0.0,98.0,0.0
2013,서초구,444027,171,304.0,2.0,16.0,0.0,30.0,2.0,28.0,0.0,129.0,4.0,87.0,138.0,0.0,81.0,0.0,85.0,0.0
2014,서초구,450996,184,301.0,2.0,20.0,0.0,46.0,0.0,22.0,0.0,178.0,3.0,119.0,176.0,0.0,128.0,1.0,135.0,0.0
2015,서초구,452251,180,157.0,3.0,59.0,0.0,53.0,2.0,27.0,2.0,205.0,4.0,69.0,113.0,1.0,120.0,0.0,131.0,0.0
2016,서초구,450618,192,197.0,4.0,46.0,0.0,42.0,1.0,74.0,1.0,109.0,3.0,61.0,87.0,1.0,112.0,0.0,114.0,0.0
2017,서초구,447706,196,207.0,1.0,39.0,0.0,35.0,0.0,59.0,3.0,221.0,9.0,61.0,95.0,1.0,63.0,0.0,64.0,0.0
2018,서초구,442213,206,226.0,3.0,28.0,0.0,40.0,0.0,62.0,0.0,181.0,6.0,73.0,105.0,0.0,78.0,0.0,80.0,0.0
2019,서초구,435750,201,219.0,6.0,22.0,0.0,33.0,1.0,42.0,1.0,153.0,2.0,58.0,124.0,1.0,80.0,0.0,87.0,0.0
2020,서초구,431720,187,188.0,2.0,19.0,0.0,40.0,1.0,47.0,1.0,119.0,2.0,58.0,124.0,1.0,119.0,1.0,126.0,0.0
2021,서초구,420872,176,186.0,6.0,14.0,0.0,45.0,0.0,40.0,0.0,101.0,1.0,77.0,96.0,0.0,101.0,0.0,112.0,1658704.0
2022,서초구,410667,188,201.0,1.0,28.0,0.0,30.0,0.0,63.0,1.0,123.0,2.0,78.0,114.0,1.0,86.0,1.0,95.0,194508282.0
2023,서초구,410144,180,146.0,1.0,34.0,0.0,44.0,0.0,51.0,1.0,105.0,1.0,137.0,194.0,0.0,81.0,0.0,87.0,204270647.0
2024,서초구,412480,168,0.0,0.0,0.0,0.0,0.0,0.0,0.0,0.0,0.0,0.0,0.0,0.0,0.0,0.0,0.0,0.0,212984352.0
2025,서초구,412715,0,0.0,0.0,0.0,0.0,0.0,0.0,0.0,0.0,0.0,0.0,0.0,0.0,0.0,0.0,0.0,0.0,54051330.0
2005,성동구,0,95,109.0,3.0,9.0,0.0,10.0,0.0,23.0,0.0,104.0,2.0,61.0,83.0,1.0,62.0,2.0,70.0,0.0
2006,성동구,0,87,41.0,2.0,12.0,0.0,24.0,0.0,36.0,1.0,124.0,3.0,43.0,73.0,1.0,59.0,0.0,60.0,0.0
2007,성동구,0,98,26.0,1.0,10.0,0.0,22.0,0.0,30.0,0.0,149.0,9.0,29.0,39.0,0.0,80.0,0.0,81.0,0.0
2008,성동구,332572,95,71.0,4.0,7.0,0.0,17.0,1.0,33.0,1.0,123.0,1.0,24.0,34.0,1.0,103.0,2.0,106.0,0.0
2009,성동구,318155,105,109.0,2.0,13.0,0.0,19.0,0.0,26.0,0.0,112.0,1.0,37.0,65.0,2.0,118.0,2.0,123.0,0.0
2010,성동구,315419,91,114.0,2.0,6.0,0.0,11.0,0.0,18.0,1.0,86.0,2.0,19.0,32.0,0.0,114.0,3.0,112.0,0.0
2011,성동구,312149,96,140.0,3.0,7.0,0.0,7.0,0.0,14.0,1.0,98.0,3.0,37.0,55.0,0.0,131.0,2.0,133.0,0.0
2012,성동구,307531,82,130.0,1.0,2.0,0.0,14.0,0.0,15.0,0.0,62.0,3.0,23.0,35.0,0.0,112.0,0.0,130.0,0.0
2013,성동구,308200,91,163.0,3.0,12.0,0.0,6.0,0.0,3.0,0.0,82.0,2.0,25.0,29.0,0.0,137.0,0.0,152.0,0.0
2014,성동구,305733,99,189.0,3.0,4.0,0.0,20.0,0.0,7.0,0.0,103.0,1.0,26.0,41.0,0.0,177.0,1.0,192.0,0.0
2015,성동구,305298,102,155.0,0.0,15.0,0.0,17.0,0.0,10.0,0.0,134.0,3.0,29.0,56.0,0.0,203.0,1.0,233.0,0.0
2016,성동구,305689,91,113.0,3.0,19.0,1.0,18.0,1.0,16.0,0.0,117.0,4.0,15.0,29.0,0.0,147.0,1.0,160.0,0.0
2017,성동구,312179,89,84.0,1.0,22.0,0.0,12.0,0.0,13.0,0.0,118.0,2.0,7.0,14.0,0.0,119.0,3.0,125.0,0.0
2018,성동구,316069,95,126.0,1.0,20.0,0.0,16.0,0.0,12.0,0.0,103.0,4.0,24.0,44.0,0.0,116.0,2.0,123.0,0.0
2019,성동구,311967,90,79.0,2.0,30.0,0.0,15.0,1.0,23.0,1.0,79.0,4.0,11.0,21.0,0.0,133.0,1.0,141.0,0.0
2020,성동구,303811,93,78.0,0.0,24.0,0.0,34.0,1.0,28.0,0.0,84.0,4.0,11.0,21.0,0.0,167.0,1.0,187.0,0.0
2021,성동구,295250,88,119.0,3.0,22.0,0.0,18.0,0.0,14.0,0.0,71.0,2.0,18.0,21.0,0.0,169.0,0.0,188.0,847129.0
2022,성동구,289862,79,68.0,2.0,16.0,0.0,19.0,0.0,28.0,0.0,82.0,1.0,19.0,35.0,0.0,144.0,1.0,153.0,97791242.0
2023,성동구,286028,76,90.0,2.0,23.0,0.0,15.0,0.0,24.0,0.0,73.0,1.0,8.0,16.0,0.0,94.0,1.0,106.0,104509364.0
2024,성동구,282946,76,0.0,0.0,0.0,0.0,0.0,0.0,0.0,0.0,0.0,0.0,0.0,0.0,0.0,0.0,0.0,0.0,110387801.0
2025,성동구,281062,0,0.0,0.0,0.0,0.0,0.0,0.0,0.0,0.0,0.0,0.0,0.0,0.0,0.0,0.0,0.0,0.0,28027197.0
2005,성북구,0,129,143.0,1.0,19.0,0.0,28.0,0.0,35.0,2.0,227.0,8.0,45.0,71.0,2.0,56.0,2.0,56.0,0.0
2006,성북구,0,130,44.0,2.0,59.0,1.0,43.0,0.0,47.0,1.0,254.0,11.0,61.0,88.0,2.0,41.0,0.0,41.0,0.0
2007,성북구,0,115,87.0,0.0,39.0,1.0,29.0,0.0,47.0,0.0,232.0,5.0,60.0,95.0,0.0,57.0,1.0,59.0,0.0
2008,성북구,480359,148,69.0,3.0,44.0,0.0,39.0,0.0,55.0,3.0,275.0,7.0,56.0,87.0,2.0,82.0,0.0,86.0,0.0
2009,성북구,484018,158,161.0,0.0,33.0,0.0,48.0,0.0,64.0,2.0,222.0,6.0,68.0,96.0,0.0,111.0,1.0,117.0,0.0
2010,성북구,488157,134,186.0,1.0,31.0,0.0,35.0,0.0,73.0,1.0,194.0,6.0,42.0,85.0,0.0,98.0,0.0,100.0,0.0
2011,성북구,496747,130,172.0,4.0,33.0,0.0,39.0,0.0,30.0,0.0,214.0,10.0,48.0,77.0,2.0,90.0,0.0,97.0,0.0
2012,성북구,492453,131,156.0,1.0,25.0,0.0,21.0,0.0,27.0,1.0,259.0,6.0,39.0,73.0,0.0,112.0,1.0,117.0,0.0
2013,성북구,488456,128,116.0,0.0,29.0,1.0,23.0,1.0,37.0,2.0,257.0,4.0,43.0,59.0,1.0,83.0,0.0,87.0,0.0
2014,성북구,480663,138,143.0,4.0,31.0,0.0,29.0,1.0,46.0,1.0,242.0,3.0,29.0,37.0,0.0,122.0,1.0,131.0,0.0
2015,성북구,472852,140,109.0,1.0,58.0,1.0,22.0,0.0,45.0,2.0,279.0,5.0,35.0,47.0,0.0,125.0,2.0,131.0,0.0
2016,성북구,465490,134,101.0,2.0,52.0,0.0,12.0,0.0,64.0,0.0,277.0,4.0,25.0,40.0,0.0,96.0,0.0,96.0,0.0
2017,성북구,458551,129,85.0,3.0,31.0,0.0,25.0,0.0,43.0,1.0,227.0,7.0,29.0,45.0,1.0,105.0,1.0,109.0,0.0
2018,성북구,450748,118,108.0,2.0,19.0,0.0,23.0,0.0,42.0,2.0,208.0,5.0,29.0,54.0,1.0,75.0,0.0,75.0,0.0
2019,성북구,452792,125,121.0,1.0,12.0,0.0,20.0,0.0,53.0,1.0,209.0,2.0,15.0,21.0,0.0,95.0,1.0,97.0,0.0
2020,성북구,450937,106,120.0,2.0,13.0,0.0,22.0,0.0,37.0,0.0,112.0,8.0,15.0,21.0,0.0,73.0,0.0,79.0,0.0
2021,성북구,442340,107,133.0,0.0,8.0,0.0,26.0,1.0,33.0,0.0,99.0,3.0,26.0,29.0,0.0,87.0,2.0,92.0,991119.0
2022,성북구,442770,107,128.0,2.0,11.0,0.0,25.0,0.0,40.0,1.0,108.0,2.0,17.0,26.0,0.0,78.0,0.0,78.0,119138898.0
2023,성북구,440294,104,160.0,2.0,12.0,0.0,22.0,1.0,22.0,1.0,92.0,1.0,13.0,18.0,0.0,59.0,1.0,67.0,125105605.0
2024,성북구,436024,107,0.0,0.0,0.0,0.0,0.0,0.0,0.0,0.0,0.0,0.0,0.0,0.0,0.0,0.0,0.0,0.0,128552662.0
2025,성북구,433569,0,0.0,0.0,0.0,0.0,0.0,0.0,0.0,0.0,0.0,0.0,0.0,0.0,0.0,0.0,0.0,0.0,31942792.0
2005,송파구,0,209,232.0,2.0,30.0,0.0,38.0,0.0,104.0,0.0,204.0,10.0,115.0,159.0,2.0,131.0,0.0,136.0,0.0
2006,송파구,0,207,198.0,4.0,46.0,0.0,48.0,0.0,79.0,1.0,202.0,7.0,80.0,118.0,2.0,131.0,2.0,132.0,0.0
2007,송파구,0,207,101.0,1.0,78.0,0.0,52.0,0.0,142.0,1.0,213.0,1.0,67.0,91.0,1.0,195.0,3.0,198.0,0.0
2008,송파구,650910,218,146.0,1.0,71.0,0.0,59.0,1.0,154.0,1.0,236.0,8.0,76.0,130.0,0.0,217.0,6.0,221.0,0.0
2009,송파구,689526,228,214.0,2.0,69.0,1.0,54.0,1.0,117.0,1.0,226.0,5.0,83.0,137.0,0.0,275.0,1.0,287.0,0.0
2010,송파구,689915,214,236.0,3.0,48.0,0.0,34.0,0.0,99.0,0.0,221.0,2.0,85.0,140.0,0.0,273.0,3.0,288.0,0.0
2011,송파구,691986,212,292.0,7.0,40.0,0.0,33.0,1.0,71.0,3.0,169.0,9.0,74.0,106.0,3.0,289.0,1.0,297.0,0.0
2012,송파구,686513,237,367.0,2.0,38.0,0.0,33.0,0.0,49.0,0.0,181.0,4.0,119.0,186.0,0.0,363.0,3.0,377.0,0.0
2013,송파구,674845,206,323.0,2.0,24.0,0.0,21.0,1.0,51.0,1.0,165.0,5.0,81.0,115.0,1.0,414.0,4.0,452.0,0.0
2014,송파구,675796,217,321.0,3.0,51.0,0.0,45.0,0.0,59.0,2.0,155.0,3.0,58.0,93.0,1.0,470.0,5.0,500.0,0.0
2015,송파구,670581,223,192.0,1.0,81.0,0.0,47.0,0.0,79.0,1.0,224.0,7.0,41.0,83.0,0.0,476.0,1.0,535.0,0.0
2016,송파구,663467,216,160.0,3.0,63.0,0.0,31.0,0.0,40.0,0.0,346.0,5.0,47.0,65.0,1.0,417.0,0.0,468.0,0.0
2017,송파구,668730,229,234.0,5.0,62.0,0.0,29.0,0.0,25.0,0.0,287.0,9.0,34.0,60.0,3.0,401.0,2.0,444.0,0.0
2018,송파구,673061,238,269.0,7.0,47.0,2.0,27.0,0.0,66.0,1.0,253.0,5.0,36.0,53.0,1.0,343.0,1.0,372.0,0.0
2019,송파구,684655,241,276.0,2.0,26.0,0.0,34.0,0.0,65.0,2.0,208.0,1.0,30.0,47.0,0.0,434.0,0.0,486.0,0.0
2020,송파구,677387,216,226.0,2.0,38.0,0.0,42.0,0.0,46.0,0.0,67.0,1.0,30.0,47.0,0.0,418.0,2.0,475.0,0.0
2021,송파구,665104,217,217.0,1.0,37.0,1.0,53.0,0.0,50.0,0.0,132.0,1.0,37.0,57.0,0.0,389.0,5.0,425.0,1449615.0
2022,송파구,666815,215,217.0,1.0,30.0,0.0,61.0,0.0,58.0,0.0,168.0,2.0,29.0,41.0,0.0,364.0,1.0,408.0,171041919.0
2023,송파구,662029,217,226.0,4.0,46.0,0.0,62.0,0.0,81.0,0.0,129.0,2.0,34.0,53.0,1.0,359.0,1.0,407.0,183549122.0
2024,송파구,658182,208,0.0,0.0,0.0,0.0,0.0,0.0,0.0,0.0,0.0,0.0,0.0,0.0,0.0,0.0,0.0,0.0,192214150.0
2025,송파구,654127,0,0.0,0.0,0.0,0.0,0.0,0.0,0.0,0.0,0.0,0.0,0.0,0.0,0.0,0.0,0.0,0.0,48841839.0
2005,양천구,0,108,123.0,2.0,13.0,0.0,26.0,0.0,50.0,1.0,131.0,1.0,112.0,154.0,0.0,81.0,2.0,81.0,0.0
2006,양천구,0,106,10.0,1.0,30.0,0.0,29.0,1.0,57.0,3.0,166.0,4.0,78.0,110.0,0.0,84.0,1.0,87.0,0.0
2007,양천구,0,98,35.0,0.0,37.0,1.0,26.0,1.0,54.0,2.0,192.0,4.0,56.0,93.0,2.0,67.0,0.0,70.0,0.0
2008,양천구,508119,127,59.0,1.0,50.0,1.0,56.0,1.0,68.0,0.0,207.0,8.0,54.0,94.0,0.0,141.0,3.0,156.0,0.0
2009,양천구,507901,144,121.0,0.0,37.0,0.0,32.0,0.0,39.0,3.0,172.0,2.0,45.0,77.0,0.0,181.0,2.0,188.0,0.0
2010,양천구,503734,121,115.0,3.0,24.0,0.0,39.0,1.0,34.0,0.0,149.0,2.0,36.0,62.0,1.0,155.0,0.0,163.0,0.0
2011,양천구,504636,120,118.0,0.0,26.0,1.0,29.0,1.0,44.0,0.0,152.0,3.0,32.0,44.0,1.0,180.0,1.0,192.0,0.0
2012,양천구,502462,118,145.0,0.0,24.0,0.0,20.0,0.0,38.0,2.0,173.0,6.0,38.0,65.0,0.0,167.0,2.0,169.0,0.0
2013,양천구,498458,111,186.0,2.0,17.0,0.0,27.0,0.0,36.0,0.0,138.0,2.0,22.0,38.0,1.0,174.0,5.0,178.0,0.0
2014,양천구,493228,122,223.0,0.0,6.0,0.0,30.0,0.0,12.0,1.0,139.0,6.0,27.0,58.0,0.0,232.0,2.0,239.0,0.0
2015,양천구,489954,133,209.0,1.0,31.0,0.0,28.0,0.0,25.0,0.0,190.0,4.0,43.0,59.0,0.0,195.0,3.0,201.0,0.0
2016,양천구,485244,124,146.0,0.0,46.0,0.0,17.0,0.0,52.0,2.0,152.0,4.0,27.0,42.0,0.0,199.0,3.0,212.0,0.0
2017,양천구,477435,111,135.0,4.0,18.0,0.0,11.0,0.0,63.0,2.0,151.0,2.0,11.0,24.0,0.0,146.0,1.0,148.0,0.0
2018,양천구,470550,119,183.0,1.0,19.0,0.0,14.0,0.0,26.0,1.0,141.0,3.0,16.0,26.0,1.0,121.0,0.0,132.0,0.0
2019,양천구,464483,125,198.0,2.0,20.0,0.0,24.0,0.0,13.0,2.0,131.0,3.0,20.0,38.0,0.0,145.0,1.0,146.0,0.0
2020,양천구,460098,112,147.0,0.0,7.0,0.0,15.0,1.0,18.0,0.0,103.0,3.0,20.0,38.0,0.0,144.0,1.0,169.0,0.0
2021,양천구,453262,108,142.0,3.0,9.0,0.0,32.0,0.0,20.0,0.0,93.0,4.0,19.0,22.0,1.0,127.0,3.0,131.0,735244.0
2022,양천구,446599,97,150.0,3.0,8.0,0.0,14.0,0.0,12.0,1.0,75.0,3.0,29.0,45.0,0.0,111.0,1.0,115.0,82849173.0
2023,양천구,440926,101,128.0,2.0,12.0,0.0,28.0,0.0,30.0,0.0,93.0,0.0,30.0,45.0,1.0,118.0,1.0,131.0,86210895.0
2024,양천구,436146,106,0.0,0.0,0.0,0.0,0.0,0.0,0.0,0.0,0.0,0.0,0.0,0.0,0.0,0.0,0.0,0.0,89322974.0
2025,양천구,432901,0,0.0,0.0,0.0,0.0,0.0,0.0,0.0,0.0,0.0,0.0,0.0,0.0,0.0,0.0,0.0,0.0,22757157.0
2005,영등포구,0,182,144.0,4.0,24.0,0.0,24.0,2.0,58.0,2.0,227.0,12.0,70.0,107.0,1.0,98.0,0.0,102.0,0.0
2006,영등포구,0,180,78.0,2.0,25.0,2.0,44.0,2.0,88.0,1.0,239.0,9.0,108.0,163.0,1.0,119.0,4.0,120.0,0.0
2007,영등포구,0,183,96.0,2.0,31.0,0.0,33.0,1.0,71.0,4.0,256.0,16.0,94.0,159.0,2.0,116.0,2.0,127.0,0.0
2008,영등포구,443634,184,90.0,6.0,42.0,0.0,56.0,0.0,94.0,3.0,206.0,11.0,62.0,101.0,2.0,193.0,1.0,201.0,0.0
2009,영등포구,443922,194,165.0,3.0,33.0,0.0,66.0,0.0,81.0,2.0,212.0,10.0,54.0,91.0,0.0,238.0,4.0,263.0,0.0
2010,영등포구,440830,187,145.0,3.0,31.0,1.0,53.0,2.0,78.0,4.0,225.0,7.0,64.0,115.0,0.0,239.0,6.0,250.0,0.0
2011,영등포구,444650,192,227.0,3.0,15.0,3.0,56.0,1.0,78.0,1.0,225.0,8.0,51.0,92.0,1.0,281.0,0.0,305.0,0.0
2012,영등포구,432096,181,216.0,6.0,26.0,0.0,31.0,1.0,69.0,1.0,233.0,11.0,77.0,130.0,1.0,260.0,1.0,280.0,0.0
2013,영등포구,424079,179,229.0,2.0,31.0,0.0,27.0,1.0,48.0,0.0,248.0,15.0,47.0,86.0,0.0,301.0,4.0,321.0,0.0
2014,영등포구,422194,182,211.0,12.0,18.0,0.0,30.0,0.0,36.0,1.0,238.0,8.0,36.0,55.0,0.0,419.0,1.0,484.0,0.0
2015,영등포구,420370,205,176.0,6.0,52.0,0.0,26.0,1.0,61.0,1.0,254.0,12.0,47.0,69.0,1.0,407.0,4.0,457.0,0.0
2016,영등포구,412411,200,146.0,3.0,58.0,0.0,27.0,0.0,43.0,2.0,278.0,4.0,44.0,70.0,0.0,345.0,3.0,382.0,0.0
2017,영등포구,402471,198,169.0,2.0,40.0,1.0,17.0,0.0,89.0,2.0,253.0,8.0,35.0,64.0,1.0,257.0,2.0,278.0,0.0
2018,영등포구,403953,207,217.0,4.0,49.0,0.0,43.0,1.0,52.0,0.0,218.0,7.0,39.0,52.0,1.0,280.0,5.0,297.0,0.0
2019,영등포구,403062,203,230.0,4.0,22.0,0.0,49.0,0.0,52.0,0.0,222.0,2.0,27.0,36.0,0.0,319.0,1.0,374.0,0.0
2020,영등포구,405817,184,187.0,0.0,15.0,0.0,29.0,0.0,16.0,0.0,109.0,1.0,27.0,36.0,0.0,350.0,1.0,400.0,0.0
2021,영등포구,402041,181,154.0,2.0,17.0,1.0,22.0,0.0,25.0,0.0,120.0,6.0,44.0,56.0,1.0,338.0,1.0,383.0,1381393.0
2022,영등포구,399246,166,154.0,2.0,33.0,0.0,38.0,0.0,51.0,1.0,114.0,3.0,32.0,42.0,0.0,310.0,2.0,364.0,160125278.0
2023,영등포구,398482,158,149.0,2.0,27.0,0.0,31.0,0.0,60.0,0.0,127.0,1.0,34.0,46.0,0.0,247.0,1.0,278.0,171180808.0
2024,영등포구,397600,162,0.0,0.0,0.0,0.0,0.0,0.0,0.0,0.0,0.0,0.0,0.0,0.0,0.0,0.0,0.0,0.0,177232889.0
2025,영등포구,396834,0,0.0,0.0,0.0,0.0,0.0,0.0,0.0,0.0,0.0,0.0,0.0,0.0,0.0,0.0,0.0,0.0,44124653.0
2005,용산구,0,113,75.0,2.0,17.0,0.0,18.0,0.0,43.0,1.0,87.0,4.0,54.0,90.0,0.0,22.0,0.0,22.0,0.0
2006,용산구,0,110,82.0,0.0,13.0,1.0,14.0,0.0,25.0,1.0,108.0,3.0,38.0,58.0,0.0,31.0,0.0,32.0,0.0
2007,용산구,0,107,67.0,1.0,15.0,0.0,24.0,0.0,31.0,3.0,112.0,3.0,53.0,86.0,0.0,18.0,1.0,18.0,0.0
2008,용산구,250159,102,77.0,1.0,25.0,0.0,22.0,1.0,36.0,1.0,113.0,2.0,45.0,76.0,0.0,23.0,1.0,22.0,0.0
2009,용산구,251639,112,76.0,1.0,19.0,0.0,23.0,1.0,49.0,3.0,130.0,3.0,48.0,74.0,1.0,44.0,0.0,48.0,0.0
2010,용산구,252100,103,86.0,3.0,20.0,0.0,18.0,0.0,36.0,0.0,120.0,4.0,65.0,101.0,1.0,33.0,1.0,34.0,0.0
2011,용산구,259159,97,80.0,0.0,41.0,1.0,24.0,0.0,35.0,2.0,106.0,1.0,53.0,85.0,0.0,52.0,0.0,56.0,0.0
2012,용산구,256869,100,86.0,1.0,26.0,1.0,19.0,1.0,45.0,2.0,98.0,1.0,49.0,82.0,0.0,57.0,0.0,59.0,0.0
2013,용산구,253393,115,144.0,1.0,18.0,0.0,11.0,1.0,36.0,0.0,101.0,2.0,63.0,88.0,1.0,89.0,0.0,109.0,0.0
2014,용산구,250604,112,146.0,1.0,27.0,0.0,9.0,0.0,21.0,0.0,95.0,2.0,25.0,37.0,0.0,107.0,0.0,135.0,0.0
2015,용산구,249072,126,158.0,5.0,35.0,0.0,14.0,0.0,29.0,0.0,118.0,4.0,50.0,81.0,0.0,82.0,1.0,88.0,0.0
2016,용산구,246412,119,121.0,1.0,31.0,0.0,7.0,0.0,3.0,0.0,148.0,7.0,34.0,62.0,0.0,91.0,0.0,105.0,0.0
2017,용산구,243993,111,116.0,3.0,13.0,0.0,17.0,0.0,19.0,2.0,135.0,3.0,22.0,31.0,0.0,79.0,0.0,90.0,0.0
2018,용산구,245208,110,137.0,1.0,12.0,0.0,7.0,2.0,25.0,1.0,124.0,4.0,41.0,57.0,1.0,56.0,1.0,69.0,0.0
2019,용산구,245095,98,119.0,1.0,33.0,0.0,5.0,1.0,15.0,1.0,100.0,3.0,33.0,64.0,0.0,53.0,0.0,56.0,0.0
2020,용산구,245281,74,73.0,2.0,5.0,0.0,13.0,0.0,11.0,1.0,56.0,3.0,33.0,64.0,0.0,43.0,0.0,49.0,0.0
2021,용산구,239896,84,91.0,0.0,13.0,0.0,13.0,0.0,10.0,1.0,52.0,1.0,36.0,48.0,0.0,99.0,1.0,114.0,711197.0
2022,용산구,235042,84,119.0,4.0,8.0,0.0,15.0,0.0,15.0,0.0,75.0,3.0,45.0,57.0,1.0,67.0,0.0,72.0,89569077.0
2023,용산구,230587,83,125.0,0.0,8.0,0.0,14.0,0.0,9.0,1.0,62.0,1.0,50.0,80.0,1.0,62.0,1.0,66.0,97412363.0
2024,용산구,219612,72,0.0,0.0,0.0,0.0,0.0,0.0,0.0,0.0,0.0,0.0,0.0,0.0,0.0,0.0,0.0,0.0,102896730.0
2025,용산구,216537,0,0.0,0.0,0.0,0.0,0.0,0.0,0.0,0.0,0.0,0.0,0.0,0.0,0.0,0.0,0.0,0.0,26247445.0
2005,은평구,0,114,131.0,2.0,33.0,0.0,21.0,0.0,51.0,1.0,185.0,5.0,61.0,75.0,2.0,62.0,1.0,66.0,0.0
2006,은평구,0,115,115.0,3.0,49.0,2.0,41.0,1.0,51.0,0.0,188.0,1.0,46.0,60.0,1.0,78.0,2.0,78.0,0.0
2007,은평구,0,109,45.0,0.0,79.0,1.0,64.0,0.0,74.0,1.0,170.0,5.0,40.0,66.0,1.0,90.0,0.0,96.0,0.0
2008,은평구,460573,133,23.0,0.0,148.0,4.0,88.0,0.0,73.0,4.0,190.0,6.0,43.0,57.0,0.0,147.0,0.0,157.0,0.0
2009,은평구,469695,144,145.0,2.0,88.0,0.0,55.0,1.0,70.0,2.0,152.0,5.0,57.0,113.0,0.0,192.0,0.0,199.0,0.0
2010,은평구,480844,126,135.0,1.0,99.0,2.0,48.0,1.0,43.0,1.0,183.0,4.0,40.0,59.0,1.0,139.0,0.0,149.0,0.0
2011,은평구,497221,125,110.0,3.0,113.0,1.0,44.0,2.0,39.0,2.0,238.0,9.0,40.0,74.0,1.0,116.0,0.0,117.0,0.0
2012,은평구,505468,126,160.0,0.0,68.0,0.0,60.0,2.0,63.0,1.0,198.0,10.0,22.0,29.0,2.0,151.0,0.0,160.0,0.0
2013,은평구,508204,105,192.0,3.0,47.0,0.0,24.0,0.0,43.0,1.0,172.0,1.0,22.0,38.0,1.0,123.0,0.0,132.0,0.0
2014,은평구,505085,110,178.0,2.0,55.0,0.0,25.0,0.0,33.0,2.0,166.0,2.0,24.0,33.0,0.0,139.0,1.0,147.0,0.0
2015,은평구,503785,100,97.0,0.0,38.0,1.0,30.0,0.0,54.0,1.0,180.0,10.0,26.0,45.0,2.0,147.0,0.0,166.0,0.0
2016,은평구,498885,93,149.0,3.0,14.0,0.0,27.0,0.0,41.0,0.0,176.0,5.0,17.0,26.0,0.0,112.0,3.0,119.0,0.0
2017,은평구,492581,88,166.0,0.0,27.0,0.0,9.0,0.0,57.0,1.0,170.0,6.0,22.0,24.0,1.0,86.0,0.0,89.0,0.0
2018,은평구,488703,94,140.0,3.0,34.0,1.0,22.0,0.0,52.0,1.0,126.0,2.0,21.0,33.0,0.0,106.0,1.0,110.0,0.0
2019,은평구,486925,93,143.0,1.0,30.0,0.0,32.0,0.0,37.0,0.0,129.0,2.0,20.0,27.0,0.0,123.0,1.0,133.0,0.0
2020,은평구,484083,79,112.0,1.0,8.0,0.0,15.0,0.0,26.0,1.0,104.0,1.0,20.0,27.0,0.0,82.0,1.0,86.0,0.0
2021,은평구,478537,72,94.0,0.0,14.0,0.0,39.0,0.0,16.0,0.0,94.0,2.0,29.0,35.0,0.0,100.0,3.0,109.0,954541.0
2022,은평구,474549,76,110.0,1.0,15.0,0.0,17.0,0.0,40.0,1.0,95.0,1.0,40.0,48.0,0.0,104.0,0.0,111.0,110277584.0
2023,은평구,469521,86,131.0,2.0,27.0,0.0,34.0,0.0,42.0,1.0,96.0,3.0,28.0,38.0,0.0,70.0,0.0,77.0,114189970.0
2024,은평구,467830,101,0.0,0.0,0.0,0.0,0.0,0.0,0.0,0.0,0.0,0.0,0.0,0.0,0.0,0.0,0.0,0.0,119803149.0
2025,은평구,464466,0,0.0,0.0,0.0,0.0,0.0,0.0,0.0,0.0,0.0,0.0,0.0,0.0,0.0,0.0,0.0,0.0,30702392.0
2005,종로구,0,125,108.0,3.0,7.0,0.0,23.0,0.0,36.0,2.0,129.0,8.0,60.0,88.0,0.0,28.0,0.0,29.0,0.0
2006,종로구,0,113,42.0,1.0,48.0,0.0,22.0,0.0,60.0,1.0,164.0,7.0,62.0,93.0,0.0,20.0,0.0,20.0,0.0
2007,종로구,0,132,58.0,1.0,46.0,0.0,34.0,0.0,74.0,2.0,185.0,5.0,34.0,68.0,2.0,36.0,1.0,38.0,0.0
2008,종로구,178458,130,40.0,1.0,56.0,1.0,34.0,1.0,73.0,1.0,200.0,12.0,46.0,86.0,2.0,41.0,0.0,42.0,0.0
2009,종로구,178531,131,128.0,4.0,31.0,0.0,27.0,0.0,63.0,2.0,132.0,4.0,39.0,63.0,3.0,42.0,0.0,43.0,0.0
2010,종로구,176894,119,123.0,2.0,24.0,2.0,23.0,0.0,53.0,0.0,161.0,9.0,31.0,54.0,2.0,39.0,1.0,39.0,0.0
2011,종로구,178451,118,193.0,3.0,25.0,0.0,12.0,1.0,20.0,1.0,171.0,8.0,28.0,44.0,2.0,57.0,0.0,57.0,0.0
2012,종로구,175048,114,168.0,1.0,20.0,0.0,29.0,1.0,33.0,1.0,162.0,6.0,36.0,57.0,0.0,53.0,0.0,55.0,0.0
2013,종로구,169196,106,126.0,3.0,25.0,0.0,17.0,2.0,49.0,2.0,147.0,4.0,25.0,36.0,0.0,45.0,0.0,45.0,0.0
2014,종로구,166389,109,139.0,1.0,28.0,0.0,23.0,1.0,33.0,0.0,168.0,5.0,25.0,38.0,1.0,54.0,2.0,58.0,0.0
2015,종로구,164463,117,112.0,2.0,55.0,1.0,31.0,1.0,56.0,2.0,152.0,1.0,34.0,44.0,0.0,59.0,0.0,62.0,0.0
2016,종로구,163026,108,119.0,2.0,47.0,0.0,26.0,0.0,64.0,3.0,141.0,2.0,30.0,41.0,0.0,51.0,0.0,54.0,0.0
2017,종로구,163809,99,101.0,3.0,21.0,0.0,24.0,0.0,56.0,3.0,137.0,2.0,23.0,38.0,0.0,58.0,1.0,63.0,0.0
2018,종로구,163507,94,78.0,0.0,34.0,0.0,30.0,0.0,71.0,3.0,128.0,1.0,17.0,28.0,0.0,40.0,0.0,41.0,0.0
2019,종로구,162513,94,112.0,1.0,24.0,0.0,21.0,0.0,61.0,1.0,101.0,1.0,20.0,27.0,1.0,41.0,1.0,41.0,0.0
2020,종로구,160335,75,99.0,1.0,16.0,0.0,18.0,1.0,30.0,0.0,71.0,0.0,20.0,27.0,1.0,43.0,1.0,46.0,0.0
2021,종로구,154945,64,70.0,1.0,6.0,0.0,17.0,0.0,23.0,0.0,63.0,3.0,20.0,24.0,1.0,46.0,0.0,47.0,1301849.0
2022,종로구,152787,81,114.0,0.0,26.0,0.0,35.0,0.0,36.0,0.0,78.0,1.0,23.0,28.0,0.0,46.0,1.0,50.0,163685389.0
2023,종로구,151285,82,88.0,3.0,14.0,0.0,22.0,0.0,47.0,0.0,94.0,3.0,26.0,33.0,0.0,39.0,0.0,42.0,176420440.0
2024,종로구,150093,76,0.0,0.0,0.0,0.0,0.0,0.0,0.0,0.0,0.0,0.0,0.0,0.0,0.0,0.0,0.0,0.0,175950697.0
2025,종로구,149478,0,0.0,0.0,0.0,0.0,0.0,0.0,0.0,0.0,0.0,0.0,0.0,0.0,0.0,0.0,0.0,0.0,43501139.0
2005,중구,0,111,125.0,1.0,26.0,0.0,36.0,1.0,38.0,0.0,118.0,5.0,45.0,74.0,0.0,19.0,0.0,19.0,0.0
2006,중구,0,115,40.0,0.0,52.0,1.0,43.0,0.0,71.0,2.0,135.0,9.0,30.0,41.0,0.0,12.0,0.0,12.0,0.0
2007,중구,0,117,63.0,1.0,40.0,0.0,35.0,0.0,64.0,3.0,131.0,5.0,44.0,63.0,1.0,18.0,0.0,19.0,0.0
2008,중구,138854,119,50.0,2.0,53.0,0.0,42.0,0.0,91.0,0.0,130.0,5.0,38.0,49.0,1.0,23.0,1.0,23.0,0.0
2009,중구,138368,128,102.0,1.0,53.0,0.0,34.0,0.0,70.0,2.0,140.0,7.0,24.0,36.0,0.0,34.0,0.0,34.0,0.0
2010,중구,138612,128,121.0,1.0,29.0,0.0,41.0,0.0,59.0,0.0,121.0,1.0,23.0,32.0,0.0,43.0,1.0,43.0,0.0
2011,중구,141183,124,188.0,8.0,34.0,0.0,47.0,0.0,43.0,1.0,110.0,2.0,32.0,43.0,4.0,44.0,0.0,47.0,0.0
2012,중구,142895,121,182.0,2.0,25.0,0.0,28.0,0.0,29.0,1.0,128.0,5.0,32.0,49.0,0.0,30.0,0.0,31.0,0.0
2013,중구,139138,120,196.0,3.0,20.0,0.0,10.0,1.0,26.0,0.0,154.0,4.0,26.0,40.0,0.0,26.0,0.0,27.0,0.0
2014,중구,136897,108,206.0,1.0,14.0,0.0,18.0,0.0,30.0,0.0,106.0,0.0,16.0,26.0,0.0,32.0,1.0,32.0,0.0
2015,중구,135105,111,117.0,3.0,36.0,0.0,25.0,0.0,56.0,1.0,156.0,4.0,27.0,30.0,0.0,39.0,0.0,40.0,0.0
2016,중구,134370,107,132.0,3.0,25.0,0.0,17.0,0.0,41.0,0.0,142.0,9.0,6.0,11.0,0.0,26.0,0.0,27.0,0.0
2017,중구,133711,104,120.0,0.0,21.0,0.0,23.0,1.0,41.0,0.0,120.0,0.0,14.0,15.0,0.0,27.0,1.0,29.0,0.0
2018,중구,135364,94,74.0,1.0,23.0,0.0,24.0,1.0,59.0,1.0,117.0,1.0,13.0,17.0,0.0,27.0,1.0,26.0,0.0
2019,중구,136315,98,111.0,1.0,12.0,0.0,20.0,0.0,42.0,0.0,108.0,3.0,16.0,25.0,0.0,40.0,0.0,42.0,0.0
2020,중구,135613,79,110.0,0.0,7.0,0.0,17.0,0.0,26.0,1.0,94.0,0.0,16.0,25.0,0.0,37.0,0.0,38.0,0.0
2021,중구,132424,71,69.0,0.0,14.0,0.0,14.0,0.0,18.0,0.0,58.0,2.0,29.0,38.0,0.0,36.0,0.0,38.0,1383709.0
2022,중구,131168,78,115.0,1.0,8.0,0.0,24.0,0.0,18.0,1.0,63.0,0.0,40.0,45.0,0.0,44.0,0.0,48.0,165400026.0
2023,중구,131765,77,101.0,0.0,7.0,0.0,14.0,0.0,23.0,1.0,73.0,2.0,23.0,26.0,0.0,43.0,0.0,45.0,191695215.0
2024,중구,131603,81,0.0,0.0,0.0,0.0,0.0,0.0,0.0,0.0,0.0,0.0,0.0,0.0,0.0,0.0,0.0,0.0,209651373.0
2025,중구,130418,0,0.0,0.0,0.0,0.0,0.0,0.0,0.0,0.0,0.0,0.0,0.0,0.0,0.0,0.0,0.0,0.0,55825327.0
2005,중랑구,0,154,236.0,1.0,4.0,0.0,31.0,0.0,40.0,0.0,195.0,1.0,56.0,83.0,1.0,106.0,2.0,107.0,0.0
2006,중랑구,0,152,92.0,0.0,69.0,1.0,69.0,1.0,56.0,1.0,210.0,6.0,68.0,116.0,0.0,162.0,2.0,167.0,0.0
2007,중랑구,0,172,69.0,3.0,80.0,1.0,39.0,1.0,96.0,3.0,229.0,4.0,83.0,124.0,1.0,151.0,2.0,159.0,0.0
2008,중랑구,432734,169,44.0,1.0,89.0,0.0,69.0,1.0,84.0,0.0,257.0,6.0,67.0,95.0,1.0,189.0,1.0,202.0,0.0
2009,중랑구,431430,169,157.0,2.0,91.0,0.0,42.0,0.0,46.0,2.0,220.0,5.0,73.0,117.0,0.0,218.0,2.0,223.0,0.0
2010,중랑구,430378,173,208.0,4.0,69.0,1.0,50.0,0.0,59.0,0.0,200.0,3.0,70.0,113.0,2.0,208.0,5.0,210.0,0.0
2011,중랑구,430373,148,230.0,1.0,37.0,1.0,32.0,1.0,40.0,1.0,164.0,4.0,50.0,71.0,1.0,166.0,3.0,175.0,0.0
2012,중랑구,425631,146,179.0,1.0,53.0,1.0,34.0,0.0,29.0,0.0,198.0,7.0,47.0,77.0,1.0,199.0,1.0,209.0,0.0
2013,중랑구,422150,143,236.0,2.0,44.0,0.0,24.0,0.0,25.0,0.0,176.0,3.0,31.0,52.0,0.0,184.0,1.0,192.0,0.0
2014,중랑구,423284,135,247.0,2.0,39.0,0.0,14.0,0.0,20.0,0.0,160.0,3.0,19.0,29.0,0.0,234.0,0.0,247.0,0.0
2015,중랑구,421048,143,158.0,0.0,72.0,1.0,26.0,0.0,39.0,0.0,224.0,4.0,24.0,40.0,0.0,237.0,1.0,263.0,0.0
2016,중랑구,417259,127,191.0,1.0,15.0,0.0,8.0,0.0,95.0,4.0,136.0,3.0,13.0,15.0,0.0,200.0,0.0,218.0,0.0
2017,중랑구,414155,136,166.0,1.0,32.0,0.0,19.0,0.0,32.0,1.0,199.0,2.0,25.0,37.0,0.0,208.0,1.0,224.0,0.0
2018,중랑구,409763,130,173.0,1.0,33.0,0.0,21.0,1.0,34.0,3.0,183.0,3.0,29.0,49.0,0.0,140.0,1.0,145.0,0.0
2019,중랑구,404662,135,178.0,0.0,33.0,0.0,28.0,0.0,35.0,1.0,206.0,6.0,25.0,27.0,0.0,166.0,2.0,176.0,0.0
2020,중랑구,400161,120,183.0,2.0,30.0,0.0,12.0,0.0,19.0,0.0,108.0,2.0,25.0,27.0,0.0,209.0,1.0,235.0,0.0
2021,중랑구,394130,114,145.0,2.0,15.0,0.0,27.0,0.0,23.0,1.0,124.0,2.0,19.0,23.0,1.0,177.0,0.0,198.0,679114.0
2022,중랑구,391999,116,176.0,2.0,27.0,0.0,25.0,0.0,18.0,0.0,116.0,4.0,23.0,26.0,0.0,173.0,1.0,190.0,77677587.0
2023,중랑구,388663,105,172.0,0.0,19.0,0.0,30.0,0.0,28.0,0.0,95.0,1.0,22.0,25.0,0.0,161.0,1.0,180.0,81493710.0
2024,중랑구,386423,99,0.0,0.0,0.0,0.0,0.0,0.0,0.0,0.0,0.0,0.0,0.0,0.0,0.0,0.0,0.0,0.0,85234270.0
2025,중랑구,384320,0,0.0,0.0,0.0,0.0,0.0,0.0,0.0,0.0,0.0,0.0,0.0,0.0,0.0,0.0,0.0,0.0,21657540.0
