구,연도,눈_발생건수,맑음_발생건수,비_발생건수,흐림_발생건수,눈_사상자수,맑음_사상자수,비_사상자수,흐림_사상자수,화재_소계,거주인구,버스계_발생건수,승용계_발생건수,화물계_발생건수,버스계_사상자수,승용계_사상자수,화물계_사상자수,차대사람_발생건수,차대차_발생건수,차량단독_발생건수,차대사람_사상자수,차대차_사상자수,차량단독_사상자수,인구 10만명당 부상자수 (명),인구 10만명당 사망자수 (명),자동차 1만대당 발생건수 (건)
강남구,2005,0.0,0.0,0.0,0.0,0.0,0.0,0.0,0.0,0.0,0.0,0.0,0.0,0.0,0.0,0.0,0.0,544.0,2546.0,36.0,578.0,4087.0,45.0,854.7,5.1,128.9
강남구,2006,0.0,0.0,0.0,0.0,0.0,0.0,0.0,0.0,246.0,0.0,0.0,0.0,0.0,0.0,0.0,0.0,581.0,2704.0,36.0,623.0,4239.0,44.0,862.3,6.6,132.3
강남구,2007,0.0,0.0,0.0,0.0,0.0,0.0,0.0,0.0,211.0,0.0,0.0,0.0,0.0,0.0,0.0,0.0,632.0,2636.0,43.0,672.0,4140.0,54.0,849.6,5.3,128.6
강남구,2008,0.0,0.0,0.0,0.0,0.0,0.0,0.0,0.0,376.0,6829995.0,0.0,0.0,0.0,0.0,0.0,0.0,663.0,2431.0,37.0,703.0,3745.0,46.0,790.1,4.4,120.8
강남구,2009,0.0,0.0,0.0,0.0,0.0,0.0,0.0,0.0,342.0,6828201.0,0.0,0.0,0.0,0.0,0.0,0.0,781.0,2857.0,85.0,824.0,4556.0,102.0,957.9,4.7,143.1
강남구,2010,0.0,0.0,0.0,0.0,0.0,0.0,0.0,0.0,344.0,6862974.0,0.0,0.0,0.0,0.0,0.0,0.0,740.0,2745.0,66.0,781.0,4351.0,75.0,896.9,5.4,131.9
강남구,2011,0.0,0.0,0.0,0.0,0.0,0.0,0.0,0.0,388.0,6909210.0,0.0,0.0,0.0,0.0,0.0,0.0,807.0,2669.0,86.0,869.0,4243.0,108.0,904.7,6.3,136.1
강남구,2012,0.0,0.0,0.0,0.0,0.0,0.0,0.0,0.0,347.0,6835662.0,0.0,0.0,0.0,0.0,0.0,0.0,876.0,2867.0,100.0,956.0,4626.0,109.0,994.0,4.4,151.4
강남구,2013,25.0,3099.0,267.0,159.0,33.0,4590.0,390.0,255.0,399.0,6824886.0,0.0,0.0,0.0,0.0,0.0,0.0,821.0,2706.0,83.0,877.0,4379.0,101.0,935.8,5.4,143.2
강남구,2014,30.0,3280.0,206.0,89.0,58.0,4755.0,300.0,145.0,400.0,6922425.0,0.0,0.0,0.0,0.0,0.0,0.0,876.0,2639.0,109.0,933.0,4209.0,144.0,903.1,2.9,140.3
강남구,2015,15.0,3569.0,298.0,80.0,22.0,5111.0,446.0,111.0,477.0,6986472.0,0.0,0.0,0.0,0.0,0.0,0.0,918.0,2962.0,90.0,960.0,4641.0,105.0,977.4,3.4,151.8
강남구,2016,12.0,3370.0,247.0,85.0,14.0,4786.0,360.0,126.0,559.0,6907167.0,0.0,0.0,0.0,0.0,0.0,0.0,876.0,2883.0,69.0,936.0,4429.0,92.0,951.7,2.1,147.3
강남구,2017,24.0,3132.0,192.0,81.0,37.0,4491.0,271.0,128.0,475.0,6797124.0,96.0,2812.0,60.0,146.0,4122.0,90.0,810.0,2590.0,69.0,864.0,4037.0,77.0,883.9,3.4,136.0
강남구,2018,13.0,3004.0,191.0,87.0,20.0,4330.0,283.0,120.0,406.0,6619383.0,81.0,2835.0,49.0,120.0,4181.0,63.0,749.0,2639.0,71.0,792.0,4108.0,87.0,907.3,3.7,137.2
강남구,2019,1.0,3308.0,206.0,97.0,1.0,4609.0,302.0,133.0,437.0,6581187.0,104.0,2888.0,63.0,132.0,4155.0,88.0,825.0,2832.0,65.0,867.0,4252.0,77.0,941.8,2.5,147.4
강남구,2020,6.0,3185.0,282.0,128.0,9.0,4372.0,425.0,180.0,364.0,6552588.0,84.0,2774.0,70.0,103.0,3993.0,88.0,721.0,2964.0,67.0,761.0,4371.0,74.0,953.8,3.1,147.5
강남구,2021,38.0,3308.0,216.0,109.0,54.0,4466.0,303.0,147.0,362.0,6454560.0,101.0,2783.0,76.0,127.0,3880.0,104.0,659.0,3103.0,58.0,693.0,4429.0,63.0,962.3,1.9,149.1
강남구,2022,15.0,3258.0,201.0,73.0,18.0,4462.0,273.0,102.0,411.0,6429417.0,113.0,2769.0,74.0,172.0,3880.0,102.0,771.0,2879.0,59.0,793.0,4205.0,70.0,945.9,3.0,140.0
강남구,2023,5.0,3408.0,266.0,83.0,8.0,4556.0,353.0,100.0,388.0,6530151.0,140.0,2953.0,77.0,198.0,4029.0,98.0,801.0,3057.0,68.0,853.0,4305.0,78.0,950.2,1.3,145.7
강동구,2005,0.0,0.0,0.0,0.0,0.0,0.0,0.0,0.0,0.0,0.0,0.0,0.0,0.0,0.0,0.0,0.0,388.0,922.0,20.0,402.0,1431.0,24.0,393.9,4.1,93.7
강동구,2006,0.0,0.0,0.0,0.0,0.0,0.0,0.0,0.0,152.0,0.0,0.0,0.0,0.0,0.0,0.0,0.0,351.0,892.0,28.0,370.0,1362.0,37.0,376.8,3.4,89.1
강동구,2007,0.0,0.0,0.0,0.0,0.0,0.0,0.0,0.0,158.0,0.0,0.0,0.0,0.0,0.0,0.0,0.0,413.0,1036.0,30.0,445.0,1634.0,46.0,449.0,4.1,102.3
강동구,2008,0.0,0.0,0.0,0.0,0.0,0.0,0.0,0.0,228.0,5653212.0,0.0,0.0,0.0,0.0,0.0,0.0,490.0,1164.0,38.0,512.0,1803.0,50.0,496.2,2.7,116.0
강동구,2009,0.0,0.0,0.0,0.0,0.0,0.0,0.0,0.0,207.0,5803572.0,0.0,0.0,0.0,0.0,0.0,0.0,434.0,1060.0,51.0,453.0,1640.0,59.0,435.0,4.5,101.0
강동구,2010,0.0,0.0,0.0,0.0,0.0,0.0,0.0,0.0,226.0,5916363.0,0.0,0.0,0.0,0.0,0.0,0.0,410.0,967.0,33.0,448.0,1461.0,50.0,391.4,2.8,90.7
강동구,2011,0.0,0.0,0.0,0.0,0.0,0.0,0.0,0.0,226.0,6017712.0,0.0,0.0,0.0,0.0,0.0,0.0,425.0,966.0,32.0,455.0,1600.0,38.0,415.6,2.6,89.9
강동구,2012,0.0,0.0,0.0,0.0,0.0,0.0,0.0,0.0,250.0,5940414.0,0.0,0.0,0.0,0.0,0.0,0.0,438.0,970.0,50.0,453.0,1525.0,69.0,411.8,3.7,92.8
강동구,2013,14.0,1168.0,93.0,63.0,32.0,1651.0,143.0,99.0,216.0,5879226.0,0.0,0.0,0.0,0.0,0.0,0.0,402.0,915.0,39.0,430.0,1476.0,48.0,398.0,2.5,86.3
강동구,2014,7.0,1290.0,84.0,51.0,14.0,1788.0,133.0,78.0,231.0,5810301.0,0.0,0.0,0.0,0.0,0.0,0.0,452.0,963.0,27.0,474.0,1521.0,33.0,418.4,2.9,91.6
강동구,2015,5.0,1308.0,107.0,66.0,5.0,1886.0,165.0,87.0,244.0,5633358.0,0.0,0.0,0.0,0.0,0.0,0.0,479.0,963.0,52.0,503.0,1590.0,59.0,459.5,5.0,96.6
강동구,2016,6.0,1243.0,107.0,60.0,7.0,1715.0,158.0,81.0,291.0,5447892.0,0.0,0.0,0.0,0.0,0.0,0.0,426.0,959.0,41.0,441.0,1489.0,44.0,436.4,3.8,93.3
강동구,2017,5.0,1177.0,80.0,109.0,7.0,1651.0,105.0,129.0,243.0,5380236.0,66.0,872.0,44.0,107.0,1236.0,72.0,427.0,906.0,38.0,468.0,1374.0,50.0,425.3,4.3,89.6
강동구,2018,10.0,1239.0,97.0,67.0,11.0,1687.0,119.0,110.0,311.0,5226561.0,76.0,917.0,40.0,124.0,1307.0,50.0,394.0,978.0,46.0,414.0,1465.0,55.0,445.0,2.8,93.5
강동구,2019,3.0,1222.0,98.0,89.0,3.0,1676.0,128.0,111.0,238.0,5187180.0,88.0,866.0,40.0,122.0,1198.0,73.0,437.0,944.0,33.0,461.0,1424.0,36.0,433.7,2.5,90.5
강동구,2020,1.0,1133.0,94.0,39.0,1.0,1432.0,118.0,55.0,207.0,5534586.0,62.0,774.0,32.0,87.0,980.0,49.0,342.0,890.0,36.0,355.0,1211.0,41.0,344.8,1.5,75.9
강동구,2021,14.0,949.0,55.0,27.0,22.0,1276.0,70.0,52.0,193.0,5617134.0,41.0,658.0,39.0,58.0,929.0,55.0,242.0,788.0,17.0,248.0,1154.0,20.0,302.9,1.9,61.7
강동구,2022,4.0,1037.0,69.0,29.0,11.0,1396.0,98.0,40.0,164.0,5577360.0,45.0,761.0,47.0,56.0,1065.0,71.0,262.0,865.0,24.0,268.0,1261.0,31.0,334.7,1.5,67.5
강동구,2023,6.0,1064.0,69.0,38.0,9.0,1366.0,91.0,50.0,150.0,5558409.0,73.0,782.0,34.0,87.0,1036.0,48.0,291.0,873.0,21.0,306.0,1196.0,24.0,328.5,0.9,69.1
강북구,2005,0.0,0.0,0.0,0.0,0.0,0.0,0.0,0.0,0.0,0.0,0.0,0.0,0.0,0.0,0.0,0.0,363.0,753.0,20.0,396.0,1205.0,23.0,452.0,5.1,124.4
강북구,2006,0.0,0.0,0.0,0.0,0.0,0.0,0.0,0.0,145.0,0.0,0.0,0.0,0.0,0.0,0.0,0.0,393.0,839.0,26.0,419.0,1337.0,28.0,505.4,2.0,137.4
강북구,2007,0.0,0.0,0.0,0.0,0.0,0.0,0.0,0.0,152.0,0.0,0.0,0.0,0.0,0.0,0.0,0.0,384.0,845.0,34.0,420.0,1345.0,38.0,513.9,3.2,137.8
강북구,2008,0.0,0.0,0.0,0.0,0.0,0.0,0.0,0.0,232.0,4157286.0,0.0,0.0,0.0,0.0,0.0,0.0,403.0,916.0,54.0,428.0,1411.0,60.0,545.8,3.5,149.6
강북구,2009,0.0,0.0,0.0,0.0,0.0,0.0,0.0,0.0,219.0,4138104.0,0.0,0.0,0.0,0.0,0.0,0.0,439.0,914.0,39.0,471.0,1453.0,45.0,566.7,5.8,151.0
강북구,2010,0.0,0.0,0.0,0.0,0.0,0.0,0.0,0.0,167.0,4142535.0,0.0,0.0,0.0,0.0,0.0,0.0,446.0,813.0,34.0,485.0,1272.0,39.0,508.6,4.6,137.4
강북구,2011,0.0,0.0,0.0,0.0,0.0,0.0,0.0,0.0,131.0,4190241.0,0.0,0.0,0.0,0.0,0.0,0.0,362.0,784.0,28.0,395.0,1227.0,33.0,472.6,2.0,124.1
강북구,2012,0.0,0.0,0.0,0.0,0.0,0.0,0.0,0.0,182.0,4178373.0,0.0,0.0,0.0,0.0,0.0,0.0,379.0,784.0,49.0,402.0,1229.0,58.0,484.9,2.6,125.6
강북구,2013,8.0,860.0,85.0,152.0,10.0,1190.0,112.0,220.0,220.0,4127877.0,0.0,0.0,0.0,0.0,0.0,0.0,399.0,678.0,30.0,424.0,1074.0,37.0,446.0,2.9,115.0
강북구,2014,6.0,967.0,93.0,245.0,8.0,1333.0,111.0,331.0,181.0,4076061.0,0.0,0.0,0.0,0.0,0.0,0.0,423.0,842.0,48.0,445.0,1288.0,52.0,523.9,3.5,136.0
강북구,2015,1.0,1025.0,92.0,142.0,1.0,1384.0,131.0,177.0,163.0,4035768.0,0.0,0.0,0.0,0.0,0.0,0.0,429.0,787.0,49.0,466.0,1178.0,56.0,503.6,4.8,129.5
강북구,2016,3.0,1014.0,84.0,121.0,3.0,1390.0,128.0,167.0,144.0,3987516.0,0.0,0.0,0.0,0.0,0.0,0.0,398.0,784.0,45.0,427.0,1213.0,53.0,507.4,4.5,124.2
강북구,2017,13.0,992.0,65.0,108.0,26.0,1299.0,82.0,140.0,177.0,3951720.0,75.0,710.0,19.0,78.0,951.0,26.0,431.0,732.0,39.0,459.0,1074.0,43.0,477.7,2.7,120.5
강북구,2018,11.0,963.0,73.0,166.0,15.0,1290.0,108.0,230.0,184.0,3902295.0,82.0,746.0,16.0,95.0,1013.0,21.0,396.0,778.0,42.0,417.0,1184.0,45.0,505.7,4.0,122.6
강북구,2019,1.0,1034.0,80.0,162.0,1.0,1371.0,111.0,230.0,152.0,3828294.0,93.0,752.0,26.0,118.0,1065.0,34.0,398.0,827.0,52.0,418.0,1242.0,53.0,537.0,2.2,130.0
강북구,2020,3.0,938.0,88.0,53.0,3.0,1239.0,113.0,63.0,170.0,3771792.0,66.0,622.0,19.0,82.0,835.0,29.0,272.0,776.0,39.0,291.0,1087.0,45.0,455.8,1.0,110.9
강북구,2021,5.0,934.0,51.0,26.0,5.0,1196.0,65.0,40.0,133.0,3661350.0,72.0,555.0,17.0,91.0,728.0,22.0,259.0,730.0,28.0,274.0,1001.0,33.0,430.3,2.0,109.4
강북구,2022,3.0,936.0,72.0,22.0,3.0,1136.0,90.0,30.0,137.0,3592182.0,92.0,608.0,27.0,106.0,758.0,31.0,321.0,676.0,47.0,334.0,888.0,50.0,425.3,2.0,112.0
강북구,2023,3.0,869.0,67.0,32.0,3.0,1091.0,89.0,38.0,189.0,3541464.0,88.0,564.0,21.0,104.0,721.0,25.0,286.0,645.0,41.0,300.0,880.0,42.0,415.4,1.7,105.0
강서구,2005,0.0,0.0,0.0,0.0,0.0,0.0,0.0,0.0,0.0,0.0,0.0,0.0,0.0,0.0,0.0,0.0,466.0,1286.0,42.0,493.0,2186.0,65.0,488.9,3.4,104.2
강서구,2006,0.0,0.0,0.0,0.0,0.0,0.0,0.0,0.0,201.0,0.0,0.0,0.0,0.0,0.0,0.0,0.0,413.0,1218.0,56.0,438.0,1952.0,71.0,435.3,4.3,95.2
강서구,2007,0.0,0.0,0.0,0.0,0.0,0.0,0.0,0.0,243.0,0.0,0.0,0.0,0.0,0.0,0.0,0.0,472.0,1251.0,46.0,506.0,1947.0,50.0,438.5,3.4,97.1
강서구,2008,0.0,0.0,0.0,0.0,0.0,0.0,0.0,0.0,370.0,6962097.0,0.0,0.0,0.0,0.0,0.0,0.0,541.0,1447.0,68.0,573.0,2184.0,76.0,481.7,3.8,109.2
강서구,2009,0.0,0.0,0.0,0.0,0.0,0.0,0.0,0.0,288.0,6991296.0,0.0,0.0,0.0,0.0,0.0,0.0,535.0,1402.0,57.0,574.0,2238.0,70.0,495.0,2.6,104.3
강서구,2010,0.0,0.0,0.0,0.0,0.0,0.0,0.0,0.0,243.0,6938187.0,0.0,0.0,0.0,0.0,0.0,0.0,554.0,1255.0,63.0,597.0,1945.0,73.0,446.9,3.6,95.1
강서구,2011,0.0,0.0,0.0,0.0,0.0,0.0,0.0,0.0,337.0,6935835.0,0.0,0.0,0.0,0.0,0.0,0.0,553.0,1262.0,70.0,575.0,2099.0,82.0,475.8,2.8,96.6
강서구,2012,0.0,0.0,0.0,0.0,0.0,0.0,0.0,0.0,270.0,6896310.0,0.0,0.0,0.0,0.0,0.0,0.0,495.0,1191.0,81.0,526.0,1980.0,92.0,448.4,4.4,90.9
강서구,2013,15.0,1465.0,117.0,116.0,33.0,2149.0,175.0,184.0,232.0,6894102.0,0.0,0.0,0.0,0.0,0.0,0.0,506.0,1118.0,91.0,538.0,1870.0,135.0,437.6,4.5,88.4
강서구,2014,9.0,1599.0,104.0,89.0,14.0,2271.0,181.0,170.0,290.0,6994872.0,0.0,0.0,0.0,0.0,0.0,0.0,505.0,1229.0,72.0,531.0,2025.0,90.0,441.8,5.4,88.6
강서구,2015,2.0,1757.0,128.0,43.0,3.0,2530.0,185.0,53.0,262.0,7142583.0,0.0,0.0,0.0,0.0,0.0,0.0,531.0,1329.0,72.0,556.0,2134.0,84.0,463.7,2.0,92.2
강서구,2016,4.0,1588.0,62.0,29.0,4.0,2100.0,85.0,45.0,337.0,7192134.0,0.0,0.0,0.0,0.0,0.0,0.0,471.0,1139.0,81.0,495.0,1644.0,104.0,370.4,2.2,78.7
강서구,2017,7.0,1442.0,60.0,60.0,11.0,1971.0,87.0,78.0,335.0,7280181.0,96.0,1016.0,29.0,124.0,1462.0,38.0,402.0,1125.0,57.0,423.0,1681.0,63.0,354.3,2.0,71.8
강서구,2018,9.0,1314.0,104.0,70.0,15.0,1913.0,163.0,123.0,359.0,7272063.0,106.0,990.0,24.0,193.0,1482.0,33.0,387.0,1052.0,63.0,418.0,1719.0,82.0,365.8,1.8,67.4
강서구,2019,6.0,1554.0,110.0,120.0,15.0,2133.0,135.0,174.0,308.0,7210887.0,121.0,1155.0,38.0,192.0,1599.0,55.0,469.0,1298.0,62.0,495.0,1933.0,83.0,416.4,3.3,81.9
강서구,2020,2.0,1367.0,112.0,51.0,3.0,1853.0,155.0,65.0,195.0,7093029.0,74.0,965.0,42.0,110.0,1362.0,59.0,346.0,1179.0,50.0,363.0,1726.0,59.0,363.7,2.9,70.2
강서구,2021,8.0,1324.0,92.0,65.0,11.0,1802.0,141.0,87.0,202.0,6980496.0,68.0,885.0,41.0,92.0,1275.0,59.0,340.0,1121.0,40.0,363.0,1645.0,47.0,352.2,2.2,66.8
강서구,2022,3.0,1438.0,84.0,41.0,4.0,1894.0,110.0,57.0,182.0,6922026.0,100.0,965.0,41.0,121.0,1332.0,59.0,386.0,1178.0,42.0,414.0,1660.0,49.0,366.8,2.6,71.1
강서구,2023,3.0,1350.0,95.0,34.0,3.0,1866.0,144.0,51.0,224.0,6854691.0,93.0,981.0,43.0,133.0,1430.0,60.0,330.0,1153.0,35.0,343.0,1743.0,35.0,371.3,1.6,67.7
관악구,2005,0.0,0.0,0.0,0.0,0.0,0.0,0.0,0.0,0.0,0.0,0.0,0.0,0.0,0.0,0.0,0.0,448.0,1149.0,47.0,479.0,1835.0,60.0,437.2,4.7,120.7
관악구,2006,0.0,0.0,0.0,0.0,0.0,0.0,0.0,0.0,120.0,0.0,0.0,0.0,0.0,0.0,0.0,0.0,452.0,1181.0,36.0,480.0,1867.0,41.0,435.2,2.2,119.6
관악구,2007,0.0,0.0,0.0,0.0,0.0,0.0,0.0,0.0,191.0,0.0,0.0,0.0,0.0,0.0,0.0,0.0,502.0,1297.0,45.0,536.0,2017.0,62.0,471.5,3.3,131.0
관악구,2008,0.0,0.0,0.0,0.0,0.0,0.0,0.0,0.0,255.0,6641391.0,0.0,0.0,0.0,0.0,0.0,0.0,540.0,1337.0,67.0,575.0,2068.0,80.0,491.1,2.4,138.2
관악구,2009,0.0,0.0,0.0,0.0,0.0,0.0,0.0,0.0,242.0,6608937.0,0.0,0.0,0.0,0.0,0.0,0.0,571.0,1342.0,66.0,610.0,2103.0,79.0,507.6,2.6,140.1
관악구,2010,0.0,0.0,0.0,0.0,0.0,0.0,0.0,0.0,200.0,6557832.0,0.0,0.0,0.0,0.0,0.0,0.0,557.0,1238.0,56.0,590.0,1993.0,65.0,478.8,2.9,131.3
관악구,2011,0.0,0.0,0.0,0.0,0.0,0.0,0.0,0.0,271.0,6587319.0,0.0,0.0,0.0,0.0,0.0,0.0,503.0,1170.0,64.0,534.0,1804.0,75.0,438.5,3.1,123.3
관악구,2012,0.0,0.0,0.0,0.0,0.0,0.0,0.0,0.0,393.0,6525327.0,0.0,0.0,0.0,0.0,0.0,0.0,520.0,1131.0,62.0,538.0,1713.0,68.0,425.3,3.7,119.9
관악구,2013,8.0,1489.0,128.0,72.0,12.0,2066.0,236.0,117.0,290.0,6457851.0,0.0,0.0,0.0,0.0,0.0,0.0,537.0,1151.0,65.0,561.0,1861.0,80.0,463.8,3.7,122.9
관악구,2014,14.0,1434.0,103.0,56.0,18.0,1955.0,157.0,77.0,250.0,6405711.0,0.0,0.0,0.0,0.0,0.0,0.0,515.0,1125.0,76.0,549.0,1699.0,91.0,435.6,4.1,119.5
관악구,2015,11.0,1424.0,107.0,44.0,15.0,1857.0,154.0,73.0,262.0,6375591.0,0.0,0.0,0.0,0.0,0.0,0.0,513.0,1057.0,55.0,552.0,1532.0,63.0,403.6,2.3,111.7
관악구,2016,5.0,1216.0,68.0,37.0,5.0,1641.0,105.0,49.0,292.0,6339360.0,0.0,0.0,0.0,0.0,0.0,0.0,425.0,932.0,51.0,460.0,1371.0,83.0,360.5,3.6,95.9
관악구,2017,9.0,1150.0,37.0,37.0,11.0,1521.0,57.0,53.0,254.0,6279456.0,67.0,800.0,20.0,86.0,1110.0,24.0,368.0,851.0,32.0,391.0,1243.0,36.0,318.5,2.1,85.3
관악구,2018,5.0,1091.0,91.0,37.0,5.0,1436.0,124.0,63.0,310.0,6257931.0,78.0,877.0,22.0,95.0,1206.0,25.0,354.0,904.0,42.0,377.0,1298.0,50.0,330.2,1.5,89.1
관악구,2019,4.0,1175.0,96.0,34.0,4.0,1514.0,127.0,41.0,275.0,6233388.0,90.0,863.0,26.0,107.0,1136.0,33.0,352.0,964.0,47.0,367.0,1347.0,51.0,339.2,1.9,94.3
관악구,2020,5.0,1128.0,99.0,89.0,5.0,1436.0,123.0,111.0,199.0,6172014.0,68.0,915.0,37.0,78.0,1189.0,41.0,329.0,1087.0,28.0,346.0,1456.0,30.0,356.8,2.6,99.9
관악구,2021,16.0,1175.0,94.0,92.0,19.0,1508.0,127.0,122.0,231.0,6023577.0,88.0,889.0,25.0,125.0,1147.0,30.0,315.0,1064.0,40.0,334.0,1454.0,49.0,366.2,1.6,101.8
관악구,2022,4.0,1017.0,73.0,66.0,6.0,1356.0,85.0,81.0,278.0,6009459.0,85.0,727.0,28.0,118.0,973.0,34.0,283.0,851.0,38.0,304.0,1197.0,43.0,306.2,1.8,83.5
관악구,2023,3.0,806.0,61.0,88.0,3.0,1044.0,77.0,113.0,247.0,6010569.0,74.0,583.0,16.0,87.0,789.0,24.0,286.0,671.0,23.0,309.0,930.0,23.0,251.5,2.0,70.0
광진구,2005,0.0,0.0,0.0,0.0,0.0,0.0,0.0,0.0,0.0,0.0,0.0,0.0,0.0,0.0,0.0,0.0,344.0,1195.0,25.0,369.0,1906.0,28.0,599.8,5.5,146.4
광진구,2006,0.0,0.0,0.0,0.0,0.0,0.0,0.0,0.0,161.0,0.0,0.0,0.0,0.0,0.0,0.0,0.0,314.0,1258.0,28.0,350.0,1963.0,36.0,612.8,2.9,149.1
광진구,2007,0.0,0.0,0.0,0.0,0.0,0.0,0.0,0.0,182.0,0.0,0.0,0.0,0.0,0.0,0.0,0.0,396.0,1250.0,29.0,417.0,1948.0,48.0,620.1,4.4,154.4
광진구,2008,0.0,0.0,0.0,0.0,0.0,0.0,0.0,0.0,194.0,4656783.0,0.0,0.0,0.0,0.0,0.0,0.0,355.0,1253.0,40.0,378.0,2046.0,63.0,637.8,4.4,151.6
광진구,2009,0.0,0.0,0.0,0.0,0.0,0.0,0.0,0.0,213.0,4648548.0,0.0,0.0,0.0,0.0,0.0,0.0,379.0,1240.0,37.0,404.0,1908.0,49.0,604.1,6.7,148.9
광진구,2010,0.0,0.0,0.0,0.0,0.0,0.0,0.0,0.0,160.0,4633053.0,0.0,0.0,0.0,0.0,0.0,0.0,359.0,1148.0,33.0,376.0,1811.0,42.0,569.0,4.4,139.7
광진구,2011,0.0,0.0,0.0,0.0,0.0,0.0,0.0,0.0,152.0,4655085.0,0.0,0.0,0.0,0.0,0.0,0.0,354.0,1035.0,41.0,372.0,1632.0,52.0,525.8,5.9,128.0
광진구,2012,0.0,0.0,0.0,0.0,0.0,0.0,0.0,0.0,197.0,4627188.0,0.0,0.0,0.0,0.0,0.0,0.0,378.0,1081.0,35.0,405.0,1759.0,43.0,569.9,4.4,131.9
광진구,2013,5.0,1155.0,96.0,36.0,7.0,1712.0,141.0,52.0,203.0,4592811.0,0.0,0.0,0.0,0.0,0.0,0.0,332.0,933.0,38.0,356.0,1522.0,48.0,502.3,2.6,114.3
광진구,2014,10.0,1347.0,72.0,47.0,15.0,1896.0,113.0,65.0,231.0,4553838.0,0.0,0.0,0.0,0.0,0.0,0.0,390.0,1034.0,56.0,422.0,1608.0,63.0,551.4,3.2,130.3
광진구,2015,2.0,1127.0,76.0,27.0,2.0,1596.0,113.0,47.0,222.0,4514865.0,0.0,0.0,0.0,0.0,0.0,0.0,332.0,854.0,49.0,361.0,1347.0,53.0,464.8,4.5,107.5
광진구,2016,4.0,916.0,73.0,44.0,5.0,1278.0,106.0,76.0,188.0,4483905.0,0.0,0.0,0.0,0.0,0.0,0.0,295.0,708.0,42.0,308.0,1117.0,50.0,394.0,2.4,90.4
광진구,2017,4.0,965.0,46.0,22.0,8.0,1328.0,57.0,34.0,191.0,4465812.0,50.0,686.0,21.0,61.0,1007.0,33.0,283.0,744.0,37.0,308.0,1106.0,43.0,387.1,4.3,90.9
광진구,2018,6.0,981.0,77.0,33.0,13.0,1296.0,109.0,50.0,177.0,4449756.0,37.0,752.0,12.0,54.0,1037.0,21.0,266.0,810.0,32.0,292.0,1157.0,35.0,397.2,2.7,93.2
광진구,2019,1.0,896.0,49.0,27.0,1.0,1225.0,60.0,33.0,171.0,4426311.0,41.0,642.0,22.0,64.0,905.0,29.0,260.0,682.0,31.0,270.0,1015.0,34.0,358.6,0.8,82.8
광진구,2020,0.0,795.0,49.0,25.0,0.0,1041.0,69.0,39.0,172.0,4355841.0,23.0,557.0,23.0,36.0,776.0,31.0,190.0,649.0,30.0,201.0,918.0,30.0,318.0,1.1,73.9
광진구,2021,1.0,837.0,54.0,16.0,1.0,1095.0,78.0,22.0,190.0,4252512.0,48.0,526.0,24.0,57.0,745.0,28.0,207.0,693.0,22.0,212.0,985.0,23.0,344.8,1.1,78.7
광진구,2022,3.0,657.0,20.0,25.0,3.0,896.0,32.0,40.0,133.0,4224693.0,28.0,445.0,8.0,47.0,645.0,9.0,167.0,528.0,13.0,180.0,780.0,15.0,275.0,2.6,60.2
광진구,2023,3.0,622.0,39.0,43.0,4.0,788.0,41.0,56.0,181.0,4214652.0,27.0,476.0,13.0,28.0,624.0,19.0,186.0,517.0,14.0,188.0,700.0,15.0,256.0,1.1,61.4
구로구,2005,0.0,0.0,0.0,0.0,0.0,0.0,0.0,0.0,0.0,0.0,0.0,0.0,0.0,0.0,0.0,0.0,344.0,1012.0,31.0,373.0,1805.0,42.0,514.1,5.6,103.9
구로구,2006,0.0,0.0,0.0,0.0,0.0,0.0,0.0,0.0,118.0,0.0,0.0,0.0,0.0,0.0,0.0,0.0,311.0,1045.0,40.0,330.0,1802.0,53.0,495.2,5.0,99.3
구로구,2007,0.0,0.0,0.0,0.0,0.0,0.0,0.0,0.0,150.0,0.0,0.0,0.0,0.0,0.0,0.0,0.0,314.0,1126.0,39.0,337.0,1952.0,46.0,521.7,2.9,101.0
구로구,2008,0.0,0.0,0.0,0.0,0.0,0.0,0.0,0.0,213.0,5388153.0,0.0,0.0,0.0,0.0,0.0,0.0,419.0,1106.0,52.0,454.0,1848.0,68.0,523.3,4.9,105.8
구로구,2009,0.0,0.0,0.0,0.0,0.0,0.0,0.0,0.0,165.0,5397993.0,0.0,0.0,0.0,0.0,0.0,0.0,434.0,1096.0,53.0,470.0,1842.0,67.0,525.8,3.3,106.4
구로구,2010,0.0,0.0,0.0,0.0,0.0,0.0,0.0,0.0,142.0,5395038.0,0.0,0.0,0.0,0.0,0.0,0.0,412.0,1108.0,48.0,434.0,1792.0,58.0,501.5,3.1,103.5
구로구,2011,0.0,0.0,0.0,0.0,0.0,0.0,0.0,0.0,183.0,5468205.0,0.0,0.0,0.0,0.0,0.0,0.0,415.0,1065.0,62.0,442.0,1721.0,78.0,485.1,3.3,105.0
구로구,2012,0.0,0.0,0.0,0.0,0.0,0.0,0.0,0.0,194.0,5486424.0,0.0,0.0,0.0,0.0,0.0,0.0,451.0,1072.0,59.0,494.0,1823.0,70.0,520.6,4.6,108.6
구로구,2013,10.0,1240.0,102.0,61.0,13.0,1894.0,175.0,99.0,225.0,5440188.0,0.0,0.0,0.0,0.0,0.0,0.0,406.0,954.0,55.0,464.0,1653.0,67.0,478.8,4.2,94.6
구로구,2014,11.0,1388.0,115.0,51.0,13.0,1945.0,194.0,71.0,162.0,5481102.0,0.0,0.0,0.0,0.0,0.0,0.0,452.0,1066.0,48.0,497.0,1667.0,60.0,482.4,4.2,102.2
구로구,2015,4.0,1297.0,152.0,54.0,6.0,1846.0,213.0,80.0,203.0,5478303.0,0.0,0.0,0.0,0.0,0.0,0.0,438.0,1019.0,51.0,474.0,1618.0,54.0,467.9,4.2,97.4
구로구,2016,7.0,1355.0,101.0,46.0,7.0,1931.0,133.0,75.0,227.0,5427396.0,0.0,0.0,0.0,0.0,0.0,0.0,435.0,1030.0,46.0,465.0,1628.0,55.0,475.8,2.0,96.3
구로구,2017,11.0,1301.0,70.0,42.0,12.0,1772.0,110.0,64.0,241.0,5335473.0,82.0,897.0,35.0,99.0,1286.0,47.0,370.0,1015.0,48.0,399.0,1518.0,55.0,443.9,2.7,89.4
구로구,2018,4.0,1375.0,108.0,34.0,7.0,1929.0,140.0,50.0,249.0,5275263.0,91.0,963.0,41.0,116.0,1384.0,52.0,376.0,1089.0,67.0,400.0,1662.0,80.0,485.5,3.0,95.6
구로구,2019,1.0,1353.0,92.0,32.0,1.0,1849.0,145.0,44.0,237.0,5272314.0,91.0,939.0,40.0,120.0,1361.0,46.0,408.0,1074.0,47.0,429.0,1627.0,53.0,477.0,3.0,95.5
구로구,2020,1.0,1180.0,93.0,45.0,1.0,1607.0,145.0,61.0,145.0,5229762.0,87.0,831.0,30.0,105.0,1194.0,40.0,296.0,973.0,56.0,315.0,1443.0,62.0,418.5,2.3,82.2
구로구,2021,7.0,1198.0,93.0,22.0,9.0,1545.0,122.0,26.0,151.0,5084343.0,83.0,818.0,39.0,108.0,1077.0,43.0,274.0,1042.0,34.0,289.0,1408.0,41.0,410.5,2.1,84.0
구로구,2022,5.0,1135.0,69.0,23.0,7.0,1519.0,97.0,27.0,200.0,5021043.0,97.0,757.0,38.0,128.0,1039.0,51.0,291.0,935.0,48.0,306.0,1343.0,54.0,404.1,2.9,77.9
구로구,2023,3.0,1231.0,88.0,31.0,3.0,1657.0,129.0,48.0,181.0,5004669.0,131.0,833.0,36.0,169.0,1176.0,42.0,338.0,988.0,33.0,350.0,1459.0,36.0,442.7,1.2,83.5
금천구,2005,0.0,0.0,0.0,0.0,0.0,0.0,0.0,0.0,0.0,0.0,0.0,0.0,0.0,0.0,0.0,0.0,195.0,586.0,21.0,203.0,1081.0,29.0,491.8,5.7,99.7
금천구,2006,0.0,0.0,0.0,0.0,0.0,0.0,0.0,0.0,69.0,0.0,0.0,0.0,0.0,0.0,0.0,0.0,250.0,609.0,12.0,262.0,1105.0,18.0,520.9,3.8,107.2
금천구,2007,0.0,0.0,0.0,0.0,0.0,0.0,0.0,0.0,78.0,0.0,0.0,0.0,0.0,0.0,0.0,0.0,222.0,623.0,19.0,243.0,1051.0,24.0,493.3,5.3,106.6
금천구,2008,0.0,0.0,0.0,0.0,0.0,0.0,0.0,0.0,152.0,3190596.0,0.0,0.0,0.0,0.0,0.0,0.0,264.0,673.0,24.0,287.0,1103.0,29.0,529.7,5.3,118.2
금천구,2009,0.0,0.0,0.0,0.0,0.0,0.0,0.0,0.0,134.0,3179997.0,0.0,0.0,0.0,0.0,0.0,0.0,286.0,758.0,37.0,314.0,1315.0,41.0,626.7,8.0,132.1
금천구,2010,0.0,0.0,0.0,0.0,0.0,0.0,0.0,0.0,106.0,3146595.0,0.0,0.0,0.0,0.0,0.0,0.0,327.0,761.0,35.0,352.0,1322.0,40.0,643.4,4.5,135.5
금천구,2011,0.0,0.0,0.0,0.0,0.0,0.0,0.0,0.0,146.0,3175434.0,0.0,0.0,0.0,0.0,0.0,0.0,339.0,744.0,42.0,362.0,1246.0,51.0,624.0,3.8,133.5
금천구,2012,0.0,0.0,0.0,0.0,0.0,0.0,0.0,0.0,154.0,3152967.0,0.0,0.0,0.0,0.0,0.0,0.0,272.0,703.0,42.0,293.0,1219.0,49.0,590.6,8.1,116.8
금천구,2013,11.0,777.0,92.0,47.0,15.0,1167.0,143.0,77.0,130.0,3111864.0,0.0,0.0,0.0,0.0,0.0,0.0,253.0,660.0,26.0,268.0,1131.0,30.0,549.5,3.9,103.7
금천구,2014,11.0,888.0,68.0,51.0,17.0,1343.0,98.0,78.0,114.0,3098160.0,0.0,0.0,0.0,0.0,0.0,0.0,291.0,700.0,38.0,311.0,1195.0,42.0,594.9,5.0,111.0
금천구,2015,3.0,796.0,68.0,44.0,3.0,1214.0,97.0,67.0,117.0,3092046.0,0.0,0.0,0.0,0.0,0.0,0.0,266.0,611.0,37.0,300.0,1042.0,42.0,536.4,3.9,96.8
금천구,2016,5.0,699.0,45.0,26.0,7.0,1009.0,64.0,34.0,163.0,3054771.0,0.0,0.0,0.0,0.0,0.0,0.0,251.0,525.0,23.0,269.0,852.0,27.0,444.9,5.9,82.8
금천구,2017,5.0,720.0,35.0,25.0,12.0,1065.0,64.0,31.0,166.0,3050790.0,59.0,514.0,17.0,92.0,826.0,23.0,250.0,550.0,24.0,270.0,939.0,25.0,484.4,2.4,84.0
금천구,2018,7.0,788.0,86.0,31.0,9.0,1115.0,124.0,47.0,161.0,3037428.0,54.0,616.0,22.0,127.0,864.0,32.0,266.0,629.0,37.0,291.0,999.0,42.0,522.0,2.4,94.5
금천구,2019,1.0,821.0,54.0,43.0,1.0,1229.0,70.0,61.0,134.0,3038979.0,73.0,521.0,28.0,122.0,820.0,36.0,259.0,626.0,35.0,275.0,1048.0,39.0,537.3,3.6,92.8
금천구,2020,0.0,698.0,58.0,50.0,0.0,942.0,77.0,65.0,114.0,2998200.0,61.0,471.0,30.0,83.0,648.0,50.0,197.0,563.0,50.0,221.0,811.0,58.0,437.4,2.4,80.8
금천구,2021,7.0,725.0,61.0,33.0,10.0,1025.0,101.0,46.0,109.0,2937081.0,72.0,502.0,21.0,96.0,737.0,26.0,173.0,616.0,38.0,182.0,960.0,41.0,476.5,6.5,81.5
금천구,2022,3.0,763.0,38.0,34.0,5.0,1054.0,52.0,43.0,194.0,2930466.0,78.0,507.0,22.0,92.0,740.0,23.0,208.0,603.0,33.0,213.0,911.0,37.0,474.4,3.7,81.2
금천구,2023,0.0,784.0,58.0,25.0,0.0,1116.0,81.0,28.0,178.0,2904645.0,92.0,507.0,25.0,139.0,746.0,32.0,225.0,599.0,52.0,244.0,941.0,54.0,511.0,2.9,82.6
노원구,2005,0.0,0.0,0.0,0.0,0.0,0.0,0.0,0.0,0.0,0.0,0.0,0.0,0.0,0.0,0.0,0.0,388.0,1303.0,31.0,420.0,2184.0,54.0,422.2,3.2,105.3
노원구,2006,0.0,0.0,0.0,0.0,0.0,0.0,0.0,0.0,184.0,0.0,0.0,0.0,0.0,0.0,0.0,0.0,341.0,1206.0,36.0,367.0,2051.0,45.0,393.6,2.6,96.3
노원구,2007,0.0,0.0,0.0,0.0,0.0,0.0,0.0,0.0,205.0,0.0,0.0,0.0,0.0,0.0,0.0,0.0,390.0,1286.0,31.0,416.0,1955.0,35.0,383.1,4.2,102.6
노원구,2008,0.0,0.0,0.0,0.0,0.0,0.0,0.0,0.0,269.0,7452795.0,0.0,0.0,0.0,0.0,0.0,0.0,455.0,1244.0,43.0,470.0,1980.0,48.0,398.8,3.5,104.0
노원구,2009,0.0,0.0,0.0,0.0,0.0,0.0,0.0,0.0,323.0,7414878.0,0.0,0.0,0.0,0.0,0.0,0.0,472.0,1311.0,45.0,495.0,2068.0,58.0,423.0,3.4,108.4
노원구,2010,0.0,0.0,0.0,0.0,0.0,0.0,0.0,0.0,219.0,7364520.0,0.0,0.0,0.0,0.0,0.0,0.0,443.0,1197.0,43.0,473.0,1931.0,55.0,395.5,4.1,99.2
노원구,2011,0.0,0.0,0.0,0.0,0.0,0.0,0.0,0.0,192.0,7322703.0,0.0,0.0,0.0,0.0,0.0,0.0,436.0,1061.0,32.0,468.0,1743.0,34.0,366.9,2.3,90.5
노원구,2012,0.0,0.0,0.0,0.0,0.0,0.0,0.0,0.0,228.0,7247733.0,0.0,0.0,0.0,0.0,0.0,0.0,420.0,1164.0,39.0,449.0,1846.0,48.0,387.8,2.2,96.0
노원구,2013,18.0,1271.0,126.0,106.0,29.0,1822.0,178.0,158.0,253.0,7163457.0,0.0,0.0,0.0,0.0,0.0,0.0,397.0,1087.0,38.0,410.0,1729.0,49.0,366.1,2.2,90.5
노원구,2014,10.0,1364.0,90.0,47.0,15.0,1856.0,113.0,66.0,241.0,7068891.0,0.0,0.0,0.0,0.0,0.0,0.0,412.0,1062.0,42.0,440.0,1566.0,49.0,347.7,2.9,90.1
노원구,2015,8.0,1308.0,99.0,43.0,15.0,1905.0,140.0,52.0,221.0,6980214.0,0.0,0.0,0.0,0.0,0.0,0.0,399.0,1008.0,52.0,419.0,1622.0,72.0,362.8,2.6,85.9
노원구,2016,7.0,1378.0,103.0,47.0,9.0,1978.0,166.0,76.0,256.0,6900891.0,0.0,0.0,0.0,0.0,0.0,0.0,387.0,1097.0,51.0,418.0,1751.0,60.0,388.0,2.3,89.8
노원구,2017,13.0,1348.0,99.0,39.0,23.0,1839.0,136.0,68.0,257.0,6768444.0,87.0,1014.0,21.0,119.0,1442.0,35.0,376.0,1075.0,48.0,404.0,1598.0,64.0,368.2,2.0,88.3
노원구,2018,10.0,1324.0,125.0,94.0,11.0,1872.0,196.0,138.0,211.0,6624627.0,75.0,1106.0,22.0,102.0,1644.0,30.0,383.0,1138.0,48.0,411.0,1774.0,56.0,406.3,2.6,93.1
노원구,2019,3.0,1518.0,111.0,70.0,6.0,2079.0,134.0,90.0,188.0,6495663.0,86.0,1060.0,43.0,113.0,1510.0,58.0,415.0,1254.0,34.0,443.0,1825.0,42.0,428.4,1.5,102.0
노원구,2020,5.0,1273.0,105.0,77.0,7.0,1759.0,147.0,106.0,156.0,6375300.0,47.0,898.0,35.0,60.0,1311.0,46.0,286.0,1142.0,34.0,301.0,1678.0,42.0,382.5,0.9,87.1
노원구,2021,6.0,1255.0,90.0,50.0,7.0,1743.0,125.0,57.0,158.0,6222642.0,66.0,863.0,31.0,103.0,1234.0,35.0,280.0,1078.0,55.0,300.0,1588.0,60.0,376.7,1.6,84.4
노원구,2022,10.0,1240.0,69.0,56.0,12.0,1730.0,95.0,71.0,154.0,6132921.0,67.0,855.0,28.0,86.0,1259.0,35.0,310.0,1030.0,44.0,326.0,1538.0,55.0,376.6,1.2,82.5
노원구,2023,5.0,1247.0,82.0,27.0,6.0,1723.0,104.0,37.0,180.0,6056934.0,81.0,881.0,40.0,109.0,1228.0,61.0,269.0,1065.0,32.0,283.0,1555.0,40.0,371.6,1.8,81.5
도봉구,2005,0.0,0.0,0.0,0.0,0.0,0.0,0.0,0.0,0.0,0.0,0.0,0.0,0.0,0.0,0.0,0.0,267.0,652.0,9.0,281.0,1123.0,13.0,367.5,2.1,87.7
도봉구,2006,0.0,0.0,0.0,0.0,0.0,0.0,0.0,0.0,127.0,0.0,0.0,0.0,0.0,0.0,0.0,0.0,218.0,620.0,18.0,242.0,1116.0,23.0,361.3,2.4,80.9
도봉구,2007,0.0,0.0,0.0,0.0,0.0,0.0,0.0,0.0,136.0,0.0,0.0,0.0,0.0,0.0,0.0,0.0,239.0,540.0,17.0,265.0,918.0,19.0,314.6,2.9,74.5
도봉구,2008,0.0,0.0,0.0,0.0,0.0,0.0,0.0,0.0,236.0,4532286.0,0.0,0.0,0.0,0.0,0.0,0.0,323.0,688.0,25.0,345.0,1110.0,29.0,389.4,4.5,96.6
도봉구,2009,0.0,0.0,0.0,0.0,0.0,0.0,0.0,0.0,226.0,4492107.0,0.0,0.0,0.0,0.0,0.0,0.0,281.0,685.0,22.0,309.0,1089.0,24.0,377.3,4.6,91.5
도봉구,2010,0.0,0.0,0.0,0.0,0.0,0.0,0.0,0.0,171.0,4437372.0,0.0,0.0,0.0,0.0,0.0,0.0,289.0,665.0,21.0,305.0,1043.0,25.0,367.4,3.0,90.7
도봉구,2011,0.0,0.0,0.0,0.0,0.0,0.0,0.0,0.0,126.0,4429944.0,0.0,0.0,0.0,0.0,0.0,0.0,293.0,614.0,26.0,307.0,960.0,27.0,347.6,4.1,86.2
도봉구,2012,0.0,0.0,0.0,0.0,0.0,0.0,0.0,0.0,148.0,4387662.0,0.0,0.0,0.0,0.0,0.0,0.0,324.0,634.0,25.0,337.0,944.0,29.0,355.1,4.4,90.6
도봉구,2013,9.0,736.0,60.0,70.0,13.0,1004.0,75.0,95.0,201.0,4347186.0,0.0,0.0,0.0,0.0,0.0,0.0,290.0,619.0,25.0,305.0,932.0,30.0,349.1,2.2,85.9
도봉구,2014,6.0,765.0,55.0,39.0,12.0,1009.0,80.0,50.0,184.0,4293993.0,0.0,0.0,0.0,0.0,0.0,0.0,312.0,582.0,25.0,326.0,864.0,29.0,338.8,3.9,83.9
도봉구,2015,3.0,800.0,82.0,29.0,8.0,1087.0,120.0,48.0,180.0,4254699.0,0.0,0.0,0.0,0.0,0.0,0.0,270.0,602.0,42.0,280.0,925.0,58.0,355.3,2.3,82.6
도봉구,2016,2.0,832.0,75.0,26.0,2.0,1138.0,118.0,43.0,206.0,4218630.0,0.0,0.0,0.0,0.0,0.0,0.0,298.0,621.0,30.0,315.0,968.0,34.0,372.9,3.1,84.9
도봉구,2017,4.0,807.0,61.0,70.0,5.0,1061.0,80.0,99.0,184.0,4170477.0,55.0,590.0,21.0,72.0,801.0,28.0,309.0,593.0,42.0,321.0,884.0,43.0,357.9,2.6,84.3
도봉구,2018,4.0,709.0,66.0,45.0,7.0,911.0,86.0,63.0,220.0,4121328.0,64.0,522.0,13.0,78.0,715.0,21.0,282.0,504.0,38.0,296.0,730.0,41.0,310.6,1.8,73.5
도봉구,2019,1.0,743.0,55.0,53.0,1.0,1011.0,78.0,77.0,156.0,4056945.0,55.0,487.0,18.0,83.0,687.0,23.0,263.0,554.0,35.0,285.0,844.0,38.0,346.5,1.2,76.6
도봉구,2020,2.0,618.0,66.0,54.0,5.0,822.0,90.0,79.0,141.0,3965700.0,47.0,414.0,9.0,94.0,542.0,17.0,224.0,490.0,27.0,234.0,733.0,30.0,302.4,2.1,66.9
도봉구,2021,3.0,497.0,34.0,34.0,3.0,641.0,47.0,51.0,128.0,3858765.0,38.0,328.0,11.0,46.0,444.0,14.0,167.0,395.0,29.0,182.0,556.0,33.0,240.5,0.9,54.1
도봉구,2022,1.0,459.0,38.0,19.0,1.0,619.0,47.0,24.0,142.0,3791667.0,35.0,294.0,12.0,40.0,414.0,16.0,159.0,343.0,20.0,178.0,508.0,21.0,224.5,0.6,47.9
도봉구,2023,1.0,467.0,43.0,17.0,2.0,608.0,53.0,27.0,171.0,3731613.0,48.0,310.0,12.0,51.0,434.0,16.0,134.0,363.0,33.0,141.0,516.0,35.0,221.3,2.3,48.9
동대문구,2005,0.0,0.0,0.0,0.0,0.0,0.0,0.0,0.0,0.0,0.0,0.0,0.0,0.0,0.0,0.0,0.0,415.0,1254.0,31.0,429.0,2042.0,39.0,644.4,5.4,155.4
동대문구,2006,0.0,0.0,0.0,0.0,0.0,0.0,0.0,0.0,196.0,0.0,0.0,0.0,0.0,0.0,0.0,0.0,427.0,1282.0,39.0,453.0,1940.0,47.0,626.1,6.5,158.2
동대문구,2007,0.0,0.0,0.0,0.0,0.0,0.0,0.0,0.0,339.0,0.0,0.0,0.0,0.0,0.0,0.0,0.0,447.0,1266.0,44.0,466.0,1944.0,53.0,631.4,7.0,157.9
동대문구,2008,0.0,0.0,0.0,0.0,0.0,0.0,0.0,0.0,282.0,4614198.0,0.0,0.0,0.0,0.0,0.0,0.0,435.0,1204.0,39.0,458.0,1915.0,45.0,622.8,10.7,150.5
동대문구,2009,0.0,0.0,0.0,0.0,0.0,0.0,0.0,0.0,234.0,4540038.0,0.0,0.0,0.0,0.0,0.0,0.0,514.0,1415.0,54.0,548.0,2028.0,66.0,698.7,7.2,177.6
동대문구,2010,0.0,0.0,0.0,0.0,0.0,0.0,0.0,0.0,190.0,4499925.0,0.0,0.0,0.0,0.0,0.0,0.0,488.0,1270.0,76.0,521.0,1902.0,86.0,654.8,6.6,162.1
동대문구,2011,0.0,0.0,0.0,0.0,0.0,0.0,0.0,0.0,190.0,4557513.0,0.0,0.0,0.0,0.0,0.0,0.0,474.0,1242.0,61.0,508.0,1870.0,66.0,642.2,3.4,155.8
동대문구,2012,0.0,0.0,0.0,0.0,0.0,0.0,0.0,0.0,156.0,4530015.0,0.0,0.0,0.0,0.0,0.0,0.0,500.0,1316.0,65.0,530.0,1932.0,69.0,668.4,5.3,161.8
동대문구,2013,7.0,1601.0,159.0,166.0,9.0,2058.0,199.0,223.0,183.0,4517877.0,0.0,0.0,0.0,0.0,0.0,0.0,533.0,1366.0,71.0,570.0,1890.0,80.0,670.5,4.3,167.5
동대문구,2014,14.0,1588.0,103.0,95.0,19.0,2061.0,151.0,131.0,202.0,4505772.0,0.0,0.0,0.0,0.0,0.0,0.0,492.0,1284.0,72.0,521.0,1827.0,86.0,639.6,7.2,154.3
동대문구,2015,2.0,1803.0,165.0,106.0,4.0,2368.0,219.0,146.0,199.0,4500690.0,0.0,0.0,0.0,0.0,0.0,0.0,577.0,1442.0,66.0,613.0,2060.0,74.0,730.6,4.3,172.5
동대문구,2016,2.0,1776.0,137.0,131.0,8.0,2252.0,183.0,193.0,211.0,4462308.0,0.0,0.0,0.0,0.0,0.0,0.0,584.0,1407.0,60.0,611.0,1968.0,64.0,709.9,3.8,168.9
동대문구,2017,6.0,1479.0,81.0,147.0,7.0,1864.0,108.0,180.0,175.0,4413978.0,76.0,1030.0,47.0,89.0,1373.0,53.0,518.0,1128.0,72.0,535.0,1547.0,82.0,584.4,6.8,141.2
동대문구,2018,5.0,1494.0,86.0,93.0,6.0,1909.0,109.0,124.0,179.0,4379784.0,81.0,1012.0,33.0,119.0,1340.0,41.0,492.0,1153.0,54.0,513.0,1603.0,58.0,592.9,3.8,139.2
동대문구,2019,1.0,1377.0,83.0,97.0,1.0,1769.0,104.0,120.0,168.0,4359495.0,70.0,893.0,44.0,88.0,1173.0,55.0,424.0,1091.0,50.0,452.0,1500.0,51.0,547.6,4.1,128.7
동대문구,2020,2.0,1230.0,88.0,97.0,2.0,1583.0,113.0,117.0,122.0,4316598.0,48.0,771.0,39.0,53.0,1026.0,46.0,331.0,1067.0,50.0,350.0,1454.0,51.0,516.8,2.8,118.7
동대문구,2021,8.0,1162.0,75.0,105.0,10.0,1389.0,96.0,123.0,135.0,4225383.0,55.0,765.0,41.0,63.0,960.0,46.0,311.0,1048.0,31.0,316.0,1326.0,31.0,470.4,4.8,113.4
동대문구,2022,9.0,1344.0,84.0,70.0,9.0,1620.0,108.0,89.0,152.0,4236351.0,66.0,854.0,46.0,80.0,1064.0,54.0,415.0,1070.0,49.0,437.0,1365.0,53.0,521.2,3.4,124.0
동대문구,2023,4.0,1452.0,115.0,64.0,4.0,1762.0,153.0,84.0,144.0,4288611.0,122.0,938.0,58.0,133.0,1172.0,71.0,385.0,1242.0,47.0,404.0,1594.0,51.0,566.6,2.8,131.7
동작구,2005,0.0,0.0,0.0,0.0,0.0,0.0,0.0,0.0,0.0,0.0,0.0,0.0,0.0,0.0,0.0,0.0,308.0,856.0,29.0,331.0,1419.0,52.0,431.7,2.9,110.8
동작구,2006,0.0,0.0,0.0,0.0,0.0,0.0,0.0,0.0,152.0,0.0,0.0,0.0,0.0,0.0,0.0,0.0,261.0,759.0,31.0,283.0,1322.0,39.0,390.6,5.5,96.9
동작구,2007,0.0,0.0,0.0,0.0,0.0,0.0,0.0,0.0,205.0,0.0,0.0,0.0,0.0,0.0,0.0,0.0,253.0,800.0,33.0,266.0,1361.0,34.0,396.5,3.9,99.5
동작구,2008,0.0,0.0,0.0,0.0,0.0,0.0,0.0,0.0,202.0,4964100.0,0.0,0.0,0.0,0.0,0.0,0.0,252.0,676.0,41.0,265.0,1129.0,52.0,349.4,2.4,89.3
동작구,2009,0.0,0.0,0.0,0.0,0.0,0.0,0.0,0.0,224.0,4925118.0,0.0,0.0,0.0,0.0,0.0,0.0,329.0,850.0,54.0,349.0,1402.0,66.0,441.5,3.9,112.6
동작구,2010,0.0,0.0,0.0,0.0,0.0,0.0,0.0,0.0,224.0,4915842.0,0.0,0.0,0.0,0.0,0.0,0.0,303.0,773.0,55.0,317.0,1219.0,71.0,385.2,3.1,102.3
동작구,2011,0.0,0.0,0.0,0.0,0.0,0.0,0.0,0.0,194.0,4971024.0,0.0,0.0,0.0,0.0,0.0,0.0,365.0,791.0,36.0,382.0,1261.0,46.0,405.2,3.1,107.6
동작구,2012,0.0,0.0,0.0,0.0,0.0,0.0,0.0,0.0,206.0,4974720.0,0.0,0.0,0.0,0.0,0.0,0.0,355.0,857.0,46.0,368.0,1302.0,51.0,410.1,3.4,110.3
동작구,2013,13.0,1057.0,106.0,55.0,18.0,1579.0,168.0,92.0,153.0,5048868.0,0.0,0.0,0.0,0.0,0.0,0.0,343.0,844.0,46.0,380.0,1408.0,71.0,438.4,2.6,105.7
동작구,2014,13.0,1204.0,94.0,85.0,20.0,1631.0,147.0,112.0,163.0,5054367.0,0.0,0.0,0.0,0.0,0.0,0.0,405.0,918.0,76.0,435.0,1393.0,86.0,453.4,3.1,119.5
동작구,2015,9.0,1225.0,98.0,52.0,17.0,1781.0,129.0,72.0,169.0,4999056.0,0.0,0.0,0.0,0.0,0.0,0.0,393.0,935.0,58.0,416.0,1502.0,83.0,483.1,1.7,118.1
동작구,2016,8.0,1343.0,78.0,39.0,13.0,1865.0,107.0,58.0,200.0,4964277.0,0.0,0.0,0.0,0.0,0.0,0.0,456.0,960.0,55.0,480.0,1508.0,59.0,490.8,4.6,123.3
동작구,2017,11.0,1272.0,63.0,61.0,19.0,1864.0,84.0,94.0,212.0,4928799.0,93.0,907.0,27.0,136.0,1393.0,39.0,388.0,972.0,49.0,420.0,1588.0,55.0,500.1,4.9,117.5
동작구,2018,11.0,1251.0,105.0,43.0,13.0,1695.0,137.0,52.0,193.0,4893900.0,90.0,909.0,27.0,125.0,1277.0,38.0,427.0,933.0,52.0,454.0,1393.0,54.0,462.2,2.2,117.2
동작구,2019,3.0,1282.0,85.0,35.0,3.0,1832.0,130.0,59.0,205.0,4930290.0,94.0,868.0,25.0,136.0,1276.0,60.0,399.0,961.0,46.0,439.0,1535.0,52.0,494.2,1.2,116.6
동작구,2020,3.0,1152.0,112.0,36.0,4.0,1618.0,153.0,50.0,139.0,4862301.0,80.0,742.0,39.0,108.0,1100.0,51.0,308.0,936.0,63.0,326.0,1437.0,66.0,453.0,2.5,108.1
동작구,2021,10.0,988.0,80.0,54.0,12.0,1323.0,100.0,77.0,121.0,4757766.0,47.0,673.0,35.0,71.0,911.0,50.0,285.0,829.0,34.0,299.0,1197.0,35.0,385.4,2.8,94.4
동작구,2022,5.0,1053.0,71.0,41.0,5.0,1433.0,106.0,51.0,178.0,4718217.0,86.0,728.0,31.0,101.0,1061.0,42.0,302.0,862.0,53.0,314.0,1286.0,58.0,422.9,1.8,101.5
동작구,2023,3.0,998.0,83.0,118.0,9.0,1331.0,121.0,163.0,149.0,4685022.0,82.0,815.0,34.0,100.0,1141.0,42.0,324.0,870.0,48.0,346.0,1279.0,49.0,428.0,1.5,103.3
마포구,2005,0.0,0.0,0.0,0.0,0.0,0.0,0.0,0.0,0.0,0.0,0.0,0.0,0.0,0.0,0.0,0.0,309.0,1217.0,26.0,342.0,2173.0,29.0,640.2,6.9,126.9
마포구,2006,0.0,0.0,0.0,0.0,0.0,0.0,0.0,0.0,132.0,0.0,0.0,0.0,0.0,0.0,0.0,0.0,311.0,1244.0,34.0,342.0,2071.0,38.0,611.8,5.5,127.1
마포구,2007,0.0,0.0,0.0,0.0,0.0,0.0,0.0,0.0,236.0,0.0,0.0,0.0,0.0,0.0,0.0,0.0,304.0,1085.0,50.0,334.0,1868.0,63.0,559.7,6.0,113.7
마포구,2008,0.0,0.0,0.0,0.0,0.0,0.0,0.0,0.0,278.0,4774104.0,0.0,0.0,0.0,0.0,0.0,0.0,367.0,1269.0,37.0,397.0,2113.0,46.0,646.9,3.1,134.7
마포구,2009,0.0,0.0,0.0,0.0,0.0,0.0,0.0,0.0,176.0,4723038.0,0.0,0.0,0.0,0.0,0.0,0.0,400.0,1207.0,51.0,440.0,2056.0,59.0,643.9,7.4,132.9
마포구,2010,0.0,0.0,0.0,0.0,0.0,0.0,0.0,0.0,167.0,4731744.0,0.0,0.0,0.0,0.0,0.0,0.0,401.0,1270.0,55.0,431.0,2220.0,68.0,673.5,5.5,136.4
마포구,2011,0.0,0.0,0.0,0.0,0.0,0.0,0.0,0.0,198.0,4810359.0,0.0,0.0,0.0,0.0,0.0,0.0,389.0,1174.0,60.0,415.0,2061.0,77.0,634.7,5.8,127.0
마포구,2012,0.0,0.0,0.0,0.0,0.0,0.0,0.0,0.0,188.0,4749852.0,0.0,0.0,0.0,0.0,0.0,0.0,376.0,1133.0,52.0,411.0,1900.0,75.0,600.4,5.8,121.6
마포구,2013,19.0,1534.0,109.0,84.0,33.0,2428.0,174.0,119.0,205.0,4712055.0,0.0,0.0,0.0,0.0,0.0,0.0,434.0,1241.0,72.0,467.0,2198.0,90.0,698.5,5.9,135.1
마포구,2014,10.0,1594.0,106.0,48.0,17.0,2405.0,148.0,82.0,230.0,4703433.0,0.0,0.0,0.0,0.0,0.0,0.0,451.0,1260.0,48.0,488.0,2096.0,69.0,665.2,5.1,132.4
마포구,2015,2.0,1613.0,148.0,37.0,2.0,2452.0,244.0,47.0,221.0,4793889.0,0.0,0.0,0.0,0.0,0.0,0.0,472.0,1263.0,67.0,511.0,2158.0,78.0,685.3,4.3,133.8
마포구,2016,8.0,1556.0,117.0,83.0,17.0,2305.0,166.0,127.0,251.0,4733745.0,0.0,0.0,0.0,0.0,0.0,0.0,437.0,1274.0,57.0,463.0,2086.0,71.0,666.4,3.8,131.5
마포구,2017,11.0,1724.0,88.0,35.0,15.0,2582.0,153.0,50.0,213.0,4655346.0,58.0,1336.0,38.0,72.0,2119.0,44.0,462.0,1340.0,57.0,496.0,2236.0,69.0,724.0,2.1,138.9
마포구,2018,8.0,1518.0,101.0,27.0,11.0,2226.0,139.0,40.0,239.0,4627566.0,76.0,1201.0,29.0,114.0,1815.0,41.0,397.0,1220.0,54.0,420.0,1962.0,58.0,628.7,2.8,123.7
마포구,2019,5.0,1295.0,96.0,48.0,9.0,1817.0,155.0,68.0,217.0,4632258.0,79.0,992.0,35.0,111.0,1483.0,47.0,360.0,1094.0,40.0,385.0,1697.0,48.0,550.1,1.8,110.6
마포구,2020,3.0,1115.0,95.0,53.0,3.0,1549.0,131.0,73.0,219.0,4609185.0,49.0,817.0,29.0,59.0,1207.0,33.0,265.0,974.0,33.0,284.0,1446.0,37.0,459.3,3.4,92.9
마포구,2021,5.0,969.0,83.0,42.0,8.0,1411.0,109.0,55.0,217.0,4549233.0,44.0,712.0,27.0,64.0,1048.0,54.0,228.0,854.0,20.0,240.0,1326.0,21.0,415.4,3.7,79.2
마포구,2022,4.0,947.0,44.0,34.0,4.0,1328.0,63.0,42.0,237.0,4525698.0,51.0,719.0,15.0,58.0,1035.0,21.0,238.0,809.0,18.0,254.0,1220.0,19.0,394.9,2.7,78.2
마포구,2023,3.0,1052.0,87.0,48.0,4.0,1469.0,119.0,59.0,260.0,4510884.0,69.0,858.0,35.0,103.0,1223.0,52.0,272.0,959.0,19.0,292.0,1418.0,19.0,457.1,3.7,91.2
서대문구,2005,0.0,0.0,0.0,0.0,0.0,0.0,0.0,0.0,0.0,0.0,0.0,0.0,0.0,0.0,0.0,0.0,272.0,753.0,24.0,285.0,1288.0,32.0,446.4,4.5,109.8
서대문구,2006,0.0,0.0,0.0,0.0,0.0,0.0,0.0,0.0,149.0,0.0,0.0,0.0,0.0,0.0,0.0,0.0,266.0,647.0,22.0,281.0,1044.0,30.0,377.1,2.8,97.0
서대문구,2007,0.0,0.0,0.0,0.0,0.0,0.0,0.0,0.0,269.0,0.0,0.0,0.0,0.0,0.0,0.0,0.0,294.0,716.0,21.0,305.0,1198.0,23.0,423.6,3.6,106.0
서대문구,2008,0.0,0.0,0.0,0.0,0.0,0.0,0.0,0.0,293.0,4180344.0,0.0,0.0,0.0,0.0,0.0,0.0,318.0,726.0,37.0,337.0,1169.0,38.0,449.0,4.1,114.7
서대문구,2009,0.0,0.0,0.0,0.0,0.0,0.0,0.0,0.0,243.0,4052388.0,0.0,0.0,0.0,0.0,0.0,0.0,339.0,854.0,38.0,368.0,1428.0,41.0,537.9,7.7,130.7
서대문구,2010,0.0,0.0,0.0,0.0,0.0,0.0,0.0,0.0,202.0,4009965.0,0.0,0.0,0.0,0.0,0.0,0.0,335.0,766.0,40.0,365.0,1317.0,52.0,514.9,4.5,122.1
서대문구,2011,0.0,0.0,0.0,0.0,0.0,0.0,0.0,0.0,202.0,3936021.0,0.0,0.0,0.0,0.0,0.0,0.0,341.0,679.0,41.0,368.0,1096.0,46.0,461.0,4.3,115.7
서대문구,2012,0.0,0.0,0.0,0.0,0.0,0.0,0.0,0.0,161.0,3870042.0,0.0,0.0,0.0,0.0,0.0,0.0,301.0,702.0,38.0,329.0,1281.0,48.0,506.6,4.0,111.1
서대문구,2013,16.0,926.0,89.0,47.0,23.0,1363.0,128.0,75.0,213.0,3904821.0,0.0,0.0,0.0,0.0,0.0,0.0,323.0,702.0,56.0,343.0,1179.0,70.0,486.9,4.3,115.0
서대문구,2014,10.0,966.0,60.0,84.0,10.0,1383.0,84.0,127.0,196.0,3875850.0,0.0,0.0,0.0,0.0,0.0,0.0,364.0,705.0,53.0,381.0,1164.0,61.0,495.5,5.0,118.8
서대문구,2015,0.0,946.0,63.0,61.0,0.0,1326.0,93.0,85.0,201.0,3837696.0,0.0,0.0,0.0,0.0,0.0,0.0,356.0,658.0,57.0,385.0,1055.0,65.0,461.8,4.0,110.2
서대문구,2016,1.0,981.0,51.0,102.0,1.0,1347.0,72.0,160.0,206.0,3918267.0,0.0,0.0,0.0,0.0,0.0,0.0,314.0,767.0,54.0,333.0,1185.0,62.0,480.6,4.3,114.3
서대문구,2017,5.0,946.0,33.0,48.0,7.0,1305.0,49.0,77.0,221.0,3915246.0,76.0,667.0,20.0,108.0,965.0,24.0,310.0,674.0,48.0,339.0,1047.0,52.0,440.0,2.5,102.2
서대문구,2018,1.0,911.0,50.0,70.0,1.0,1232.0,72.0,102.0,221.0,3881127.0,74.0,673.0,23.0,101.0,955.0,32.0,325.0,659.0,49.0,348.0,999.0,61.0,434.3,1.5,101.6
서대문구,2019,2.0,962.0,59.0,81.0,3.0,1386.0,89.0,133.0,252.0,3888504.0,84.0,677.0,22.0,153.0,1016.0,26.0,326.0,736.0,51.0,342.0,1224.0,57.0,497.9,4.3,109.2
서대문구,2020,0.0,808.0,55.0,63.0,0.0,1094.0,76.0,90.0,197.0,3890733.0,55.0,556.0,18.0,63.0,799.0,23.0,207.0,686.0,35.0,222.0,1002.0,38.0,388.9,1.9,88.7
서대문구,2021,4.0,790.0,49.0,85.0,6.0,1011.0,70.0,126.0,242.0,3805761.0,59.0,526.0,19.0,72.0,718.0,24.0,216.0,665.0,49.0,235.0,925.0,55.0,382.1,2.9,90.9
서대문구,2022,2.0,839.0,45.0,82.0,2.0,1115.0,50.0,130.0,202.0,3813909.0,88.0,576.0,23.0,114.0,781.0,31.0,255.0,658.0,61.0,263.0,981.0,64.0,407.8,1.6,93.2
서대문구,2023,2.0,785.0,57.0,68.0,3.0,1040.0,75.0,100.0,190.0,3857100.0,80.0,604.0,24.0,107.0,831.0,35.0,223.0,641.0,52.0,231.0,935.0,58.0,380.5,1.2,86.9
서초구,2005,0.0,0.0,0.0,0.0,0.0,0.0,0.0,0.0,0.0,0.0,0.0,0.0,0.0,0.0,0.0,0.0,266.0,1273.0,32.0,278.0,2208.0,41.0,614.7,6.4,92.2
서초구,2006,0.0,0.0,0.0,0.0,0.0,0.0,0.0,0.0,185.0,0.0,0.0,0.0,0.0,0.0,0.0,0.0,278.0,1291.0,56.0,293.0,2243.0,67.0,623.2,5.6,92.6
서초구,2007,0.0,0.0,0.0,0.0,0.0,0.0,0.0,0.0,260.0,0.0,0.0,0.0,0.0,0.0,0.0,0.0,307.0,1418.0,59.0,327.0,2481.0,84.0,696.9,5.1,93.1
서초구,2008,0.0,0.0,0.0,0.0,0.0,0.0,0.0,0.0,285.0,4947687.0,0.0,0.0,0.0,0.0,0.0,0.0,354.0,1569.0,62.0,373.0,2879.0,77.0,803.8,4.1,112.0
서초구,2009,0.0,0.0,0.0,0.0,0.0,0.0,0.0,0.0,259.0,5100312.0,0.0,0.0,0.0,0.0,0.0,0.0,404.0,1760.0,64.0,454.0,3057.0,83.0,828.1,5.6,125.7
서초구,2010,0.0,0.0,0.0,0.0,0.0,0.0,0.0,0.0,201.0,5219421.0,0.0,0.0,0.0,0.0,0.0,0.0,447.0,1630.0,75.0,483.0,2825.0,84.0,766.3,4.5,119.2
서초구,2011,0.0,0.0,0.0,0.0,0.0,0.0,0.0,0.0,213.0,5268897.0,0.0,0.0,0.0,0.0,0.0,0.0,470.0,1509.0,69.0,487.0,2614.0,105.0,726.4,3.9,112.8
서초구,2012,0.0,0.0,0.0,0.0,0.0,0.0,0.0,0.0,212.0,5292024.0,0.0,0.0,0.0,0.0,0.0,0.0,516.0,1500.0,74.0,537.0,2617.0,85.0,730.5,5.7,113.1
서초구,2013,15.0,1798.0,171.0,70.0,23.0,2909.0,274.0,116.0,198.0,5328330.0,0.0,0.0,0.0,0.0,0.0,0.0,468.0,1525.0,62.0,496.0,2748.0,79.0,739.9,4.3,110.0
서초구,2014,9.0,1987.0,157.0,54.0,15.0,3087.0,259.0,80.0,302.0,5411952.0,0.0,0.0,0.0,0.0,0.0,0.0,556.0,1587.0,74.0,579.0,2791.0,89.0,758.5,2.9,114.6
서초구,2015,5.0,1900.0,175.0,75.0,7.0,2986.0,267.0,113.0,281.0,5427021.0,0.0,0.0,0.0,0.0,0.0,0.0,496.0,1595.0,69.0,519.0,2776.0,83.0,744.1,4.4,111.8
서초구,2016,7.0,2101.0,146.0,55.0,12.0,3164.0,219.0,90.0,275.0,5407419.0,0.0,0.0,0.0,0.0,0.0,0.0,461.0,1774.0,78.0,483.0,2913.0,93.0,769.3,3.5,119.0
서초구,2017,12.0,2151.0,108.0,84.0,14.0,3236.0,192.0,120.0,222.0,5372472.0,88.0,1813.0,56.0,141.0,2788.0,80.0,556.0,1751.0,54.0,582.0,2924.0,63.0,796.6,4.7,120.7
서초구,2018,17.0,2226.0,148.0,70.0,30.0,3299.0,194.0,116.0,216.0,5306565.0,131.0,1883.0,44.0,188.0,2797.0,74.0,524.0,1905.0,49.0,548.0,3051.0,59.0,830.7,4.1,126.9
서초구,2019,3.0,2211.0,117.0,56.0,6.0,3246.0,167.0,87.0,212.0,5229009.0,111.0,1778.0,70.0,166.0,2650.0,103.0,461.0,1892.0,65.0,477.0,2991.0,76.0,811.3,3.2,124.9
서초구,2020,5.0,2020.0,136.0,61.0,5.0,2730.0,212.0,101.0,206.0,5180649.0,95.0,1586.0,58.0,138.0,2214.0,93.0,393.0,1813.0,44.0,417.0,2620.0,47.0,716.7,2.1,116.2
서초구,2021,12.0,1858.0,148.0,83.0,18.0,2569.0,212.0,121.0,218.0,5050467.0,101.0,1458.0,49.0,158.0,2043.0,63.0,375.0,1694.0,49.0,389.0,2498.0,53.0,704.5,1.9,112.2
서초구,2022,7.0,2040.0,122.0,69.0,10.0,3061.0,183.0,101.0,198.0,4928004.0,129.0,1652.0,62.0,193.0,2519.0,91.0,431.0,1791.0,42.0,451.0,2895.0,53.0,830.2,2.0,120.1
서초구,2023,8.0,1908.0,147.0,92.0,13.0,2939.0,218.0,138.0,210.0,4921728.0,127.0,1564.0,61.0,269.0,2360.0,80.0,366.0,1745.0,57.0,382.0,2880.0,64.0,805.4,1.7,114.9
성동구,2005,0.0,0.0,0.0,0.0,0.0,0.0,0.0,0.0,0.0,0.0,0.0,0.0,0.0,0.0,0.0,0.0,249.0,877.0,20.0,259.0,1322.0,28.0,465.7,3.8,107.0
성동구,2006,0.0,0.0,0.0,0.0,0.0,0.0,0.0,0.0,134.0,0.0,0.0,0.0,0.0,0.0,0.0,0.0,227.0,800.0,28.0,240.0,1285.0,46.0,456.4,4.4,97.9
성동구,2007,0.0,0.0,0.0,0.0,0.0,0.0,0.0,0.0,154.0,0.0,0.0,0.0,0.0,0.0,0.0,0.0,230.0,935.0,22.0,246.0,1410.0,35.0,490.3,4.7,108.6
성동구,2008,0.0,0.0,0.0,0.0,0.0,0.0,0.0,0.0,213.0,3990873.0,0.0,0.0,0.0,0.0,0.0,0.0,244.0,873.0,24.0,250.0,1357.0,26.0,500.8,5.3,109.2
성동구,2009,0.0,0.0,0.0,0.0,0.0,0.0,0.0,0.0,258.0,3817860.0,0.0,0.0,0.0,0.0,0.0,0.0,275.0,948.0,48.0,287.0,1418.0,53.0,552.1,4.1,121.5
성동구,2010,0.0,0.0,0.0,0.0,0.0,0.0,0.0,0.0,181.0,3785028.0,0.0,0.0,0.0,0.0,0.0,0.0,231.0,823.0,43.0,239.0,1254.0,50.0,482.2,4.7,103.3
성동구,2011,0.0,0.0,0.0,0.0,0.0,0.0,0.0,0.0,153.0,3745791.0,0.0,0.0,0.0,0.0,0.0,0.0,257.0,866.0,31.0,267.0,1323.0,34.0,519.2,6.8,109.0
성동구,2012,0.0,0.0,0.0,0.0,0.0,0.0,0.0,0.0,178.0,3690375.0,0.0,0.0,0.0,0.0,0.0,0.0,212.0,736.0,38.0,226.0,1128.0,52.0,456.2,2.0,91.6
성동구,2013,5.0,947.0,73.0,38.0,5.0,1252.0,102.0,55.0,173.0,3698400.0,0.0,0.0,0.0,0.0,0.0,0.0,256.0,809.0,35.0,273.0,1154.0,39.0,475.6,2.6,100.3
성동구,2014,11.0,1069.0,56.0,19.0,19.0,1542.0,78.0,31.0,191.0,3668796.0,0.0,0.0,0.0,0.0,0.0,0.0,295.0,851.0,43.0,318.0,1358.0,47.0,563.4,3.6,106.4
성동구,2015,4.0,1099.0,86.0,33.0,5.0,1534.0,132.0,55.0,180.0,3663585.0,0.0,0.0,0.0,0.0,0.0,0.0,316.0,869.0,42.0,338.0,1347.0,48.0,565.5,2.6,105.8
성동구,2016,3.0,1028.0,50.0,15.0,8.0,1447.0,73.0,23.0,161.0,3668271.0,0.0,0.0,0.0,0.0,0.0,0.0,281.0,776.0,42.0,292.0,1211.0,53.0,501.7,4.9,91.6
성동구,2017,3.0,951.0,49.0,68.0,3.0,1339.0,73.0,92.0,177.0,3746157.0,30.0,659.0,20.0,60.0,1000.0,27.0,242.0,788.0,46.0,256.0,1204.0,56.0,480.0,4.8,86.9
성동구,2018,8.0,1001.0,69.0,65.0,9.0,1379.0,100.0,82.0,187.0,3792837.0,39.0,723.0,31.0,40.0,1061.0,38.0,271.0,819.0,53.0,285.0,1229.0,56.0,493.3,2.8,90.2
성동구,2019,1.0,1021.0,45.0,23.0,1.0,1359.0,61.0,30.0,170.0,3743604.0,41.0,681.0,29.0,52.0,957.0,43.0,225.0,831.0,35.0,235.0,1175.0,42.0,465.7,4.2,86.3
성동구,2020,1.0,1016.0,77.0,25.0,1.0,1360.0,96.0,33.0,156.0,3645732.0,30.0,662.0,29.0,34.0,939.0,37.0,244.0,845.0,30.0,255.0,1202.0,33.0,492.8,3.0,88.7
성동구,2021,3.0,947.0,46.0,29.0,3.0,1231.0,58.0,33.0,165.0,3543000.0,20.0,635.0,37.0,21.0,866.0,45.0,245.0,784.0,28.0,255.0,1085.0,30.0,465.4,2.7,84.6
성동구,2022,5.0,837.0,47.0,53.0,13.0,1076.0,59.0,76.0,191.0,3478344.0,25.0,569.0,31.0,33.0,776.0,35.0,210.0,713.0,25.0,218.0,981.0,31.0,424.0,2.8,78.0
성동구,2023,8.0,808.0,68.0,35.0,11.0,1074.0,95.0,47.0,177.0,3432339.0,39.0,590.0,33.0,50.0,815.0,43.0,216.0,687.0,16.0,231.0,977.0,19.0,428.8,2.1,75.8
성북구,2005,0.0,0.0,0.0,0.0,0.0,0.0,0.0,0.0,0.0,0.0,0.0,0.0,0.0,0.0,0.0,0.0,426.0,1098.0,26.0,469.0,1774.0,27.0,481.7,4.1,123.0
성북구,2006,0.0,0.0,0.0,0.0,0.0,0.0,0.0,0.0,180.0,0.0,0.0,0.0,0.0,0.0,0.0,0.0,422.0,1119.0,23.0,468.0,1771.0,33.0,469.8,5.0,119.7
성북구,2007,0.0,0.0,0.0,0.0,0.0,0.0,0.0,0.0,224.0,0.0,0.0,0.0,0.0,0.0,0.0,0.0,393.0,977.0,21.0,426.0,1494.0,32.0,407.0,1.9,105.1
성북구,2008,0.0,0.0,0.0,0.0,0.0,0.0,0.0,0.0,238.0,5764308.0,0.0,0.0,0.0,0.0,0.0,0.0,468.0,1276.0,37.0,498.0,1986.0,41.0,520.5,3.9,133.8
성북구,2009,0.0,0.0,0.0,0.0,0.0,0.0,0.0,0.0,202.0,5808222.0,0.0,0.0,0.0,0.0,0.0,0.0,508.0,1329.0,68.0,537.0,2019.0,76.0,540.2,3.1,139.1
성북구,2010,0.0,0.0,0.0,0.0,0.0,0.0,0.0,0.0,194.0,5857884.0,0.0,0.0,0.0,0.0,0.0,0.0,504.0,1070.0,37.0,526.0,1639.0,42.0,441.4,2.0,114.8
성북구,2011,0.0,0.0,0.0,0.0,0.0,0.0,0.0,0.0,177.0,5960967.0,0.0,0.0,0.0,0.0,0.0,0.0,471.0,1040.0,58.0,499.0,1559.0,67.0,425.3,4.4,111.2
성북구,2012,0.0,0.0,0.0,0.0,0.0,0.0,0.0,0.0,212.0,5909436.0,0.0,0.0,0.0,0.0,0.0,0.0,468.0,1040.0,64.0,499.0,1491.0,76.0,418.8,2.2,110.1
성북구,2013,15.0,1292.0,124.0,100.0,33.0,1789.0,178.0,152.0,192.0,5861475.0,0.0,0.0,0.0,0.0,0.0,0.0,448.0,1025.0,63.0,473.0,1606.0,79.0,442.8,1.9,107.4
성북구,2014,16.0,1462.0,96.0,89.0,22.0,1984.0,119.0,118.0,160.0,5767956.0,0.0,0.0,0.0,0.0,0.0,0.0,464.0,1136.0,64.0,514.0,1661.0,69.0,467.9,3.6,116.7
성북구,2015,1.0,1438.0,124.0,113.0,1.0,1979.0,176.0,145.0,130.0,5674233.0,0.0,0.0,0.0,0.0,0.0,0.0,503.0,1119.0,58.0,530.0,1711.0,64.0,486.8,4.1,117.5
성북구,2016,1.0,1414.0,96.0,107.0,1.0,1843.0,125.0,150.0,160.0,5585889.0,0.0,0.0,0.0,0.0,0.0,0.0,482.0,1074.0,62.0,507.0,1542.0,70.0,456.2,2.8,113.4
성북구,2017,9.0,1352.0,102.0,91.0,14.0,1824.0,142.0,101.0,159.0,5502612.0,90.0,1004.0,22.0,122.0,1380.0,49.0,413.0,1074.0,70.0,423.0,1572.0,90.0,454.1,3.7,108.5
성북구,2018,10.0,1209.0,97.0,111.0,12.0,1672.0,157.0,153.0,188.0,5408976.0,90.0,908.0,29.0,129.0,1325.0,39.0,390.0,975.0,62.0,412.0,1506.0,76.0,442.3,3.1,99.9
성북구,2019,3.0,1325.0,95.0,85.0,3.0,1784.0,121.0,105.0,173.0,5433513.0,88.0,960.0,35.0,124.0,1331.0,45.0,406.0,1038.0,65.0,423.0,1511.0,81.0,441.3,1.8,103.5
성북구,2020,2.0,1118.0,96.0,56.0,5.0,1437.0,119.0,65.0,152.0,5411247.0,61.0,806.0,34.0,82.0,1063.0,44.0,340.0,898.0,37.0,355.0,1234.0,40.0,362.8,1.6,86.9
성북구,2021,9.0,1103.0,72.0,65.0,11.0,1398.0,86.0,83.0,157.0,5308080.0,69.0,826.0,27.0,80.0,1056.0,34.0,295.0,948.0,42.0,308.0,1264.0,49.0,364.9,3.4,88.7
성북구,2022,3.0,1166.0,73.0,31.0,4.0,1479.0,94.0,39.0,141.0,5313249.0,83.0,835.0,45.0,103.0,1101.0,52.0,297.0,946.0,45.0,307.0,1280.0,47.0,367.9,1.8,87.9
성북구,2023,8.0,1063.0,92.0,31.0,15.0,1355.0,111.0,34.0,232.0,5283531.0,102.0,776.0,31.0,118.0,1038.0,36.0,302.0,898.0,56.0,314.0,1215.0,60.0,360.8,1.8,85.9
소계,2005,0.0,0.0,0.0,0.0,0.0,0.0,0.0,0.0,0.0,0.0,0.0,0.0,0.0,0.0,0.0,0.0,9111.0,28728.0,771.0,9688.0,47221.0,1010.0,0.0,0.0,0.0
소계,2006,0.0,0.0,0.0,0.0,0.0,0.0,0.0,0.0,0.0,0.0,0.0,0.0,0.0,0.0,0.0,0.0,8852.0,28611.0,835.0,9478.0,46449.0,1047.0,0.0,0.0,0.0
소계,2007,0.0,0.0,0.0,0.0,0.0,0.0,0.0,0.0,0.0,0.0,0.0,0.0,0.0,0.0,0.0,0.0,9371.0,29183.0,855.0,10000.0,46865.0,1098.0,0.0,0.0,0.0
소계,2008,0.0,0.0,0.0,0.0,0.0,0.0,0.0,0.0,0.0,0.0,0.0,0.0,0.0,0.0,0.0,0.0,10468.0,30128.0,1106.0,11096.0,47992.0,1331.0,0.0,0.0,0.0
소계,2009,0.0,0.0,0.0,0.0,0.0,0.0,0.0,0.0,0.0,0.0,0.0,0.0,0.0,0.0,0.0,0.0,10987.0,31978.0,1354.0,11760.0,50677.0,1646.0,0.0,0.0,0.0
소계,2010,0.0,0.0,0.0,0.0,0.0,0.0,0.0,0.0,0.0,0.0,0.0,0.0,0.0,0.0,0.0,0.0,10783.0,29579.0,1300.0,11461.0,47110.0,1576.0,0.0,0.0,0.0
소계,2011,0.0,0.0,0.0,0.0,0.0,0.0,0.0,0.0,0.0,0.0,0.0,0.0,0.0,0.0,0.0,0.0,10869.0,28294.0,1288.0,11555.0,44940.0,1565.0,0.0,0.0,0.0
소계,2012,0.0,0.0,0.0,0.0,0.0,0.0,0.0,0.0,0.0,0.0,0.0,0.0,0.0,0.0,0.0,0.0,10892.0,28537.0,1399.0,11618.0,45718.0,1670.0,0.0,0.0,0.0
소계,2013,322.0,33287.0,3019.0,2329.0,529.0,47929.0,4538.0,3473.0,0.0,0.0,0.0,0.0,0.0,0.0,0.0,0.0,10683.0,27358.0,1398.0,11374.0,44049.0,1716.0,0.0,0.0,0.0
소계,2014,302.0,35339.0,2463.0,2011.0,468.0,49880.0,3620.0,2867.0,0.0,0.0,0.0,0.0,0.0,0.0,0.0,0.0,11118.0,28201.0,1473.0,11835.0,44166.0,1744.0,0.0,0.0,0.0
소계,2015,125.0,36324.0,3132.0,1725.0,202.0,51385.0,4550.0,2434.0,0.0,0.0,0.0,0.0,0.0,0.0,0.0,0.0,11318.0,28854.0,1493.0,12042.0,45202.0,1788.0,0.0,0.0,0.0
소계,2016,131.0,35514.0,2462.0,1583.0,190.0,49469.0,3545.0,2340.0,0.0,0.0,0.0,0.0,0.0,0.0,0.0,0.0,10683.0,28030.0,1326.0,11340.0,43056.0,1621.0,0.0,0.0,0.0
소계,2017,217.0,34622.0,1884.0,1652.0,338.0,48413.0,2760.0,2308.0,0.0,0.0,0.0,0.0,0.0,0.0,0.0,0.0,10249.0,27103.0,1273.0,10895.0,41759.0,1499.0,0.0,0.0,0.0
소계,2018,195.0,34055.0,2465.0,1640.0,302.0,47297.0,3468.0,2379.0,0.0,0.0,0.0,0.0,0.0,0.0,0.0,0.0,9978.0,27522.0,1295.0,10584.0,41985.0,1486.0,0.0,0.0,0.0
소계,2019,61.0,35013.0,2216.0,1541.0,85.0,48311.0,3050.0,2119.0,0.0,0.0,0.0,0.0,0.0,0.0,0.0,0.0,9896.0,28150.0,1212.0,10459.0,42265.0,1430.0,0.0,0.0,0.0
소계,2020,58.0,30859.0,2470.0,1353.0,76.0,41684.0,3475.0,1831.0,0.0,0.0,0.0,0.0,0.0,0.0,0.0,0.0,7671.0,26508.0,1048.0,8109.0,38453.0,1170.0,0.0,0.0,0.0
소계,2021,193.0,29717.0,2018.0,1307.0,257.0,39767.0,2800.0,1742.0,0.0,0.0,0.0,0.0,0.0,0.0,0.0,0.0,7075.0,25926.0,912.0,7452.0,37001.0,1013.0,0.0,0.0,0.0
소계,2022,116.0,29846.0,1769.0,1126.0,158.0,40342.0,2377.0,1510.0,0.0,0.0,0.0,0.0,0.0,0.0,0.0,0.0,7807.0,24898.0,993.0,8200.0,36237.0,1113.0,0.0,0.0,0.0
소계,2023,112.0,29645.0,2224.0,1203.0,160.0,40001.0,3021.0,1604.0,0.0,0.0,0.0,0.0,0.0,0.0,0.0,0.0,7762.0,25029.0,1020.0,8211.0,36277.0,1106.0,0.0,0.0,0.0
송파구,2005,0.0,0.0,0.0,0.0,0.0,0.0,0.0,0.0,0.0,0.0,0.0,0.0,0.0,0.0,0.0,0.0,584.0,1884.0,40.0,612.0,3071.0,50.0,607.5,4.4,124.4
송파구,2006,0.0,0.0,0.0,0.0,0.0,0.0,0.0,0.0,284.0,0.0,0.0,0.0,0.0,0.0,0.0,0.0,548.0,1891.0,48.0,578.0,3107.0,62.0,607.3,4.4,122.4
송파구,2007,0.0,0.0,0.0,0.0,0.0,0.0,0.0,0.0,407.0,0.0,0.0,0.0,0.0,0.0,0.0,0.0,539.0,1906.0,46.0,578.0,2989.0,59.0,572.2,2.7,119.5
송파구,2008,0.0,0.0,0.0,0.0,0.0,0.0,0.0,0.0,279.0,7810929.0,0.0,0.0,0.0,0.0,0.0,0.0,643.0,1922.0,57.0,669.0,3218.0,68.0,580.1,4.4,118.4
송파구,2009,0.0,0.0,0.0,0.0,0.0,0.0,0.0,0.0,283.0,8274321.0,0.0,0.0,0.0,0.0,0.0,0.0,635.0,2051.0,53.0,678.0,3349.0,79.0,592.5,3.2,120.2
송파구,2010,0.0,0.0,0.0,0.0,0.0,0.0,0.0,0.0,215.0,8278989.0,0.0,0.0,0.0,0.0,0.0,0.0,610.0,1873.0,90.0,642.0,3000.0,116.0,539.9,2.3,112.0
송파구,2011,0.0,0.0,0.0,0.0,0.0,0.0,0.0,0.0,312.0,8303838.0,0.0,0.0,0.0,0.0,0.0,0.0,580.0,1907.0,67.0,615.0,2971.0,82.0,526.0,5.2,110.4
송파구,2012,0.0,0.0,0.0,0.0,0.0,0.0,0.0,0.0,270.0,8238162.0,0.0,0.0,0.0,0.0,0.0,0.0,637.0,2123.0,84.0,675.0,3297.0,102.0,596.9,2.1,123.1
송파구,2013,27.0,1984.0,184.0,203.0,70.0,2861.0,276.0,279.0,283.0,8098140.0,0.0,0.0,0.0,0.0,0.0,0.0,563.0,1808.0,102.0,600.0,2865.0,112.0,526.8,3.1,106.8
송파구,2014,32.0,2002.0,164.0,154.0,53.0,2815.0,237.0,203.0,270.0,8109561.0,0.0,0.0,0.0,0.0,0.0,0.0,606.0,1917.0,85.0,650.0,2915.0,94.0,541.1,3.6,111.2
송파구,2015,11.0,2167.0,200.0,138.0,15.0,3050.0,285.0,193.0,247.0,8046972.0,0.0,0.0,0.0,0.0,0.0,0.0,602.0,1991.0,94.0,655.0,3017.0,107.0,563.8,2.4,113.2
송파구,2016,8.0,2315.0,156.0,100.0,12.0,3261.0,228.0,135.0,295.0,7961604.0,0.0,0.0,0.0,0.0,0.0,0.0,611.0,1896.0,91.0,661.0,2899.0,100.0,548.3,2.1,107.7
송파구,2017,12.0,2446.0,142.0,142.0,18.0,3367.0,213.0,207.0,287.0,8024760.0,123.0,1769.0,56.0,178.0,2566.0,69.0,621.0,2061.0,76.0,665.0,3083.0,80.0,566.9,3.4,109.9
송파구,2018,9.0,2484.0,186.0,151.0,10.0,3423.0,267.0,223.0,308.0,8076732.0,124.0,1889.0,71.0,176.0,2736.0,97.0,649.0,2106.0,105.0,687.0,3155.0,117.0,583.8,4.0,111.9
송파구,2019,1.0,2657.0,139.0,65.0,1.0,3706.0,186.0,86.0,317.0,8215863.0,109.0,1920.0,68.0,186.0,2739.0,94.0,592.0,2210.0,90.0,625.0,3265.0,126.0,586.3,1.9,110.4
송파구,2020,4.0,2356.0,164.0,59.0,5.0,3179.0,230.0,88.0,297.0,8128647.0,77.0,1592.0,65.0,101.0,2258.0,81.0,478.0,2064.0,53.0,506.0,2959.0,55.0,520.7,1.6,97.3
송파구,2021,13.0,2292.0,147.0,78.0,20.0,3099.0,209.0,103.0,241.0,7981251.0,69.0,1643.0,67.0,87.0,2302.0,95.0,469.0,2081.0,57.0,499.0,2963.0,61.0,528.5,2.1,97.6
송파구,2022,10.0,2238.0,129.0,44.0,14.0,3130.0,168.0,60.0,332.0,8001780.0,108.0,1645.0,64.0,153.0,2416.0,90.0,521.0,2012.0,48.0,554.0,2999.0,50.0,540.8,1.4,95.7
송파구,2023,17.0,2292.0,198.0,80.0,27.0,3187.0,274.0,94.0,364.0,7944348.0,109.0,1716.0,91.0,135.0,2499.0,121.0,530.0,2035.0,49.0,568.0,2990.0,55.0,545.9,1.5,99.4
양천구,2005,0.0,0.0,0.0,0.0,0.0,0.0,0.0,0.0,0.0,0.0,0.0,0.0,0.0,0.0,0.0,0.0,328.0,947.0,29.0,347.0,1479.0,39.0,367.7,3.2,85.0
양천구,2006,0.0,0.0,0.0,0.0,0.0,0.0,0.0,0.0,153.0,0.0,0.0,0.0,0.0,0.0,0.0,0.0,282.0,964.0,27.0,295.0,1561.0,36.0,371.4,2.8,81.5
양천구,2007,0.0,0.0,0.0,0.0,0.0,0.0,0.0,0.0,177.0,0.0,0.0,0.0,0.0,0.0,0.0,0.0,323.0,846.0,16.0,340.0,1384.0,29.0,341.5,3.1,74.4
양천구,2008,0.0,0.0,0.0,0.0,0.0,0.0,0.0,0.0,217.0,6097434.0,0.0,0.0,0.0,0.0,0.0,0.0,432.0,1071.0,30.0,452.0,1656.0,35.0,417.8,4.1,96.8
양천구,2009,0.0,0.0,0.0,0.0,0.0,0.0,0.0,0.0,251.0,6094812.0,0.0,0.0,0.0,0.0,0.0,0.0,385.0,1315.0,32.0,402.0,1992.0,37.0,476.2,3.6,106.4
양천구,2010,0.0,0.0,0.0,0.0,0.0,0.0,0.0,0.0,195.0,6044808.0,0.0,0.0,0.0,0.0,0.0,0.0,355.0,1073.0,35.0,377.0,1669.0,36.0,409.7,2.4,89.9
양천구,2011,0.0,0.0,0.0,0.0,0.0,0.0,0.0,0.0,206.0,6055632.0,0.0,0.0,0.0,0.0,0.0,0.0,347.0,1049.0,48.0,371.0,1592.0,57.0,396.8,2.8,88.7
양천구,2012,0.0,0.0,0.0,0.0,0.0,0.0,0.0,0.0,196.0,6029544.0,0.0,0.0,0.0,0.0,0.0,0.0,391.0,980.0,47.0,407.0,1592.0,51.0,406.8,2.8,86.2
양천구,2013,14.0,1076.0,136.0,98.0,15.0,1496.0,223.0,164.0,215.0,5981502.0,0.0,0.0,0.0,0.0,0.0,0.0,379.0,910.0,51.0,414.0,1441.0,64.0,383.4,2.8,81.2
양천구,2014,11.0,1167.0,105.0,164.0,12.0,1610.0,155.0,214.0,185.0,5918736.0,0.0,0.0,0.0,0.0,0.0,0.0,398.0,1009.0,59.0,421.0,1520.0,72.0,407.6,2.6,88.7
양천구,2015,4.0,1365.0,107.0,100.0,10.0,1912.0,150.0,151.0,203.0,5879457.0,0.0,0.0,0.0,0.0,0.0,0.0,468.0,1079.0,49.0,495.0,1690.0,60.0,456.2,2.9,95.3
양천구,2016,7.0,1306.0,90.0,85.0,8.0,1782.0,130.0,143.0,219.0,5822928.0,0.0,0.0,0.0,0.0,0.0,0.0,405.0,1046.0,42.0,420.0,1599.0,49.0,426.7,2.5,89.0
양천구,2017,6.0,1196.0,83.0,57.0,9.0,1587.0,125.0,78.0,234.0,5729226.0,53.0,885.0,39.0,70.0,1246.0,51.0,370.0,936.0,37.0,383.0,1375.0,44.0,376.6,2.7,79.3
양천구,2018,9.0,1265.0,107.0,46.0,42.0,1682.0,168.0,57.0,208.0,5646609.0,72.0,976.0,35.0,113.0,1333.0,49.0,366.0,1015.0,47.0,388.0,1512.0,50.0,414.2,2.3,84.4
양천구,2019,1.0,1369.0,78.0,57.0,1.0,1915.0,100.0,79.0,155.0,5573799.0,64.0,1007.0,38.0,82.0,1481.0,41.0,373.0,1097.0,36.0,391.0,1665.0,40.0,451.0,2.4,89.4
양천구,2020,2.0,1212.0,82.0,42.0,2.0,1654.0,117.0,56.0,143.0,5521185.0,48.0,904.0,34.0,61.0,1273.0,41.0,281.0,1027.0,36.0,294.0,1505.0,37.0,399.5,1.5,77.9
양천구,2021,1.0,1134.0,100.0,61.0,1.0,1476.0,141.0,76.0,140.0,5439147.0,45.0,877.0,18.0,53.0,1199.0,21.0,284.0,992.0,29.0,296.0,1380.0,30.0,375.6,3.1,77.9
양천구,2022,3.0,1039.0,74.0,47.0,4.0,1380.0,92.0,58.0,145.0,5359188.0,54.0,793.0,18.0,69.0,1079.0,20.0,260.0,877.0,28.0,269.0,1240.0,28.0,344.4,1.8,70.6
양천구,2023,5.0,1104.0,68.0,40.0,6.0,1479.0,82.0,58.0,139.0,5291115.0,73.0,813.0,41.0,85.0,1100.0,54.0,284.0,901.0,36.0,294.0,1298.0,37.0,369.7,1.1,74.3
영등포구,2005,0.0,0.0,0.0,0.0,0.0,0.0,0.0,0.0,0.0,0.0,0.0,0.0,0.0,0.0,0.0,0.0,464.0,1656.0,66.0,484.0,2752.0,77.0,778.7,7.6,146.2
영등포구,2006,0.0,0.0,0.0,0.0,0.0,0.0,0.0,0.0,229.0,0.0,0.0,0.0,0.0,0.0,0.0,0.0,453.0,1639.0,74.0,480.0,2662.0,89.0,745.2,6.5,141.2
영등포구,2007,0.0,0.0,0.0,0.0,0.0,0.0,0.0,0.0,290.0,0.0,0.0,0.0,0.0,0.0,0.0,0.0,487.0,1659.0,51.0,525.0,2707.0,65.0,742.8,8.0,136.5
영등포구,2008,0.0,0.0,0.0,0.0,0.0,0.0,0.0,0.0,300.0,5323617.0,0.0,0.0,0.0,0.0,0.0,0.0,473.0,1660.0,78.0,511.0,2741.0,93.0,746.0,8.1,134.9
영등포구,2009,0.0,0.0,0.0,0.0,0.0,0.0,0.0,0.0,233.0,5327067.0,0.0,0.0,0.0,0.0,0.0,0.0,527.0,1709.0,100.0,577.0,2777.0,127.0,780.5,7.5,144.1
영등포구,2010,0.0,0.0,0.0,0.0,0.0,0.0,0.0,0.0,200.0,5289960.0,0.0,0.0,0.0,0.0,0.0,0.0,519.0,1650.0,84.0,555.0,2711.0,112.0,751.3,6.7,141.7
영등포구,2011,0.0,0.0,0.0,0.0,0.0,0.0,0.0,0.0,195.0,5335803.0,0.0,0.0,0.0,0.0,0.0,0.0,593.0,1628.0,89.0,626.0,2616.0,112.0,756.7,6.4,150.3
영등포구,2012,0.0,0.0,0.0,0.0,0.0,0.0,0.0,0.0,221.0,5185155.0,0.0,0.0,0.0,0.0,0.0,0.0,553.0,1534.0,92.0,597.0,2520.0,121.0,751.0,7.5,140.9
영등포구,2013,13.0,1801.0,170.0,172.0,21.0,2583.0,274.0,278.0,196.0,5088948.0,0.0,0.0,0.0,0.0,0.0,0.0,577.0,1497.0,83.0,615.0,2435.0,107.0,742.0,6.9,139.5
영등포구,2014,16.0,1926.0,153.0,95.0,18.0,2762.0,218.0,150.0,224.0,5066331.0,0.0,0.0,0.0,0.0,0.0,0.0,539.0,1579.0,75.0,570.0,2494.0,90.0,742.2,6.2,139.6
영등포구,2015,14.0,2124.0,206.0,115.0,32.0,3081.0,293.0,183.0,224.0,5044446.0,0.0,0.0,0.0,0.0,0.0,0.0,562.0,1798.0,102.0,598.0,2840.0,154.0,853.0,6.7,151.2
영등포구,2016,8.0,2136.0,174.0,74.0,14.0,3116.0,241.0,111.0,265.0,4948938.0,0.0,0.0,0.0,0.0,0.0,0.0,531.0,1777.0,95.0,567.0,2772.0,156.0,853.8,5.4,147.5
영등포구,2017,11.0,2182.0,119.0,71.0,15.0,3217.0,191.0,115.0,222.0,4829652.0,107.0,1555.0,52.0,141.0,2364.0,77.0,560.0,1730.0,96.0,592.0,2800.0,149.0,875.3,5.5,146.7
영등포구,2018,7.0,2272.0,142.0,66.0,10.0,3238.0,204.0,95.0,228.0,4847439.0,108.0,1590.0,62.0,157.0,2392.0,95.0,563.0,1877.0,53.0,611.0,2884.0,59.0,875.1,5.5,155.5
영등포구,2019,9.0,2240.0,133.0,54.0,11.0,3182.0,198.0,68.0,235.0,4836747.0,131.0,1489.0,62.0,204.0,2192.0,79.0,565.0,1815.0,59.0,603.0,2783.0,76.0,860.6,2.7,154.1
영등포구,2020,3.0,1984.0,162.0,55.0,3.0,2789.0,245.0,65.0,208.0,4869807.0,72.0,1326.0,58.0,91.0,1957.0,77.0,371.0,1786.0,51.0,394.0,2655.0,60.0,761.5,1.7,135.3
영등포구,2021,2.0,1939.0,103.0,40.0,2.0,2671.0,132.0,50.0,181.0,4824501.0,67.0,1366.0,62.0,101.0,1934.0,82.0,340.0,1790.0,48.0,361.0,2570.0,51.0,740.1,3.7,132.2
영등포구,2022,5.0,1812.0,95.0,24.0,6.0,2484.0,133.0,27.0,218.0,4790958.0,121.0,1249.0,42.0,147.0,1771.0,67.0,384.0,1545.0,69.0,401.0,2246.0,80.0,680.0,5.0,125.2
영등포구,2023,6.0,1686.0,129.0,41.0,9.0,2320.0,184.0,65.0,320.0,4781793.0,128.0,1215.0,59.0,220.0,1717.0,71.0,385.0,1442.0,73.0,403.0,2139.0,84.0,658.4,1.8,119.6
용산구,2005,0.0,0.0,0.0,0.0,0.0,0.0,0.0,0.0,0.0,0.0,0.0,0.0,0.0,0.0,0.0,0.0,230.0,1082.0,48.0,248.0,1816.0,67.0,879.3,8.3,158.1
용산구,2006,0.0,0.0,0.0,0.0,0.0,0.0,0.0,0.0,111.0,0.0,0.0,0.0,0.0,0.0,0.0,0.0,227.0,1073.0,29.0,246.0,1766.0,36.0,836.9,5.8,154.0
용산구,2007,0.0,0.0,0.0,0.0,0.0,0.0,0.0,0.0,160.0,0.0,0.0,0.0,0.0,0.0,0.0,0.0,241.0,1007.0,38.0,250.0,1750.0,51.0,820.2,8.1,147.0
용산구,2008,0.0,0.0,0.0,0.0,0.0,0.0,0.0,0.0,217.0,3001917.0,0.0,0.0,0.0,0.0,0.0,0.0,262.0,931.0,40.0,274.0,1503.0,47.0,719.0,7.6,134.7
용산구,2009,0.0,0.0,0.0,0.0,0.0,0.0,0.0,0.0,186.0,3019674.0,0.0,0.0,0.0,0.0,0.0,0.0,285.0,993.0,67.0,310.0,1556.0,81.0,767.1,8.0,147.3
용산구,2010,0.0,0.0,0.0,0.0,0.0,0.0,0.0,0.0,146.0,3025203.0,0.0,0.0,0.0,0.0,0.0,0.0,272.0,906.0,67.0,279.0,1396.0,78.0,675.9,5.8,136.8
용산구,2011,0.0,0.0,0.0,0.0,0.0,0.0,0.0,0.0,135.0,3109914.0,0.0,0.0,0.0,0.0,0.0,0.0,273.0,854.0,43.0,292.0,1367.0,54.0,657.2,3.5,126.9
용산구,2012,0.0,0.0,0.0,0.0,0.0,0.0,0.0,0.0,117.0,3082428.0,0.0,0.0,0.0,0.0,0.0,0.0,267.0,882.0,53.0,289.0,1466.0,64.0,708.6,4.3,130.0
용산구,2013,14.0,1190.0,97.0,44.0,21.0,1722.0,159.0,70.0,148.0,3040725.0,0.0,0.0,0.0,0.0,0.0,0.0,298.0,1030.0,63.0,312.0,1650.0,74.0,803.0,5.2,150.6
용산구,2014,6.0,1222.0,64.0,27.0,8.0,1796.0,103.0,38.0,186.0,3007251.0,0.0,0.0,0.0,0.0,0.0,0.0,285.0,1009.0,56.0,299.0,1615.0,65.0,788.7,3.2,146.5
용산구,2015,6.0,1350.0,118.0,40.0,9.0,1882.0,173.0,62.0,162.0,2988864.0,0.0,0.0,0.0,0.0,0.0,0.0,334.0,1123.0,59.0,362.0,1694.0,72.0,851.1,7.3,163.6
용산구,2016,1.0,1317.0,76.0,33.0,1.0,1917.0,114.0,48.0,161.0,2956950.0,0.0,0.0,0.0,0.0,0.0,0.0,302.0,1079.0,47.0,321.0,1707.0,53.0,844.1,4.9,155.1
용산구,2017,5.0,1245.0,48.0,39.0,30.0,1801.0,66.0,64.0,145.0,2927925.0,63.0,974.0,33.0,111.0,1469.0,45.0,286.0,994.0,57.0,313.0,1582.0,66.0,797.3,4.9,142.9
용산구,2018,6.0,1202.0,69.0,44.0,6.0,1694.0,89.0,64.0,170.0,2942499.0,44.0,1009.0,20.0,60.0,1457.0,23.0,295.0,990.0,45.0,315.0,1499.0,52.0,755.6,5.7,142.2
용산구,2019,2.0,1071.0,69.0,40.0,2.0,1455.0,97.0,65.0,217.0,2941146.0,39.0,866.0,32.0,44.0,1234.0,42.0,259.0,896.0,32.0,276.0,1312.0,36.0,658.3,4.1,128.1
용산구,2020,1.0,804.0,48.0,25.0,1.0,1060.0,74.0,39.0,177.0,2943375.0,35.0,629.0,22.0,39.0,873.0,22.0,155.0,697.0,38.0,163.0,983.0,44.0,481.5,4.9,92.9
용산구,2021,7.0,909.0,66.0,24.0,8.0,1230.0,96.0,30.0,161.0,2878758.0,45.0,673.0,25.0,49.0,965.0,33.0,174.0,813.0,27.0,183.0,1163.0,28.0,576.9,2.1,105.1
용산구,2022,1.0,865.0,32.0,38.0,1.0,1151.0,37.0,46.0,182.0,2820504.0,52.0,722.0,24.0,67.0,980.0,33.0,220.0,764.0,30.0,239.0,1071.0,31.0,570.1,4.7,111.4
용산구,2023,3.0,889.0,39.0,20.0,3.0,1229.0,60.0,23.0,193.0,2767047.0,44.0,709.0,27.0,51.0,1024.0,35.0,205.0,763.0,28.0,214.0,1129.0,34.0,601.5,4.8,107.4
은평구,2005,0.0,0.0,0.0,0.0,0.0,0.0,0.0,0.0,0.0,0.0,0.0,0.0,0.0,0.0,0.0,0.0,402.0,941.0,30.0,434.0,1494.0,33.0,411.9,2.3,109.7
은평구,2006,0.0,0.0,0.0,0.0,0.0,0.0,0.0,0.0,169.0,0.0,0.0,0.0,0.0,0.0,0.0,0.0,417.0,955.0,19.0,446.0,1514.0,22.0,419.7,3.8,111.5
은평구,2007,0.0,0.0,0.0,0.0,0.0,0.0,0.0,0.0,259.0,0.0,0.0,0.0,0.0,0.0,0.0,0.0,405.0,891.0,19.0,432.0,1404.0,27.0,398.5,3.5,105.4
은평구,2008,0.0,0.0,0.0,0.0,0.0,0.0,0.0,0.0,221.0,5526879.0,0.0,0.0,0.0,0.0,0.0,0.0,514.0,1055.0,27.0,544.0,1601.0,31.0,466.2,3.5,127.0
은평구,2009,0.0,0.0,0.0,0.0,0.0,0.0,0.0,0.0,174.0,5636349.0,0.0,0.0,0.0,0.0,0.0,0.0,494.0,1180.0,65.0,526.0,1786.0,82.0,505.3,3.2,134.5
은평구,2010,0.0,0.0,0.0,0.0,0.0,0.0,0.0,0.0,228.0,5770134.0,0.0,0.0,0.0,0.0,0.0,0.0,487.0,974.0,53.0,519.0,1549.0,68.0,430.1,3.2,112.2
은평구,2011,0.0,0.0,0.0,0.0,0.0,0.0,0.0,0.0,224.0,5966655.0,0.0,0.0,0.0,0.0,0.0,0.0,530.0,921.0,58.0,565.0,1446.0,67.0,413.0,4.0,109.7
은평구,2012,0.0,0.0,0.0,0.0,0.0,0.0,0.0,0.0,204.0,6065625.0,0.0,0.0,0.0,0.0,0.0,0.0,521.0,946.0,52.0,566.0,1595.0,57.0,434.3,4.2,106.6
은평구,2013,16.0,1052.0,101.0,78.0,24.0,1404.0,151.0,106.0,182.0,6098457.0,0.0,0.0,0.0,0.0,0.0,0.0,463.0,762.0,45.0,489.0,1188.0,49.0,337.7,2.0,87.8
은평구,2014,9.0,1147.0,71.0,88.0,20.0,1650.0,91.0,121.0,163.0,6061023.0,0.0,0.0,0.0,0.0,0.0,0.0,445.0,842.0,38.0,474.0,1383.0,43.0,375.4,2.2,91.0
은평구,2015,2.0,1048.0,94.0,52.0,8.0,1454.0,140.0,78.0,216.0,6045429.0,0.0,0.0,0.0,0.0,0.0,0.0,391.0,784.0,28.0,415.0,1241.0,33.0,332.9,3.2,81.4
은평구,2016,8.0,974.0,76.0,57.0,9.0,1333.0,101.0,82.0,196.0,5986629.0,0.0,0.0,0.0,0.0,0.0,0.0,394.0,685.0,42.0,423.0,1051.0,58.0,306.1,2.8,75.3
은평구,2017,8.0,930.0,55.0,64.0,8.0,1319.0,77.0,85.0,127.0,5910972.0,73.0,667.0,18.0,114.0,999.0,24.0,416.0,611.0,40.0,446.0,1010.0,45.0,303.1,2.4,71.2
은평구,2018,5.0,1013.0,71.0,40.0,7.0,1431.0,91.0,56.0,188.0,5864439.0,67.0,700.0,14.0,89.0,1024.0,21.0,367.0,721.0,46.0,380.0,1151.0,61.0,324.0,2.5,75.3
은평구,2019,5.0,1018.0,65.0,28.0,7.0,1340.0,79.0,42.0,171.0,5843109.0,89.0,651.0,27.0,96.0,902.0,34.0,361.0,703.0,55.0,383.0,1028.0,60.0,302.1,1.4,74.3
은평구,2020,4.0,828.0,83.0,35.0,7.0,1242.0,130.0,46.0,175.0,5808996.0,45.0,596.0,15.0,60.0,893.0,18.0,275.0,644.0,34.0,288.0,1095.0,46.0,292.3,2.9,62.1
은평구,2021,3.0,777.0,56.0,29.0,3.0,1102.0,85.0,34.0,147.0,5742450.0,47.0,492.0,15.0,111.0,692.0,18.0,250.0,583.0,34.0,261.0,922.0,46.0,255.3,2.3,56.9
은평구,2022,1.0,840.0,44.0,28.0,1.0,1163.0,61.0,30.0,198.0,5694597.0,44.0,583.0,16.0,55.0,841.0,26.0,272.0,615.0,31.0,283.0,951.0,31.0,266.9,1.9,59.9
은평구,2023,5.0,918.0,93.0,21.0,5.0,1211.0,114.0,28.0,230.0,5634255.0,93.0,674.0,15.0,123.0,900.0,17.0,320.0,670.0,49.0,340.0,970.0,50.0,287.3,1.5,67.1
종로구,2005,0.0,0.0,0.0,0.0,0.0,0.0,0.0,0.0,0.0,0.0,0.0,0.0,0.0,0.0,0.0,0.0,304.0,1164.0,34.0,315.0,1848.0,46.0,1256.8,13.8,191.3
종로구,2006,0.0,0.0,0.0,0.0,0.0,0.0,0.0,0.0,150.0,0.0,0.0,0.0,0.0,0.0,0.0,0.0,314.0,1015.0,32.0,340.0,1711.0,42.0,1203.3,8.7,166.7
종로구,2007,0.0,0.0,0.0,0.0,0.0,0.0,0.0,0.0,147.0,0.0,0.0,0.0,0.0,0.0,0.0,0.0,373.0,1180.0,37.0,394.0,1903.0,42.0,1338.6,6.9,172.6
종로구,2008,0.0,0.0,0.0,0.0,0.0,0.0,0.0,0.0,248.0,2141502.0,0.0,0.0,0.0,0.0,0.0,0.0,393.0,1124.0,48.0,415.0,1699.0,64.0,1198.9,12.8,163.6
종로구,2009,0.0,0.0,0.0,0.0,0.0,0.0,0.0,0.0,227.0,2142375.0,0.0,0.0,0.0,0.0,0.0,0.0,363.0,1152.0,64.0,393.0,1752.0,84.0,1245.3,10.1,187.7
종로구,2010,0.0,0.0,0.0,0.0,0.0,0.0,0.0,0.0,172.0,2122731.0,0.0,0.0,0.0,0.0,0.0,0.0,377.0,998.0,61.0,402.0,1547.0,79.0,1120.1,10.6,229.6
종로구,2011,0.0,0.0,0.0,0.0,0.0,0.0,0.0,0.0,163.0,2141415.0,0.0,0.0,0.0,0.0,0.0,0.0,407.0,966.0,48.0,437.0,1510.0,61.0,1123.9,7.9,219.0
종로구,2012,0.0,0.0,0.0,0.0,0.0,0.0,0.0,0.0,222.0,2100582.0,0.0,0.0,0.0,0.0,0.0,0.0,399.0,925.0,50.0,426.0,1513.0,67.0,1151.6,6.9,211.1
종로구,2013,4.0,1075.0,112.0,81.0,4.0,1504.0,162.0,109.0,232.0,2030355.0,0.0,0.0,0.0,0.0,0.0,0.0,364.0,856.0,54.0,378.0,1348.0,57.0,1054.4,7.7,198.7
종로구,2014,8.0,1176.0,85.0,44.0,20.0,1586.0,134.0,59.0,220.0,1996677.0,0.0,0.0,0.0,0.0,0.0,0.0,386.0,859.0,69.0,406.0,1316.0,79.0,1082.6,6.7,205.2
종로구,2015,3.0,1232.0,125.0,54.0,3.0,1685.0,180.0,73.0,236.0,1973556.0,0.0,0.0,0.0,0.0,0.0,0.0,395.0,942.0,77.0,413.0,1440.0,88.0,1179.9,4.9,222.9
종로구,2016,2.0,1151.0,84.0,61.0,3.0,1542.0,123.0,88.0,243.0,1956321.0,0.0,0.0,0.0,0.0,0.0,0.0,393.0,860.0,46.0,416.0,1289.0,52.0,1079.5,5.6,206.5
종로구,2017,9.0,1083.0,56.0,42.0,10.0,1546.0,81.0,65.0,203.0,1965714.0,76.0,780.0,23.0,118.0,1190.0,24.0,333.0,810.0,47.0,359.0,1288.0,55.0,1028.3,7.9,185.3
종로구,2018,8.0,1025.0,69.0,32.0,10.0,1391.0,105.0,46.0,226.0,1962087.0,74.0,774.0,21.0,99.0,1096.0,26.0,336.0,757.0,41.0,347.0,1161.0,44.0,948.3,3.7,177.5
종로구,2019,0.0,1052.0,48.0,32.0,0.0,1454.0,69.0,41.0,208.0,1950165.0,85.0,745.0,16.0,121.0,1048.0,20.0,305.0,781.0,47.0,322.0,1172.0,71.0,963.1,3.7,178.9
종로구,2020,2.0,804.0,67.0,28.0,3.0,1092.0,88.0,43.0,185.0,1924026.0,64.0,565.0,27.0,83.0,803.0,31.0,223.0,648.0,32.0,240.0,955.0,34.0,769.8,3.1,142.3
종로구,2021,3.0,691.0,47.0,29.0,3.0,944.0,64.0,37.0,170.0,1859340.0,49.0,486.0,14.0,56.0,712.0,16.0,182.0,560.0,36.0,193.0,822.0,41.0,682.8,3.9,122.6
종로구,2022,2.0,867.0,49.0,53.0,2.0,1203.0,68.0,76.0,161.0,1833447.0,77.0,613.0,15.0,115.0,886.0,26.0,270.0,651.0,53.0,292.0,996.0,66.0,887.6,2.0,154.0
종로구,2023,3.0,890.0,61.0,24.0,3.0,1208.0,87.0,30.0,171.0,1815423.0,97.0,624.0,32.0,139.0,849.0,50.0,256.0,676.0,56.0,281.0,1001.0,57.0,884.7,5.3,155.2
중구,2005,0.0,0.0,0.0,0.0,0.0,0.0,0.0,0.0,0.0,0.0,0.0,0.0,0.0,0.0,0.0,0.0,326.0,994.0,13.0,345.0,1508.0,17.0,1381.5,9.7,210.2
중구,2006,0.0,0.0,0.0,0.0,0.0,0.0,0.0,0.0,167.0,0.0,0.0,0.0,0.0,0.0,0.0,0.0,325.0,1039.0,24.0,352.0,1565.0,26.0,1413.3,11.7,216.2
중구,2007,0.0,0.0,0.0,0.0,0.0,0.0,0.0,0.0,226.0,0.0,0.0,0.0,0.0,0.0,0.0,0.0,321.0,1069.0,22.0,338.0,1591.0,27.0,1414.5,8.7,188.4
중구,2008,0.0,0.0,0.0,0.0,0.0,0.0,0.0,0.0,238.0,1666248.0,0.0,0.0,0.0,0.0,0.0,0.0,336.0,1065.0,34.0,371.0,1561.0,43.0,1413.4,9.4,171.6
중구,2009,0.0,0.0,0.0,0.0,0.0,0.0,0.0,0.0,231.0,1660422.0,0.0,0.0,0.0,0.0,0.0,0.0,383.0,1117.0,39.0,407.0,1636.0,47.0,1507.3,8.7,230.6
중구,2010,0.0,0.0,0.0,0.0,0.0,0.0,0.0,0.0,213.0,1663344.0,0.0,0.0,0.0,0.0,0.0,0.0,357.0,1149.0,34.0,379.0,1742.0,38.0,1524.1,5.0,202.1
중구,2011,0.0,0.0,0.0,0.0,0.0,0.0,0.0,0.0,186.0,1694199.0,0.0,0.0,0.0,0.0,0.0,0.0,401.0,1063.0,33.0,430.0,1574.0,34.0,1430.4,9.2,199.4
중구,2012,0.0,0.0,0.0,0.0,0.0,0.0,0.0,0.0,168.0,1714740.0,0.0,0.0,0.0,0.0,0.0,0.0,376.0,1046.0,36.0,398.0,1589.0,43.0,1433.2,8.5,183.7
중구,2013,10.0,1178.0,108.0,138.0,15.0,1635.0,144.0,180.0,162.0,1669662.0,0.0,0.0,0.0,0.0,0.0,0.0,403.0,1000.0,39.0,418.0,1519.0,48.0,1431.3,7.2,199.7
중구,2014,7.0,1073.0,79.0,134.0,10.0,1483.0,108.0,175.0,207.0,1642764.0,0.0,0.0,0.0,0.0,0.0,0.0,352.0,912.0,41.0,368.0,1376.0,48.0,1310.3,5.1,186.0
중구,2015,4.0,1108.0,110.0,111.0,4.0,1495.0,161.0,146.0,220.0,1621260.0,0.0,0.0,0.0,0.0,0.0,0.0,373.0,918.0,47.0,390.0,1366.0,55.0,1342.2,6.0,197.6
중구,2016,5.0,1115.0,81.0,86.0,7.0,1489.0,120.0,116.0,200.0,1612449.0,0.0,0.0,0.0,0.0,0.0,0.0,345.0,906.0,37.0,368.0,1327.0,38.0,1276.7,12.7,193.8
중구,2017,4.0,1125.0,61.0,59.0,6.0,1514.0,76.0,87.0,180.0,1604535.0,64.0,852.0,29.0,92.0,1197.0,33.0,316.0,896.0,40.0,327.0,1318.0,43.0,1251.2,3.0,188.7
중구,2018,5.0,1002.0,68.0,47.0,8.0,1348.0,86.0,64.0,251.0,1624371.0,76.0,787.0,17.0,93.0,1104.0,17.0,291.0,796.0,41.0,308.0,1163.0,44.0,1110.3,6.6,169.8
중구,2019,1.0,1065.0,67.0,49.0,1.0,1461.0,91.0,64.0,194.0,1635789.0,81.0,784.0,23.0,104.0,1151.0,27.0,284.0,862.0,38.0,303.0,1278.0,39.0,1183.3,3.7,179.2
중구,2020,0.0,820.0,66.0,66.0,0.0,1073.0,94.0,84.0,172.0,1627365.0,65.0,572.0,42.0,80.0,781.0,48.0,239.0,678.0,38.0,252.0,962.0,40.0,927.0,4.5,145.7
중구,2021,3.0,740.0,32.0,70.0,4.0,997.0,49.0,99.0,139.0,1589091.0,51.0,534.0,29.0,60.0,754.0,37.0,173.0,655.0,26.0,185.0,948.0,26.0,877.2,2.3,113.3
중구,2022,6.0,819.0,50.0,58.0,11.0,1044.0,65.0,83.0,164.0,1574016.0,69.0,590.0,35.0,86.0,790.0,37.0,221.0,691.0,31.0,234.0,948.0,32.0,926.7,1.5,129.2
중구,2023,3.0,809.0,52.0,62.0,5.0,1042.0,67.0,78.0,123.0,1581186.0,90.0,594.0,30.0,113.0,787.0,38.0,216.0,682.0,33.0,233.0,930.0,34.0,906.0,2.3,134.7
중랑구,2005,0.0,0.0,0.0,0.0,0.0,0.0,0.0,0.0,0.0,0.0,0.0,0.0,0.0,0.0,0.0,0.0,481.0,1328.0,41.0,516.0,2184.0,50.0,637.1,2.6,153.6
중랑구,2006,0.0,0.0,0.0,0.0,0.0,0.0,0.0,0.0,235.0,0.0,0.0,0.0,0.0,0.0,0.0,0.0,470.0,1321.0,33.0,500.0,2093.0,38.0,609.4,3.3,150.4
중랑구,2007,0.0,0.0,0.0,0.0,0.0,0.0,0.0,0.0,220.0,0.0,0.0,0.0,0.0,0.0,0.0,0.0,490.0,1538.0,43.0,516.0,2474.0,52.0,700.5,4.6,168.0
중랑구,2008,0.0,0.0,0.0,0.0,0.0,0.0,0.0,0.0,258.0,5192808.0,0.0,0.0,0.0,0.0,0.0,0.0,524.0,1448.0,67.0,557.0,2167.0,76.0,643.0,3.9,163.9
중랑구,2009,0.0,0.0,0.0,0.0,0.0,0.0,0.0,0.0,282.0,5177166.0,0.0,0.0,0.0,0.0,0.0,0.0,534.0,1433.0,65.0,560.0,2209.0,71.0,657.4,3.5,162.1
중랑구,2010,0.0,0.0,0.0,0.0,0.0,0.0,0.0,0.0,213.0,5164542.0,0.0,0.0,0.0,0.0,0.0,0.0,560.0,1457.0,63.0,585.0,2199.0,74.0,657.2,3.9,164.3
중랑구,2011,0.0,0.0,0.0,0.0,0.0,0.0,0.0,0.0,207.0,5164476.0,0.0,0.0,0.0,0.0,0.0,0.0,484.0,1235.0,63.0,514.0,1805.0,79.0,556.6,2.8,140.7
중랑구,2012,0.0,0.0,0.0,0.0,0.0,0.0,0.0,0.0,190.0,5107572.0,0.0,0.0,0.0,0.0,0.0,0.0,467.0,1220.0,66.0,507.0,1831.0,74.0,566.7,2.6,136.7
중랑구,2013,11.0,1516.0,114.0,73.0,18.0,2101.0,158.0,99.0,140.0,5065806.0,0.0,0.0,0.0,0.0,0.0,0.0,488.0,1162.0,66.0,513.0,1793.0,72.0,562.4,2.1,132.5
중랑구,2014,16.0,1434.0,80.0,66.0,21.0,1934.0,108.0,95.0,175.0,5079408.0,0.0,0.0,0.0,0.0,0.0,0.0,452.0,1091.0,79.0,483.0,1615.0,93.0,514.9,2.6,122.2
중랑구,2015,4.0,1495.0,104.0,66.0,5.0,1984.0,144.0,90.0,146.0,5052579.0,0.0,0.0,0.0,0.0,0.0,0.0,505.0,1146.0,71.0,531.0,1676.0,78.0,542.0,3.8,127.9
중랑구,2016,7.0,1390.0,85.0,34.0,13.0,1840.0,120.0,44.0,169.0,5007117.0,0.0,0.0,0.0,0.0,0.0,0.0,425.0,1071.0,39.0,461.0,1537.0,41.0,488.4,2.2,112.5
중랑구,2017,10.0,1506.0,51.0,51.0,11.0,2050.0,81.0,69.0,169.0,4969860.0,68.0,972.0,38.0,95.0,1380.0,53.0,432.0,1157.0,50.0,452.0,1731.0,51.0,539.8,1.5,118.6
중랑구,2018,7.0,1394.0,79.0,71.0,14.0,1899.0,98.0,111.0,239.0,4917159.0,71.0,975.0,32.0,87.0,1419.0,43.0,432.0,1075.0,58.0,460.0,1621.0,64.0,523.1,2.5,113.2
중랑구,2019,2.0,1444.0,86.0,64.0,2.0,1909.0,113.0,78.0,197.0,4855950.0,68.0,941.0,42.0,78.0,1305.0,58.0,470.0,1088.0,62.0,493.0,1572.0,69.0,527.8,3.0,118.2
중랑구,2020,1.0,1277.0,93.0,41.0,1.0,1721.0,135.0,57.0,210.0,4801932.0,52.0,814.0,28.0,58.0,1172.0,36.0,358.0,1032.0,57.0,375.0,1510.0,71.0,488.5,1.0,104.3
중랑구,2021,5.0,1216.0,74.0,39.0,7.0,1619.0,114.0,45.0,195.0,4729560.0,52.0,759.0,37.0,58.0,1081.0,55.0,332.0,1000.0,41.0,355.0,1432.0,46.0,466.0,1.8,98.6
중랑구,2022,2.0,1200.0,77.0,66.0,2.0,1613.0,111.0,87.0,171.0,4703991.0,74.0,810.0,38.0,106.0,1137.0,52.0,353.0,1006.0,42.0,368.0,1487.0,45.0,484.4,2.6,99.2
중랑구,2023,2.0,1143.0,67.0,41.0,2.0,1540.0,99.0,55.0,157.0,4663962.0,79.0,754.0,40.0,101.0,1048.0,48.0,332.0,887.0,49.0,361.0,1297.0,53.0,439.8,1.8,89.4
