자치구,년월,버스승객수,발생건수,사망자수,부상자수
강남구,2017-01,,302.0,2.0,464.0
강남구,2017-02,,256.0,1.0,366.0
강남구,2017-03,,296.0,3.0,433.0
강남구,2017-04,,275.0,1.0,388.0
강남구,2017-05,,281.0,1.0,405.0
강남구,2017-06,,299.0,2.0,423.0
강남구,2017-07,,296.0,0.0,423.0
강남구,2017-08,,287.0,1.0,401.0
강남구,2017-09,,282.0,5.0,390.0
강남구,2017-10,,270.0,2.0,387.0
강남구,2017-11,,302.0,1.0,410.0
강남구,2017-12,,323.0,0.0,469.0
강남구,2018-01,,316.0,1.0,456.0
강남구,2018-02,,249.0,1.0,369.0
강남구,2018-03,,278.0,3.0,393.0
강남구,2018-04,,283.0,1.0,411.0
강남구,2018-05,,288.0,0.0,404.0
강남구,2018-06,,288.0,0.0,436.0
강남구,2018-07,,326.0,2.0,427.0
강남구,2018-08,,301.0,3.0,438.0
강남구,2018-09,,249.0,2.0,356.0
강남구,2018-10,,297.0,2.0,403.0
강남구,2018-11,,292.0,2.0,447.0
강남구,2018-12,,292.0,3.0,427.0
강남구,2019-01,,281.0,2.0,412.0
강남구,2019-02,,227.0,3.0,315.0
강남구,2019-03,,280.0,2.0,401.0
강남구,2019-04,,295.0,0.0,389.0
강남구,2019-05,,320.0,0.0,484.0
강남구,2019-06,,302.0,1.0,442.0
강남구,2019-07,,326.0,0.0,450.0
강남구,2019-08,,320.0,1.0,435.0
강남구,2019-09,,302.0,0.0,389.0
강남구,2019-10,,336.0,2.0,440.0
강남구,2019-11,,383.0,2.0,542.0
강남구,2019-12,,350.0,1.0,483.0
강남구,2020-01,,275.0,3.0,393.0
강남구,2020-02,,343.0,2.0,450.0
강남구,2020-03,,265.0,1.0,365.0
강남구,2020-04,,291.0,3.0,426.0
강남구,2020-05,,320.0,3.0,441.0
강남구,2020-06,,337.0,0.0,474.0
강남구,2020-07,,396.0,0.0,539.0
강남구,2020-08,,330.0,1.0,484.0
강남구,2020-09,,309.0,0.0,432.0
강남구,2020-10,,302.0,2.0,417.0
강남구,2020-11,,315.0,2.0,409.0
강남구,2020-12,,269.0,0.0,359.0
강남구,2021-01,,315.0,1.0,433.0
강남구,2021-02,,315.0,0.0,428.0
강남구,2021-03,,299.0,0.0,410.0
강남구,2021-04,,325.0,1.0,429.0
강남구,2021-05,,310.0,0.0,422.0
강남구,2021-06,,339.0,0.0,467.0
강남구,2021-07,,322.0,1.0,435.0
강남구,2021-08,,301.0,2.0,412.0
강남구,2021-09,,306.0,1.0,390.0
강남구,2021-10,,330.0,1.0,453.0
강남구,2021-11,,336.0,0.0,468.0
강남구,2021-12,,322.0,3.0,428.0
강남구,2022-01,7796272.0,339.0,0.0,448.0
강남구,2022-02,6687447.0,221.0,1.0,322.0
강남구,2022-03,7502696.0,244.0,3.0,326.0
강남구,2022-04,8484559.0,327.0,1.0,455.0
강남구,2022-05,9172697.0,319.0,3.0,457.0
강남구,2022-06,8865863.0,322.0,1.0,428.0
강남구,2022-07,9501091.0,360.0,1.0,476.0
강남구,2022-08,9412532.0,307.0,1.0,431.0
강남구,2022-09,8335562.0,304.0,1.0,421.0
강남구,2022-10,8982070.0,343.0,0.0,452.0
강남구,2022-11,8839656.0,331.0,2.0,439.0
강남구,2022-12,8674546.0,292.0,2.0,397.0
강남구,2023-01,7988011.0,293.0,0.0,408.0
강남구,2023-02,8103926.0,283.0,1.0,367.0
강남구,2023-03,9006283.0,330.0,1.0,438.0
강남구,2023-04,8534584.0,347.0,1.0,486.0
강남구,2023-05,8774909.0,315.0,0.0,420.0
강남구,2023-06,8937715.0,313.0,0.0,433.0
강남구,2023-07,9167739.0,344.0,1.0,465.0
강남구,2023-08,9000800.0,324.0,0.0,429.0
강남구,2023-09,8441191.0,315.0,1.0,401.0
강남구,2023-10,8580155.0,341.0,0.0,449.0
강남구,2023-11,8872379.0,358.0,1.0,446.0
강남구,2023-12,8698587.0,363.0,1.0,487.0
강남구,2024-01,8732464.0,,,
강남구,2024-02,7963189.0,,,
강남구,2024-03,8913202.0,,,
강남구,2024-04,9056109.0,,,
강남구,2024-05,9232943.0,,,
강남구,2024-06,9063970.0,,,
강남구,2024-07,9772186.0,,,
강남구,2024-08,9750055.0,,,
강남구,2024-09,8958128.0,,,
강남구,2024-10,9691020.0,,,
강남구,2024-11,9751560.0,,,
강남구,2024-12,9696488.0,,,
강남구,2025-01,7964981.0,,,
강남구,2025-02,8796318.0,,,
강남구,2025-03,9659937.0,,,
강남구,2025-04,1893562.0,,,
강동구,2017-01,,105.0,0.0,138.0
강동구,2017-02,,117.0,1.0,190.0
강동구,2017-03,,115.0,4.0,149.0
강동구,2017-04,,98.0,3.0,136.0
강동구,2017-05,,125.0,2.0,176.0
강동구,2017-06,,134.0,2.0,195.0
강동구,2017-07,,90.0,2.0,125.0
강동구,2017-08,,117.0,2.0,151.0
강동구,2017-09,,131.0,1.0,172.0
강동구,2017-10,,143.0,0.0,178.0
강동구,2017-11,,94.0,0.0,124.0
강동구,2017-12,,102.0,2.0,139.0
강동구,2018-01,,85.0,1.0,101.0
강동구,2018-02,,100.0,1.0,136.0
강동구,2018-03,,118.0,2.0,157.0
강동구,2018-04,,124.0,2.0,152.0
강동구,2018-05,,123.0,1.0,190.0
강동구,2018-06,,119.0,0.0,178.0
강동구,2018-07,,124.0,2.0,171.0
강동구,2018-08,,120.0,0.0,161.0
강동구,2018-09,,121.0,0.0,159.0
강동구,2018-10,,138.0,0.0,189.0
강동구,2018-11,,114.0,3.0,135.0
강동구,2018-12,,132.0,0.0,193.0
강동구,2019-01,,98.0,1.0,115.0
강동구,2019-02,,87.0,0.0,133.0
강동구,2019-03,,122.0,0.0,163.0
강동구,2019-04,,112.0,0.0,153.0
강동구,2019-05,,139.0,1.0,192.0
강동구,2019-06,,123.0,1.0,179.0
강동구,2019-07,,146.0,2.0,189.0
강동구,2019-08,,127.0,2.0,175.0
강동구,2019-09,,98.0,2.0,137.0
강동구,2019-10,,108.0,1.0,144.0
강동구,2019-11,,146.0,0.0,199.0
강동구,2019-12,,108.0,1.0,131.0
강동구,2020-01,,100.0,0.0,122.0
강동구,2020-02,,102.0,1.0,130.0
강동구,2020-03,,66.0,0.0,82.0
강동구,2020-04,,117.0,1.0,151.0
강동구,2020-05,,119.0,0.0,150.0
강동구,2020-06,,118.0,0.0,150.0
강동구,2020-07,,100.0,0.0,122.0
강동구,2020-08,,100.0,1.0,123.0
강동구,2020-09,,122.0,2.0,173.0
강동구,2020-10,,109.0,1.0,137.0
강동구,2020-11,,103.0,0.0,126.0
강동구,2020-12,,112.0,1.0,134.0
강동구,2021-01,,105.0,1.0,151.0
강동구,2021-02,,80.0,2.0,106.0
강동구,2021-03,,104.0,0.0,144.0
강동구,2021-04,,101.0,1.0,149.0
강동구,2021-05,,89.0,0.0,115.0
강동구,2021-06,,82.0,0.0,106.0
강동구,2021-07,,70.0,0.0,85.0
강동구,2021-08,,79.0,0.0,122.0
강동구,2021-09,,73.0,1.0,90.0
강동구,2021-10,,89.0,2.0,113.0
강동구,2021-11,,97.0,2.0,126.0
강동구,2021-12,,78.0,0.0,106.0
강동구,2022-01,2090454.0,109.0,1.0,166.0
강동구,2022-02,1825110.0,73.0,2.0,83.0
강동구,2022-03,2053614.0,90.0,1.0,117.0
강동구,2022-04,2271230.0,93.0,0.0,136.0
강동구,2022-05,2416288.0,87.0,0.0,116.0
강동구,2022-06,2364002.0,90.0,0.0,132.0
강동구,2022-07,2518397.0,101.0,0.0,130.0
강동구,2022-08,2510354.0,103.0,1.0,129.0
강동구,2022-09,2313457.0,94.0,0.0,125.0
강동구,2022-10,2475580.0,112.0,1.0,142.0
강동구,2022-11,2404454.0,96.0,1.0,123.0
강동구,2022-12,2415809.0,103.0,0.0,154.0
강동구,2023-01,2185350.0,94.0,1.0,125.0
강동구,2023-02,2177209.0,83.0,0.0,108.0
강동구,2023-03,2462669.0,73.0,1.0,85.0
강동구,2023-04,2344931.0,91.0,0.0,118.0
강동구,2023-05,2385081.0,111.0,0.0,137.0
강동구,2023-06,2414026.0,105.0,0.0,131.0
강동구,2023-07,2469451.0,114.0,1.0,156.0
강동구,2023-08,2444524.0,100.0,1.0,129.0
강동구,2023-09,2337689.0,109.0,0.0,143.0
강동구,2023-10,2531093.0,92.0,0.0,129.0
강동구,2023-11,2709302.0,113.0,0.0,138.0
강동구,2023-12,2731478.0,100.0,0.0,123.0
강동구,2024-01,2651560.0,,,
강동구,2024-02,2464307.0,,,
강동구,2024-03,2785813.0,,,
강동구,2024-04,2804514.0,,,
강동구,2024-05,2857823.0,,,
강동구,2024-06,2771711.0,,,
강동구,2024-07,2979737.0,,,
강동구,2024-08,3295480.0,,,
강동구,2024-09,3121211.0,,,
강동구,2024-10,3305270.0,,,
강동구,2024-11,3282513.0,,,
강동구,2024-12,3310437.0,,,
강동구,2025-01,2720632.0,,,
강동구,2025-02,2991430.0,,,
강동구,2025-03,3265672.0,,,
강동구,2025-04,607131.0,,,
강북구,2017-01,,90.0,0.0,126.0
강북구,2017-02,,77.0,1.0,109.0
강북구,2017-03,,111.0,2.0,138.0
강북구,2017-04,,88.0,1.0,108.0
강북구,2017-05,,90.0,1.0,128.0
강북구,2017-06,,97.0,0.0,129.0
강북구,2017-07,,103.0,0.0,125.0
강북구,2017-08,,104.0,0.0,145.0
강북구,2017-09,,107.0,0.0,143.0
강북구,2017-10,,139.0,3.0,167.0
강북구,2017-11,,109.0,0.0,136.0
강북구,2017-12,,87.0,1.0,113.0
강북구,2018-01,,102.0,0.0,160.0
강북구,2018-02,,103.0,2.0,139.0
강북구,2018-03,,96.0,1.0,135.0
강북구,2018-04,,99.0,1.0,136.0
강북구,2018-05,,125.0,0.0,158.0
강북구,2018-06,,93.0,1.0,118.0
강북구,2018-07,,89.0,3.0,133.0
강북구,2018-08,,102.0,1.0,136.0
강북구,2018-09,,104.0,0.0,129.0
강북구,2018-10,,107.0,2.0,128.0
강북구,2018-11,,97.0,1.0,123.0
강북구,2018-12,,99.0,1.0,138.0
강북구,2019-01,,88.0,0.0,114.0
강북구,2019-02,,76.0,0.0,107.0
강북구,2019-03,,119.0,1.0,156.0
강북구,2019-04,,112.0,1.0,151.0
강북구,2019-05,,116.0,0.0,153.0
강북구,2019-06,,117.0,1.0,153.0
강북구,2019-07,,88.0,0.0,108.0
강북구,2019-08,,125.0,1.0,173.0
강북구,2019-09,,112.0,1.0,163.0
강북구,2019-10,,114.0,1.0,148.0
강북구,2019-11,,115.0,1.0,149.0
강북구,2019-12,,95.0,0.0,131.0
강북구,2020-01,,89.0,0.0,121.0
강북구,2020-02,,103.0,1.0,128.0
강북구,2020-03,,92.0,0.0,126.0
강북구,2020-04,,79.0,1.0,95.0
강북구,2020-05,,98.0,0.0,119.0
강북구,2020-06,,99.0,0.0,131.0
강북구,2020-07,,86.0,0.0,118.0
강북구,2020-08,,83.0,0.0,114.0
강북구,2020-09,,104.0,0.0,131.0
강북구,2020-10,,96.0,0.0,124.0
강북구,2020-11,,79.0,1.0,107.0
강북구,2020-12,,79.0,0.0,106.0
강북구,2021-01,,100.0,0.0,128.0
강북구,2021-02,,87.0,1.0,105.0
강북구,2021-03,,74.0,2.0,94.0
강북구,2021-04,,93.0,0.0,113.0
강북구,2021-05,,90.0,0.0,115.0
강북구,2021-06,,79.0,0.0,109.0
강북구,2021-07,,83.0,1.0,119.0
강북구,2021-08,,81.0,0.0,99.0
강북구,2021-09,,64.0,1.0,79.0
강북구,2021-10,,80.0,0.0,108.0
강북구,2021-11,,92.0,0.0,121.0
강북구,2021-12,,94.0,1.0,112.0
강북구,2022-01,4466101.0,78.0,0.0,97.0
강북구,2022-02,3894539.0,82.0,0.0,107.0
강북구,2022-03,4382599.0,57.0,0.0,72.0
강북구,2022-04,4785049.0,73.0,1.0,85.0
강북구,2022-05,5147671.0,97.0,0.0,119.0
강북구,2022-06,4919266.0,83.0,0.0,100.0
강북구,2022-07,5215973.0,102.0,0.0,125.0
강북구,2022-08,5106499.0,94.0,0.0,112.0
강북구,2022-09,4873737.0,90.0,1.0,104.0
강북구,2022-10,5174051.0,103.0,2.0,122.0
강북구,2022-11,4988520.0,97.0,1.0,115.0
강북구,2022-12,5065117.0,88.0,1.0,108.0
강북구,2023-01,4586229.0,82.0,1.0,100.0
강북구,2023-02,4478062.0,53.0,0.0,64.0
강북구,2023-03,5176318.0,75.0,1.0,101.0
강북구,2023-04,4960239.0,83.0,1.0,101.0
강북구,2023-05,5139135.0,87.0,0.0,107.0
강북구,2023-06,5016733.0,82.0,1.0,109.0
강북구,2023-07,5063681.0,68.0,0.0,85.0
강북구,2023-08,4966788.0,91.0,1.0,114.0
강북구,2023-09,4858943.0,95.0,0.0,111.0
강북구,2023-10,4910467.0,89.0,0.0,106.0
강북구,2023-11,4904231.0,81.0,0.0,109.0
강북구,2023-12,4940914.0,86.0,0.0,110.0
강북구,2024-01,4705349.0,,,
강북구,2024-02,4412051.0,,,
강북구,2024-03,4996712.0,,,
강북구,2024-04,5037674.0,,,
강북구,2024-05,5194683.0,,,
강북구,2024-06,4948882.0,,,
강북구,2024-07,5153049.0,,,
강북구,2024-08,5171476.0,,,
강북구,2024-09,5068537.0,,,
강북구,2024-10,5318977.0,,,
강북구,2024-11,5238711.0,,,
강북구,2024-12,5266874.0,,,
강북구,2025-01,4373524.0,,,
강북구,2025-02,4577064.0,,,
강북구,2025-03,5220422.0,,,
강북구,2025-04,996758.0,,,
강서구,2017-01,,155.0,1.0,237.0
강서구,2017-02,,112.0,1.0,154.0
강서구,2017-03,,140.0,1.0,174.0
강서구,2017-04,,146.0,0.0,201.0
강서구,2017-05,,121.0,0.0,156.0
강서구,2017-06,,147.0,3.0,183.0
강서구,2017-07,,136.0,1.0,192.0
강서구,2017-08,,129.0,2.0,189.0
강서구,2017-09,,128.0,2.0,166.0
강서구,2017-10,,137.0,0.0,195.0
강서구,2017-11,,114.0,0.0,159.0
강서구,2017-12,,119.0,1.0,149.0
강서구,2018-01,,134.0,3.0,210.0
강서구,2018-02,,134.0,0.0,177.0
강서구,2018-03,,109.0,0.0,164.0
강서구,2018-04,,124.0,0.0,206.0
강서구,2018-05,,103.0,1.0,155.0
강서구,2018-06,,131.0,2.0,189.0
강서구,2018-07,,115.0,0.0,173.0
강서구,2018-08,,141.0,2.0,228.0
강서구,2018-09,,116.0,1.0,169.0
강서구,2018-10,,122.0,0.0,156.0
강서구,2018-11,,146.0,0.0,208.0
강서구,2018-12,,127.0,2.0,173.0
강서구,2019-01,,136.0,1.0,179.0
강서구,2019-02,,131.0,0.0,165.0
강서구,2019-03,,144.0,2.0,194.0
강서구,2019-04,,140.0,2.0,189.0
강서구,2019-05,,153.0,5.0,230.0
강서구,2019-06,,143.0,1.0,206.0
강서구,2019-07,,147.0,0.0,185.0
강서구,2019-08,,189.0,1.0,260.0
강서구,2019-09,,162.0,1.0,237.0
강서구,2019-10,,167.0,4.0,214.0
강서구,2019-11,,162.0,1.0,226.0
강서구,2019-12,,155.0,2.0,206.0
강서구,2020-01,,135.0,2.0,193.0
강서구,2020-02,,128.0,1.0,163.0
강서구,2020-03,,123.0,2.0,172.0
강서구,2020-04,,124.0,1.0,180.0
강서구,2020-05,,158.0,3.0,204.0
강서구,2020-06,,137.0,2.0,188.0
강서구,2020-07,,128.0,1.0,173.0
강서구,2020-08,,129.0,2.0,169.0
강서구,2020-09,,150.0,1.0,214.0
강서구,2020-10,,130.0,2.0,175.0
강서구,2020-11,,133.0,0.0,175.0
강서구,2020-12,,100.0,0.0,125.0
강서구,2021-01,,107.0,0.0,144.0
강서구,2021-02,,92.0,1.0,131.0
강서구,2021-03,,116.0,0.0,154.0
강서구,2021-04,,126.0,2.0,171.0
강서구,2021-05,,141.0,1.0,186.0
강서구,2021-06,,144.0,1.0,184.0
강서구,2021-07,,149.0,1.0,192.0
강서구,2021-08,,117.0,3.0,187.0
강서구,2021-09,,121.0,1.0,154.0
강서구,2021-10,,130.0,2.0,183.0
강서구,2021-11,,131.0,1.0,181.0
강서구,2021-12,,127.0,0.0,175.0
강서구,2022-01,4287110.0,140.0,2.0,183.0
강서구,2022-02,3727510.0,116.0,1.0,139.0
강서구,2022-03,4165953.0,112.0,0.0,147.0
강서구,2022-04,4550713.0,135.0,3.0,169.0
강서구,2022-05,4875536.0,154.0,3.0,209.0
강서구,2022-06,4764240.0,155.0,1.0,204.0
강서구,2022-07,5095909.0,143.0,3.0,176.0
강서구,2022-08,5081768.0,126.0,1.0,168.0
강서구,2022-09,4629392.0,131.0,1.0,175.0
강서구,2022-10,4924458.0,133.0,0.0,172.0
강서구,2022-11,4827409.0,125.0,0.0,171.0
강서구,2022-12,4937327.0,136.0,0.0,195.0
강서구,2023-01,4479207.0,112.0,0.0,149.0
강서구,2023-02,4440861.0,106.0,0.0,157.0
강서구,2023-03,5009225.0,112.0,4.0,156.0
강서구,2023-04,4770622.0,139.0,1.0,191.0
강서구,2023-05,4876774.0,134.0,0.0,185.0
강서구,2023-06,4894939.0,133.0,0.0,204.0
강서구,2023-07,5010174.0,121.0,2.0,175.0
강서구,2023-08,4943601.0,128.0,1.0,175.0
강서구,2023-09,4668096.0,153.0,1.0,199.0
강서구,2023-10,4672275.0,135.0,0.0,169.0
강서구,2023-11,4796175.0,126.0,0.0,179.0
강서구,2023-12,4837112.0,119.0,0.0,173.0
강서구,2024-01,4658174.0,,,
강서구,2024-02,4326952.0,,,
강서구,2024-03,4837596.0,,,
강서구,2024-04,4850463.0,,,
강서구,2024-05,4936754.0,,,
강서구,2024-06,4797208.0,,,
강서구,2024-07,5154291.0,,,
강서구,2024-08,5079774.0,,,
강서구,2024-09,4751231.0,,,
강서구,2024-10,5007720.0,,,
강서구,2024-11,5002935.0,,,
강서구,2024-12,5085719.0,,,
강서구,2025-01,4180595.0,,,
강서구,2025-02,4523654.0,,,
강서구,2025-03,4960620.0,,,
강서구,2025-04,973981.0,,,
관악구,2017-01,,105.0,3.0,136.0
관악구,2017-02,,92.0,1.0,123.0
관악구,2017-03,,115.0,2.0,157.0
관악구,2017-04,,101.0,0.0,131.0
관악구,2017-05,,108.0,0.0,151.0
관악구,2017-06,,103.0,0.0,141.0
관악구,2017-07,,116.0,0.0,149.0
관악구,2017-08,,121.0,0.0,163.0
관악구,2017-09,,106.0,1.0,130.0
관악구,2017-10,,93.0,0.0,133.0
관악구,2017-11,,115.0,1.0,144.0
관악구,2017-12,,76.0,3.0,101.0
관악구,2018-01,,102.0,1.0,130.0
관악구,2018-02,,108.0,0.0,138.0
관악구,2018-03,,107.0,2.0,139.0
관악구,2018-04,,113.0,0.0,148.0
관악구,2018-05,,119.0,0.0,155.0
관악구,2018-06,,100.0,0.0,126.0
관악구,2018-07,,107.0,0.0,148.0
관악구,2018-08,,115.0,3.0,161.0
관악구,2018-09,,103.0,1.0,144.0
관악구,2018-10,,106.0,0.0,149.0
관악구,2018-11,,115.0,0.0,144.0
관악구,2018-12,,105.0,1.0,135.0
관악구,2019-01,,104.0,0.0,148.0
관악구,2019-02,,94.0,0.0,116.0
관악구,2019-03,,101.0,2.0,131.0
관악구,2019-04,,129.0,1.0,163.0
관악구,2019-05,,115.0,0.0,144.0
관악구,2019-06,,121.0,0.0,154.0
관악구,2019-07,,132.0,0.0,166.0
관악구,2019-08,,128.0,0.0,166.0
관악구,2019-09,,114.0,1.0,149.0
관악구,2019-10,,114.0,1.0,144.0
관악구,2019-11,,117.0,1.0,141.0
관악구,2019-12,,94.0,4.0,133.0
관악구,2020-01,,91.0,0.0,129.0
관악구,2020-02,,114.0,2.0,158.0
관악구,2020-03,,121.0,1.0,145.0
관악구,2020-04,,112.0,1.0,137.0
관악구,2020-05,,111.0,0.0,145.0
관악구,2020-06,,119.0,1.0,148.0
관악구,2020-07,,137.0,1.0,173.0
관악구,2020-08,,145.0,1.0,172.0
관악구,2020-09,,117.0,1.0,156.0
관악구,2020-10,,133.0,1.0,160.0
관악구,2020-11,,121.0,2.0,144.0
관악구,2020-12,,123.0,2.0,152.0
관악구,2021-01,,117.0,0.0,171.0
관악구,2021-02,,97.0,1.0,112.0
관악구,2021-03,,129.0,0.0,170.0
관악구,2021-04,,123.0,2.0,169.0
관악구,2021-05,,138.0,0.0,174.0
관악구,2021-06,,137.0,0.0,177.0
관악구,2021-07,,112.0,0.0,142.0
관악구,2021-08,,115.0,2.0,139.0
관악구,2021-09,,119.0,1.0,158.0
관악구,2021-10,,112.0,0.0,140.0
관악구,2021-11,,115.0,0.0,146.0
관악구,2021-12,,105.0,2.0,131.0
관악구,2022-01,6949650.0,104.0,0.0,143.0
관악구,2022-02,6136952.0,89.0,1.0,110.0
관악구,2022-03,7043064.0,79.0,0.0,97.0
관악구,2022-04,7729947.0,109.0,0.0,153.0
관악구,2022-05,8274550.0,122.0,1.0,151.0
관악구,2022-06,7534735.0,91.0,1.0,114.0
관악구,2022-07,7929447.0,107.0,1.0,146.0
관악구,2022-08,7808989.0,71.0,1.0,81.0
관악구,2022-09,7461377.0,99.0,1.0,124.0
관악구,2022-10,7908853.0,93.0,0.0,129.0
관악구,2022-11,7690174.0,104.0,1.0,141.0
관악구,2022-12,7623588.0,104.0,2.0,146.0
관악구,2023-01,6849456.0,71.0,1.0,87.0
관악구,2023-02,6716465.0,75.0,2.0,96.0
관악구,2023-03,7949626.0,86.0,1.0,105.0
관악구,2023-04,7548227.0,83.0,1.0,118.0
관악구,2023-05,7768127.0,93.0,0.0,121.0
관악구,2023-06,7597105.0,100.0,1.0,126.0
관악구,2023-07,7623999.0,73.0,1.0,96.0
관악구,2023-08,7452913.0,100.0,1.0,123.0
관악구,2023-09,7369813.0,84.0,0.0,106.0
관악구,2023-10,7448827.0,73.0,2.0,87.0
관악구,2023-11,7532400.0,76.0,0.0,95.0
관악구,2023-12,7425505.0,66.0,0.0,92.0
관악구,2024-01,7079754.0,,,
관악구,2024-02,6555900.0,,,
관악구,2024-03,7722147.0,,,
관악구,2024-04,7723114.0,,,
관악구,2024-05,7911036.0,,,
관악구,2024-06,7533418.0,,,
관악구,2024-07,7859398.0,,,
관악구,2024-08,8021835.0,,,
관악구,2024-09,7837199.0,,,
관악구,2024-10,8354507.0,,,
관악구,2024-11,8217772.0,,,
관악구,2024-12,8180536.0,,,
관악구,2025-01,6707247.0,,,
관악구,2025-02,7176565.0,,,
관악구,2025-03,8289609.0,,,
관악구,2025-04,1559792.0,,,
광진구,2017-01,,73.0,3.0,105.0
광진구,2017-02,,78.0,1.0,101.0
광진구,2017-03,,89.0,1.0,112.0
광진구,2017-04,,83.0,3.0,106.0
광진구,2017-05,,101.0,2.0,125.0
광진구,2017-06,,101.0,2.0,137.0
광진구,2017-07,,80.0,0.0,95.0
광진구,2017-08,,86.0,1.0,129.0
광진구,2017-09,,87.0,0.0,110.0
광진구,2017-10,,99.0,2.0,133.0
광진구,2017-11,,89.0,0.0,127.0
광진구,2017-12,,98.0,1.0,161.0
광진구,2018-01,,90.0,1.0,119.0
광진구,2018-02,,84.0,0.0,111.0
광진구,2018-03,,73.0,1.0,101.0
광진구,2018-04,,100.0,0.0,126.0
광진구,2018-05,,101.0,0.0,134.0
광진구,2018-06,,109.0,0.0,140.0
광진구,2018-07,,95.0,3.0,130.0
광진구,2018-08,,101.0,1.0,136.0
광진구,2018-09,,82.0,0.0,107.0
광진구,2018-10,,92.0,0.0,135.0
광진구,2018-11,,111.0,1.0,148.0
광진구,2018-12,,70.0,3.0,87.0
광진구,2019-01,,47.0,0.0,70.0
광진구,2019-02,,62.0,0.0,92.0
광진구,2019-03,,82.0,1.0,99.0
광진구,2019-04,,109.0,0.0,142.0
광진구,2019-05,,100.0,1.0,128.0
광진구,2019-06,,83.0,0.0,111.0
광진구,2019-07,,72.0,1.0,102.0
광진구,2019-08,,90.0,0.0,138.0
광진구,2019-09,,93.0,0.0,125.0
광진구,2019-10,,92.0,0.0,121.0
광진구,2019-11,,77.0,0.0,98.0
광진구,2019-12,,66.0,0.0,90.0
광진구,2020-01,,66.0,0.0,97.0
광진구,2020-02,,55.0,0.0,69.0
광진구,2020-03,,68.0,0.0,77.0
광진구,2020-04,,72.0,1.0,93.0
광진구,2020-05,,95.0,0.0,126.0
광진구,2020-06,,96.0,1.0,139.0
광진구,2020-07,,72.0,0.0,107.0
광진구,2020-08,,71.0,1.0,90.0
광진구,2020-09,,54.0,0.0,68.0
광진구,2020-10,,81.0,0.0,98.0
광진구,2020-11,,78.0,1.0,98.0
광진구,2020-12,,61.0,0.0,83.0
광진구,2021-01,,72.0,0.0,94.0
광진구,2021-02,,64.0,0.0,88.0
광진구,2021-03,,91.0,0.0,134.0
광진구,2021-04,,99.0,0.0,131.0
광진구,2021-05,,93.0,0.0,116.0
광진구,2021-06,,66.0,0.0,85.0
광진구,2021-07,,81.0,1.0,110.0
광진구,2021-08,,85.0,1.0,101.0
광진구,2021-09,,71.0,1.0,94.0
광진구,2021-10,,82.0,0.0,108.0
광진구,2021-11,,67.0,1.0,88.0
광진구,2021-12,,51.0,0.0,67.0
광진구,2022-01,2494307.0,61.0,0.0,77.0
광진구,2022-02,2184907.0,58.0,0.0,81.0
광진구,2022-03,2480212.0,59.0,0.0,80.0
광진구,2022-04,2740095.0,56.0,1.0,99.0
광진구,2022-05,2919346.0,69.0,0.0,83.0
광진구,2022-06,2807663.0,46.0,0.0,65.0
광진구,2022-07,2989246.0,59.0,1.0,73.0
광진구,2022-08,2994392.0,46.0,1.0,54.0
광진구,2022-09,2795538.0,59.0,3.0,77.0
광진구,2022-10,2971587.0,79.0,0.0,120.0
광진구,2022-11,2896049.0,51.0,2.0,61.0
광진구,2022-12,2966517.0,65.0,1.0,96.0
광진구,2023-01,2671824.0,49.0,1.0,62.0
광진구,2023-02,2656229.0,44.0,1.0,61.0
광진구,2023-03,3029198.0,63.0,0.0,78.0
광진구,2023-04,2911945.0,43.0,0.0,55.0
광진구,2023-05,2973408.0,65.0,1.0,81.0
광진구,2023-06,2944008.0,63.0,0.0,73.0
광진구,2023-07,2990872.0,69.0,0.0,91.0
광진구,2023-08,2963732.0,66.0,0.0,80.0
광진구,2023-09,2856019.0,54.0,0.0,64.0
광진구,2023-10,2884343.0,61.0,1.0,79.0
광진구,2023-11,2941015.0,67.0,0.0,80.0
광진구,2023-12,2987894.0,73.0,0.0,95.0
광진구,2024-01,2841805.0,,,
광진구,2024-02,2652013.0,,,
광진구,2024-03,3026628.0,,,
광진구,2024-04,3051463.0,,,
광진구,2024-05,3143662.0,,,
광진구,2024-06,3036977.0,,,
광진구,2024-07,3189797.0,,,
광진구,2024-08,3248893.0,,,
광진구,2024-09,3106706.0,,,
광진구,2024-10,3289109.0,,,
광진구,2024-11,3249715.0,,,
광진구,2024-12,3284792.0,,,
광진구,2025-01,2683981.0,,,
광진구,2025-02,2883922.0,,,
광진구,2025-03,3247349.0,,,
광진구,2025-04,626633.0,,,
구로구,2017-01,,119.0,0.0,173.0
구로구,2017-02,,91.0,0.0,134.0
구로구,2017-03,,103.0,0.0,150.0
구로구,2017-04,,111.0,0.0,144.0
구로구,2017-05,,118.0,2.0,160.0
구로구,2017-06,,111.0,1.0,145.0
구로구,2017-07,,127.0,1.0,174.0
구로구,2017-08,,111.0,1.0,151.0
구로구,2017-09,,157.0,2.0,218.0
구로구,2017-10,,134.0,1.0,172.0
구로구,2017-11,,137.0,3.0,177.0
구로구,2017-12,,114.0,1.0,162.0
구로구,2018-01,,103.0,3.0,162.0
구로구,2018-02,,118.0,1.0,182.0
구로구,2018-03,,124.0,0.0,167.0
구로구,2018-04,,114.0,1.0,159.0
구로구,2018-05,,137.0,0.0,176.0
구로구,2018-06,,126.0,0.0,177.0
구로구,2018-07,,148.0,1.0,206.0
구로구,2018-08,,117.0,1.0,150.0
구로구,2018-09,,142.0,1.0,209.0
구로구,2018-10,,147.0,0.0,195.0
구로구,2018-11,,128.0,2.0,179.0
구로구,2018-12,,128.0,3.0,167.0
구로구,2019-01,,140.0,5.0,189.0
구로구,2019-02,,100.0,2.0,127.0
구로구,2019-03,,132.0,0.0,189.0
구로구,2019-04,,138.0,0.0,204.0
구로구,2019-05,,129.0,0.0,177.0
구로구,2019-06,,134.0,2.0,187.0
구로구,2019-07,,112.0,0.0,148.0
구로구,2019-08,,124.0,1.0,177.0
구로구,2019-09,,128.0,0.0,180.0
구로구,2019-10,,129.0,1.0,178.0
구로구,2019-11,,137.0,1.0,167.0
구로구,2019-12,,126.0,1.0,173.0
구로구,2020-01,,115.0,1.0,157.0
구로구,2020-02,,117.0,1.0,163.0
구로구,2020-03,,108.0,0.0,142.0
구로구,2020-04,,104.0,1.0,141.0
구로구,2020-05,,117.0,0.0,167.0
구로구,2020-06,,112.0,0.0,161.0
구로구,2020-07,,111.0,2.0,152.0
구로구,2020-08,,123.0,1.0,173.0
구로구,2020-09,,113.0,0.0,155.0
구로구,2020-10,,96.0,0.0,131.0
구로구,2020-11,,114.0,2.0,142.0
구로구,2020-12,,95.0,2.0,126.0
구로구,2021-01,,126.0,2.0,167.0
구로구,2021-02,,91.0,0.0,117.0
구로구,2021-03,,101.0,0.0,131.0
구로구,2021-04,,126.0,1.0,150.0
구로구,2021-05,,114.0,1.0,152.0
구로구,2021-06,,117.0,2.0,135.0
구로구,2021-07,,124.0,0.0,166.0
구로구,2021-08,,105.0,0.0,136.0
구로구,2021-09,,98.0,1.0,124.0
구로구,2021-10,,110.0,1.0,143.0
구로구,2021-11,,122.0,1.0,157.0
구로구,2021-12,,116.0,0.0,151.0
구로구,2022-01,4416299.0,101.0,2.0,121.0
구로구,2022-02,3765083.0,85.0,1.0,114.0
구로구,2022-03,4195583.0,74.0,0.0,91.0
구로구,2022-04,4641665.0,92.0,1.0,128.0
구로구,2022-05,5007781.0,130.0,2.0,173.0
구로구,2022-06,4872569.0,94.0,0.0,134.0
구로구,2022-07,5141020.0,109.0,0.0,151.0
구로구,2022-08,5101174.0,108.0,1.0,161.0
구로구,2022-09,4759101.0,106.0,1.0,140.0
구로구,2022-10,5039290.0,133.0,1.0,174.0
구로구,2022-11,4992985.0,113.0,1.0,137.0
구로구,2022-12,5013819.0,129.0,2.0,167.0
구로구,2023-01,4564264.0,93.0,0.0,115.0
구로구,2023-02,4492572.0,75.0,0.0,116.0
구로구,2023-03,5120787.0,101.0,0.0,123.0
구로구,2023-04,4915672.0,99.0,1.0,146.0
구로구,2023-05,5045292.0,122.0,1.0,161.0
구로구,2023-06,5023122.0,119.0,1.0,150.0
구로구,2023-07,5117622.0,136.0,1.0,181.0
구로구,2023-08,5016760.0,111.0,0.0,158.0
구로구,2023-09,4813786.0,114.0,0.0,151.0
구로구,2023-10,4959454.0,123.0,0.0,164.0
구로구,2023-11,5173510.0,131.0,1.0,181.0
구로구,2023-12,5175477.0,135.0,0.0,194.0
구로구,2024-01,4970315.0,,,
구로구,2024-02,4605056.0,,,
구로구,2024-03,5185139.0,,,
구로구,2024-04,5236449.0,,,
구로구,2024-05,5332971.0,,,
구로구,2024-06,5179687.0,,,
구로구,2024-07,5495130.0,,,
구로구,2024-08,5380432.0,,,
구로구,2024-09,5074553.0,,,
구로구,2024-10,5322638.0,,,
구로구,2024-11,5325227.0,,,
구로구,2024-12,5432870.0,,,
구로구,2025-01,4430305.0,,,
구로구,2025-02,4717469.0,,,
구로구,2025-03,5393457.0,,,
구로구,2025-04,1065895.0,,,
금천구,2017-01,,62.0,2.0,103.0
금천구,2017-02,,63.0,0.0,102.0
금천구,2017-03,,60.0,1.0,75.0
금천구,2017-04,,68.0,0.0,103.0
금천구,2017-05,,65.0,0.0,93.0
금천구,2017-06,,72.0,1.0,95.0
금천구,2017-07,,64.0,0.0,90.0
금천구,2017-08,,71.0,1.0,111.0
금천구,2017-09,,83.0,1.0,125.0
금천구,2017-10,,73.0,0.0,117.0
금천구,2017-11,,73.0,0.0,119.0
금천구,2017-12,,70.0,0.0,95.0
금천구,2018-01,,75.0,1.0,118.0
금천구,2018-02,,70.0,0.0,104.0
금천구,2018-03,,88.0,0.0,124.0
금천구,2018-04,,93.0,1.0,114.0
금천구,2018-05,,89.0,0.0,123.0
금천구,2018-06,,60.0,0.0,80.0
금천구,2018-07,,84.0,2.0,106.0
금천구,2018-08,,70.0,0.0,103.0
금천구,2018-09,,72.0,0.0,106.0
금천구,2018-10,,81.0,0.0,110.0
금천구,2018-11,,80.0,2.0,146.0
금천구,2018-12,,70.0,0.0,92.0
금천구,2019-01,,63.0,2.0,81.0
금천구,2019-02,,49.0,0.0,69.0
금천구,2019-03,,81.0,1.0,110.0
금천구,2019-04,,87.0,0.0,119.0
금천구,2019-05,,81.0,0.0,111.0
금천구,2019-06,,65.0,0.0,86.0
금천구,2019-07,,91.0,0.0,123.0
금천구,2019-08,,95.0,1.0,169.0
금천구,2019-09,,62.0,3.0,91.0
금천구,2019-10,,88.0,2.0,164.0
금천구,2019-11,,81.0,0.0,119.0
금천구,2019-12,,77.0,0.0,111.0
금천구,2020-01,,62.0,0.0,84.0
금천구,2020-02,,77.0,0.0,98.0
금천구,2020-03,,56.0,0.0,78.0
금천구,2020-04,,58.0,1.0,71.0
금천구,2020-05,,77.0,0.0,101.0
금천구,2020-06,,70.0,1.0,93.0
금천구,2020-07,,73.0,0.0,90.0
금천구,2020-08,,65.0,1.0,87.0
금천구,2020-09,,61.0,1.0,83.0
금천구,2020-10,,77.0,1.0,110.0
금천구,2020-11,,77.0,0.0,100.0
금천구,2020-12,,57.0,1.0,89.0
금천구,2021-01,,58.0,0.0,81.0
금천구,2021-02,,55.0,2.0,75.0
금천구,2021-03,,60.0,0.0,79.0
금천구,2021-04,,82.0,0.0,106.0
금천구,2021-05,,80.0,2.0,142.0
금천구,2021-06,,71.0,0.0,97.0
금천구,2021-07,,82.0,2.0,110.0
금천구,2021-08,,64.0,1.0,91.0
금천구,2021-09,,75.0,3.0,97.0
금천구,2021-10,,52.0,3.0,97.0
금천구,2021-11,,62.0,2.0,85.0
금천구,2021-12,,86.0,1.0,107.0
금천구,2022-01,3464576.0,73.0,0.0,105.0
금천구,2022-02,2992876.0,63.0,1.0,86.0
금천구,2022-03,3356763.0,53.0,0.0,67.0
금천구,2022-04,3677668.0,60.0,2.0,92.0
금천구,2022-05,3958183.0,78.0,2.0,106.0
금천구,2022-06,3838535.0,67.0,0.0,91.0
금천구,2022-07,4092988.0,82.0,1.0,101.0
금천구,2022-08,4069548.0,77.0,0.0,104.0
금천구,2022-09,3746389.0,72.0,0.0,99.0
금천구,2022-10,4005688.0,55.0,0.0,77.0
금천구,2022-11,3918336.0,83.0,0.0,116.0
금천구,2022-12,3942691.0,81.0,3.0,108.0
금천구,2023-01,3631716.0,74.0,0.0,107.0
금천구,2023-02,3573557.0,65.0,0.0,94.0
금천구,2023-03,4029091.0,65.0,2.0,78.0
금천구,2023-04,3858501.0,81.0,1.0,109.0
금천구,2023-05,3972149.0,65.0,0.0,88.0
금천구,2023-06,3934401.0,71.0,1.0,102.0
금천구,2023-07,3990989.0,61.0,0.0,81.0
금천구,2023-08,3930981.0,75.0,0.0,123.0
금천구,2023-09,3751513.0,82.0,1.0,126.0
금천구,2023-10,3791960.0,81.0,0.0,107.0
금천구,2023-11,3861209.0,76.0,0.0,118.0
금천구,2023-12,3843892.0,80.0,2.0,99.0
금천구,2024-01,3724933.0,,,
금천구,2024-02,3433271.0,,,
금천구,2024-03,3792278.0,,,
금천구,2024-04,3835935.0,,,
금천구,2024-05,3890055.0,,,
금천구,2024-06,3752430.0,,,
금천구,2024-07,3992772.0,,,
금천구,2024-08,3750886.0,,,
금천구,2024-09,3504503.0,,,
금천구,2024-10,3709110.0,,,
금천구,2024-11,3679365.0,,,
금천구,2024-12,3721931.0,,,
금천구,2025-01,3088988.0,,,
금천구,2025-02,3314704.0,,,
금천구,2025-03,3763416.0,,,
금천구,2025-04,753505.0,,,
노원구,2017-01,,132.0,0.0,189.0
노원구,2017-02,,100.0,1.0,122.0
노원구,2017-03,,121.0,0.0,164.0
노원구,2017-04,,121.0,1.0,176.0
노원구,2017-05,,134.0,0.0,178.0
노원구,2017-06,,107.0,0.0,135.0
노원구,2017-07,,118.0,2.0,160.0
노원구,2017-08,,143.0,2.0,190.0
노원구,2017-09,,158.0,1.0,219.0
노원구,2017-10,,132.0,1.0,192.0
노원구,2017-11,,116.0,2.0,165.0
노원구,2017-12,,117.0,1.0,165.0
노원구,2018-01,,132.0,2.0,176.0
노원구,2018-02,,125.0,1.0,164.0
노원구,2018-03,,125.0,1.0,217.0
노원구,2018-04,,141.0,1.0,180.0
노원구,2018-05,,142.0,0.0,193.0
노원구,2018-06,,126.0,4.0,155.0
노원구,2018-07,,115.0,2.0,178.0
노원구,2018-08,,111.0,1.0,169.0
노원구,2018-09,,140.0,0.0,218.0
노원구,2018-10,,128.0,1.0,179.0
노원구,2018-11,,130.0,1.0,172.0
노원구,2018-12,,154.0,0.0,226.0
노원구,2019-01,,137.0,1.0,201.0
노원구,2019-02,,101.0,0.0,136.0
노원구,2019-03,,123.0,1.0,169.0
노원구,2019-04,,139.0,0.0,191.0
노원구,2019-05,,153.0,1.0,203.0
노원구,2019-06,,138.0,0.0,187.0
노원구,2019-07,,148.0,2.0,192.0
노원구,2019-08,,139.0,0.0,188.0
노원구,2019-09,,149.0,1.0,222.0
노원구,2019-10,,165.0,1.0,203.0
노원구,2019-11,,175.0,0.0,231.0
노원구,2019-12,,136.0,1.0,179.0
노원구,2020-01,,116.0,0.0,181.0
노원구,2020-02,,134.0,0.0,171.0
노원구,2020-03,,99.0,0.0,126.0
노원구,2020-04,,128.0,0.0,175.0
노원구,2020-05,,138.0,0.0,186.0
노원구,2020-06,,120.0,0.0,177.0
노원구,2020-07,,125.0,0.0,164.0
노원구,2020-08,,126.0,0.0,183.0
노원구,2020-09,,130.0,2.0,180.0
노원구,2020-10,,124.0,2.0,157.0
노원구,2020-11,,112.0,1.0,161.0
노원구,2020-12,,110.0,0.0,155.0
노원구,2021-01,,86.0,3.0,112.0
노원구,2021-02,,113.0,1.0,163.0
노원구,2021-03,,130.0,0.0,181.0
노원구,2021-04,,115.0,1.0,157.0
노원구,2021-05,,107.0,0.0,143.0
노원구,2021-06,,125.0,1.0,186.0
노원구,2021-07,,126.0,0.0,183.0
노원구,2021-08,,128.0,0.0,165.0
노원구,2021-09,,123.0,0.0,160.0
노원구,2021-10,,118.0,2.0,153.0
노원구,2021-11,,121.0,0.0,171.0
노원구,2021-12,,121.0,0.0,166.0
노원구,2022-01,3787607.0,115.0,0.0,154.0
노원구,2022-02,3306090.0,71.0,0.0,101.0
노원구,2022-03,3874521.0,96.0,0.0,136.0
노원구,2022-04,4265676.0,134.0,2.0,175.0
노원구,2022-05,4574679.0,121.0,0.0,168.0
노원구,2022-06,4283101.0,129.0,1.0,172.0
노원구,2022-07,4457199.0,110.0,0.0,162.0
노원구,2022-08,4379010.0,127.0,1.0,179.0
노원구,2022-09,4259057.0,119.0,1.0,153.0
노원구,2022-10,4518190.0,139.0,0.0,191.0
노원구,2022-11,4422760.0,108.0,1.0,146.0
노원구,2022-12,4427209.0,115.0,0.0,176.0
노원구,2023-01,3881344.0,95.0,2.0,118.0
노원구,2023-02,3899723.0,75.0,0.0,104.0
노원구,2023-03,4631618.0,104.0,0.0,169.0
노원구,2023-04,4390800.0,105.0,0.0,143.0
노원구,2023-05,4521595.0,122.0,0.0,179.0
노원구,2023-06,4368089.0,120.0,0.0,151.0
노원구,2023-07,4354539.0,104.0,2.0,145.0
노원구,2023-08,4269672.0,110.0,0.0,158.0
노원구,2023-09,4278207.0,125.0,0.0,165.0
노원구,2023-10,4289167.0,148.0,3.0,193.0
노원구,2023-11,4421436.0,117.0,1.0,157.0
노원구,2023-12,4419616.0,141.0,1.0,187.0
노원구,2024-01,4179429.0,,,
노원구,2024-02,3882033.0,,,
노원구,2024-03,4537493.0,,,
노원구,2024-04,4528332.0,,,
노원구,2024-05,4676384.0,,,
노원구,2024-06,4405132.0,,,
노원구,2024-07,4594144.0,,,
노원구,2024-08,4204377.0,,,
노원구,2024-09,4083893.0,,,
노원구,2024-10,4295288.0,,,
노원구,2024-11,4302681.0,,,
노원구,2024-12,4280133.0,,,
노원구,2025-01,3462312.0,,,
노원구,2025-02,3718978.0,,,
노원구,2025-03,4398402.0,,,
노원구,2025-04,882002.0,,,
도봉구,2017-01,,72.0,0.0,107.0
도봉구,2017-02,,70.0,2.0,95.0
도봉구,2017-03,,62.0,1.0,84.0
도봉구,2017-04,,83.0,1.0,104.0
도봉구,2017-05,,81.0,1.0,92.0
도봉구,2017-06,,66.0,1.0,87.0
도봉구,2017-07,,94.0,2.0,129.0
도봉구,2017-08,,81.0,0.0,101.0
도봉구,2017-09,,88.0,0.0,119.0
도봉구,2017-10,,73.0,1.0,98.0
도봉구,2017-11,,108.0,0.0,128.0
도봉구,2017-12,,66.0,0.0,95.0
도봉구,2018-01,,67.0,0.0,84.0
도봉구,2018-02,,61.0,1.0,76.0
도봉구,2018-03,,53.0,0.0,59.0
도봉구,2018-04,,63.0,0.0,84.0
도봉구,2018-05,,86.0,1.0,102.0
도봉구,2018-06,,78.0,1.0,90.0
도봉구,2018-07,,76.0,1.0,93.0
도봉구,2018-08,,77.0,0.0,102.0
도봉구,2018-09,,69.0,0.0,90.0
도봉구,2018-10,,82.0,2.0,109.0
도봉구,2018-11,,53.0,0.0,89.0
도봉구,2018-12,,59.0,0.0,83.0
도봉구,2019-01,,70.0,3.0,100.0
도봉구,2019-02,,48.0,0.0,60.0
도봉구,2019-03,,68.0,0.0,100.0
도봉구,2019-04,,67.0,0.0,95.0
도봉구,2019-05,,82.0,0.0,113.0
도봉구,2019-06,,83.0,0.0,113.0
도봉구,2019-07,,63.0,0.0,76.0
도봉구,2019-08,,79.0,1.0,107.0
도봉구,2019-09,,71.0,0.0,93.0
도봉구,2019-10,,79.0,0.0,110.0
도봉구,2019-11,,72.0,0.0,100.0
도봉구,2019-12,,70.0,0.0,96.0
도봉구,2020-01,,58.0,0.0,84.0
도봉구,2020-02,,63.0,0.0,93.0
도봉구,2020-03,,50.0,1.0,59.0
도봉구,2020-04,,58.0,0.0,74.0
도봉구,2020-05,,60.0,0.0,94.0
도봉구,2020-06,,65.0,0.0,83.0
도봉구,2020-07,,75.0,2.0,122.0
도봉구,2020-08,,57.0,0.0,69.0
도봉구,2020-09,,54.0,0.0,63.0
도봉구,2020-10,,78.0,1.0,101.0
도봉구,2020-11,,61.0,0.0,74.0
도봉구,2020-12,,62.0,3.0,74.0
도봉구,2021-01,,46.0,0.0,57.0
도봉구,2021-02,,53.0,0.0,69.0
도봉구,2021-03,,53.0,0.0,66.0
도봉구,2021-04,,58.0,0.0,74.0
도봉구,2021-05,,47.0,1.0,54.0
도봉구,2021-06,,58.0,0.0,72.0
도봉구,2021-07,,47.0,0.0,61.0
도봉구,2021-08,,47.0,1.0,64.0
도봉구,2021-09,,46.0,0.0,61.0
도봉구,2021-10,,35.0,0.0,47.0
도봉구,2021-11,,50.0,0.0,75.0
도봉구,2021-12,,51.0,1.0,68.0
도봉구,2022-01,3000071.0,54.0,0.0,76.0
도봉구,2022-02,2621476.0,41.0,0.0,54.0
도봉구,2022-03,2950273.0,39.0,1.0,50.0
도봉구,2022-04,3217644.0,44.0,0.0,69.0
도봉구,2022-05,3439863.0,52.0,0.0,60.0
도봉구,2022-06,3307529.0,41.0,1.0,49.0
도봉구,2022-07,3487726.0,41.0,0.0,55.0
도봉구,2022-08,3430310.0,45.0,0.0,72.0
도봉구,2022-09,3243754.0,44.0,0.0,58.0
도봉구,2022-10,3442298.0,37.0,0.0,44.0
도봉구,2022-11,3348998.0,43.0,0.0,57.0
도봉구,2022-12,3415370.0,41.0,0.0,61.0
도봉구,2023-01,3089174.0,36.0,1.0,43.0
도봉구,2023-02,3031104.0,32.0,0.0,42.0
도봉구,2023-03,3481404.0,43.0,1.0,54.0
도봉구,2023-04,3338513.0,48.0,0.0,65.0
도봉구,2023-05,3427490.0,40.0,0.0,48.0
도봉구,2023-06,3383460.0,49.0,1.0,70.0
도봉구,2023-07,3429717.0,51.0,0.0,69.0
도봉구,2023-08,3355530.0,54.0,1.0,61.0
도봉구,2023-09,3271403.0,45.0,0.0,52.0
도봉구,2023-10,3284137.0,47.0,2.0,72.0
도봉구,2023-11,3323088.0,37.0,1.0,45.0
도봉구,2023-12,3368311.0,48.0,0.0,64.0
도봉구,2024-01,3223646.0,,,
도봉구,2024-02,2999391.0,,,
도봉구,2024-03,3404934.0,,,
도봉구,2024-04,3406225.0,,,
도봉구,2024-05,3486582.0,,,
도봉구,2024-06,3347747.0,,,
도봉구,2024-07,3525420.0,,,
도봉구,2024-08,3648848.0,,,
도봉구,2024-09,3508473.0,,,
도봉구,2024-10,3673280.0,,,
도봉구,2024-11,3648147.0,,,
도봉구,2024-12,3667231.0,,,
도봉구,2025-01,3039396.0,,,
도봉구,2025-02,3217779.0,,,
도봉구,2025-03,3565552.0,,,
도봉구,2025-04,667880.0,,,
동대문구,2017-01,,156.0,1.0,218.0
동대문구,2017-02,,127.0,3.0,160.0
동대문구,2017-03,,144.0,1.0,181.0
동대문구,2017-04,,144.0,0.0,165.0
동대문구,2017-05,,118.0,0.0,145.0
동대문구,2017-06,,142.0,0.0,166.0
동대문구,2017-07,,154.0,1.0,205.0
동대문구,2017-08,,149.0,7.0,172.0
동대문구,2017-09,,147.0,1.0,182.0
동대문구,2017-10,,143.0,5.0,179.0
동대문구,2017-11,,144.0,2.0,173.0
동대문구,2017-12,,150.0,4.0,193.0
동대문구,2018-01,,142.0,0.0,185.0
동대문구,2018-02,,131.0,1.0,162.0
동대문구,2018-03,,128.0,3.0,163.0
동대문구,2018-04,,135.0,2.0,166.0
동대문구,2018-05,,150.0,0.0,205.0
동대문구,2018-06,,146.0,1.0,184.0
동대문구,2018-07,,152.0,0.0,182.0
동대문구,2018-08,,135.0,0.0,185.0
동대문구,2018-09,,148.0,2.0,175.0
동대문구,2018-10,,151.0,2.0,184.0
동대문구,2018-11,,133.0,2.0,181.0
동대문구,2018-12,,148.0,1.0,188.0
동대문구,2019-01,,115.0,0.0,148.0
동대문구,2019-02,,92.0,0.0,133.0
동대문구,2019-03,,111.0,1.0,147.0
동대문구,2019-04,,126.0,0.0,153.0
동대문구,2019-05,,112.0,0.0,141.0
동대문구,2019-06,,132.0,4.0,165.0
동대문구,2019-07,,142.0,1.0,175.0
동대문구,2019-08,,137.0,2.0,171.0
동대문구,2019-09,,157.0,2.0,194.0
동대문구,2019-10,,139.0,3.0,172.0
동대문구,2019-11,,149.0,0.0,200.0
동대문구,2019-12,,153.0,2.0,189.0
동대문구,2020-01,,98.0,1.0,115.0
동대문구,2020-02,,119.0,0.0,155.0
동대문구,2020-03,,92.0,2.0,128.0
동대문구,2020-04,,119.0,0.0,149.0
동대문구,2020-05,,108.0,1.0,142.0
동대문구,2020-06,,144.0,1.0,193.0
동대문구,2020-07,,134.0,0.0,181.0
동대문구,2020-08,,119.0,0.0,148.0
동대문구,2020-09,,131.0,0.0,172.0
동대문구,2020-10,,137.0,2.0,163.0
동대문구,2020-11,,138.0,2.0,167.0
동대문구,2020-12,,109.0,1.0,132.0
동대문구,2021-01,,101.0,1.0,138.0
동대문구,2021-02,,93.0,0.0,113.0
동대문구,2021-03,,105.0,2.0,127.0
동대문구,2021-04,,122.0,0.0,150.0
동대문구,2021-05,,125.0,3.0,153.0
동대문구,2021-06,,116.0,0.0,128.0
동대문구,2021-07,,122.0,1.0,137.0
동대문구,2021-08,,114.0,4.0,122.0
동대문구,2021-09,,133.0,5.0,161.0
동대문구,2021-10,,120.0,0.0,144.0
동대문구,2021-11,,131.0,1.0,158.0
동대문구,2021-12,,108.0,0.0,125.0
동대문구,2022-01,4768335.0,154.0,1.0,178.0
동대문구,2022-02,4106205.0,85.0,0.0,97.0
동대문구,2022-03,4727793.0,94.0,0.0,109.0
동대문구,2022-04,5214764.0,116.0,1.0,131.0
동대문구,2022-05,5617464.0,151.0,0.0,193.0
동대문구,2022-06,5352302.0,110.0,0.0,141.0
동대문구,2022-07,5559994.0,139.0,3.0,162.0
동대문구,2022-08,5541207.0,112.0,2.0,134.0
동대문구,2022-09,5420337.0,128.0,1.0,169.0
동대문구,2022-10,5736321.0,147.0,1.0,182.0
동대문구,2022-11,5642217.0,127.0,0.0,145.0
동대문구,2022-12,5590858.0,171.0,3.0,202.0
동대문구,2023-01,4968040.0,121.0,1.0,144.0
동대문구,2023-02,4944255.0,112.0,0.0,147.0
동대문구,2023-03,5960280.0,133.0,1.0,154.0
동대문구,2023-04,5688986.0,132.0,1.0,163.0
동대문구,2023-05,5883441.0,153.0,0.0,201.0
동대문구,2023-06,5731480.0,147.0,1.0,183.0
동대문구,2023-07,5621887.0,133.0,0.0,152.0
동대문구,2023-08,5549204.0,153.0,1.0,186.0
동대문구,2023-09,5726325.0,130.0,2.0,144.0
동대문구,2023-10,5716289.0,157.0,0.0,194.0
동대문구,2023-11,5883591.0,160.0,2.0,192.0
동대문구,2023-12,5764636.0,143.0,1.0,179.0
동대문구,2024-01,5411243.0,,,
동대문구,2024-02,5020766.0,,,
동대문구,2024-03,5949827.0,,,
동대문구,2024-04,5982670.0,,,
동대문구,2024-05,6185953.0,,,
동대문구,2024-06,5828030.0,,,
동대문구,2024-07,5921547.0,,,
동대문구,2024-08,5229794.0,,,
동대문구,2024-09,5239564.0,,,
동대문구,2024-10,5520830.0,,,
동대문구,2024-11,5522865.0,,,
동대문구,2024-12,5468871.0,,,
동대문구,2025-01,4401008.0,,,
동대문구,2025-02,4678624.0,,,
동대문구,2025-03,5852701.0,,,
동대문구,2025-04,1222686.0,,,
동작구,2017-01,,126.0,2.0,196.0
동작구,2017-02,,121.0,2.0,177.0
동작구,2017-03,,111.0,0.0,164.0
동작구,2017-04,,114.0,1.0,163.0
동작구,2017-05,,93.0,3.0,143.0
동작구,2017-06,,114.0,2.0,194.0
동작구,2017-07,,116.0,0.0,162.0
동작구,2017-08,,123.0,1.0,182.0
동작구,2017-09,,119.0,1.0,174.0
동작구,2017-10,,108.0,3.0,145.0
동작구,2017-11,,127.0,2.0,167.0
동작구,2017-12,,137.0,3.0,176.0
동작구,2018-01,,92.0,1.0,109.0
동작구,2018-02,,109.0,2.0,148.0
동작구,2018-03,,89.0,0.0,126.0
동작구,2018-04,,133.0,3.0,179.0
동작구,2018-05,,125.0,1.0,176.0
동작구,2018-06,,133.0,1.0,179.0
동작구,2018-07,,110.0,1.0,150.0
동작구,2018-08,,134.0,0.0,169.0
동작구,2018-09,,122.0,0.0,167.0
동작구,2018-10,,126.0,0.0,174.0
동작구,2018-11,,113.0,0.0,144.0
동작구,2018-12,,126.0,0.0,171.0
동작구,2019-01,,89.0,1.0,118.0
동작구,2019-02,,87.0,0.0,119.0
동작구,2019-03,,130.0,1.0,184.0
동작구,2019-04,,111.0,1.0,136.0
동작구,2019-05,,137.0,0.0,231.0
동작구,2019-06,,125.0,0.0,210.0
동작구,2019-07,,121.0,0.0,168.0
동작구,2019-08,,106.0,0.0,150.0
동작구,2019-09,,124.0,2.0,156.0
동작구,2019-10,,133.0,0.0,184.0
동작구,2019-11,,131.0,0.0,193.0
동작구,2019-12,,112.0,0.0,172.0
동작구,2020-01,,100.0,0.0,135.0
동작구,2020-02,,86.0,0.0,129.0
동작구,2020-03,,108.0,2.0,146.0
동작구,2020-04,,104.0,0.0,147.0
동작구,2020-05,,118.0,1.0,147.0
동작구,2020-06,,148.0,1.0,218.0
동작구,2020-07,,102.0,0.0,136.0
동작구,2020-08,,122.0,2.0,170.0
동작구,2020-09,,119.0,1.0,164.0
동작구,2020-10,,108.0,1.0,152.0
동작구,2020-11,,97.0,2.0,128.0
동작구,2020-12,,95.0,0.0,147.0
동작구,2021-01,,81.0,2.0,109.0
동작구,2021-02,,74.0,2.0,99.0
동작구,2021-03,,96.0,0.0,127.0
동작구,2021-04,,96.0,0.0,130.0
동작구,2021-05,,113.0,0.0,158.0
동작구,2021-06,,126.0,1.0,167.0
동작구,2021-07,,98.0,3.0,120.0
동작구,2021-08,,98.0,1.0,126.0
동작구,2021-09,,71.0,0.0,93.0
동작구,2021-10,,89.0,0.0,116.0
동작구,2021-11,,102.0,0.0,132.0
동작구,2021-12,,104.0,2.0,143.0
동작구,2022-01,4804278.0,107.0,2.0,153.0
동작구,2022-02,4126659.0,78.0,2.0,112.0
동작구,2022-03,4784891.0,67.0,0.0,93.0
동작구,2022-04,5332168.0,93.0,0.0,122.0
동작구,2022-05,5755596.0,96.0,0.0,132.0
동작구,2022-06,5301323.0,96.0,0.0,118.0
동작구,2022-07,5499058.0,104.0,0.0,148.0
동작구,2022-08,5426490.0,95.0,1.0,121.0
동작구,2022-09,5284678.0,106.0,0.0,138.0
동작구,2022-10,5545693.0,114.0,1.0,163.0
동작구,2022-11,5419618.0,117.0,0.0,171.0
동작구,2022-12,5263594.0,144.0,1.0,180.0
동작구,2023-01,4676629.0,107.0,0.0,148.0
동작구,2023-02,4614409.0,96.0,1.0,127.0
동작구,2023-03,5536630.0,96.0,0.0,131.0
동작구,2023-04,5261862.0,95.0,0.0,129.0
동작구,2023-05,5452947.0,102.0,1.0,132.0
동작구,2023-06,5336683.0,108.0,1.0,145.0
동작구,2023-07,5264391.0,101.0,1.0,136.0
동작구,2023-08,5197176.0,105.0,0.0,143.0
동작구,2023-09,5246814.0,121.0,2.0,156.0
동작구,2023-10,5285890.0,105.0,0.0,136.0
동작구,2023-11,5353114.0,100.0,0.0,142.0
동작구,2023-12,5218475.0,106.0,0.0,143.0
동작구,2024-01,4920720.0,,,
동작구,2024-02,4544874.0,,,
동작구,2024-03,5413536.0,,,
동작구,2024-04,5496842.0,,,
동작구,2024-05,5652186.0,,,
동작구,2024-06,5399066.0,,,
동작구,2024-07,5525252.0,,,
동작구,2024-08,5298654.0,,,
동작구,2024-09,5303193.0,,,
동작구,2024-10,5659688.0,,,
동작구,2024-11,5571969.0,,,
동작구,2024-12,5525425.0,,,
동작구,2025-01,4442644.0,,,
동작구,2025-02,4738229.0,,,
동작구,2025-03,5721534.0,,,
동작구,2025-04,1136040.0,,,
마포구,2017-01,,170.0,1.0,260.0
마포구,2017-02,,155.0,0.0,247.0
마포구,2017-03,,141.0,3.0,198.0
마포구,2017-04,,138.0,1.0,208.0
마포구,2017-05,,165.0,1.0,257.0
마포구,2017-06,,163.0,1.0,241.0
마포구,2017-07,,176.0,0.0,274.0
마포구,2017-08,,168.0,0.0,235.0
마포구,2017-09,,141.0,0.0,226.0
마포구,2017-10,,152.0,1.0,219.0
마포구,2017-11,,136.0,0.0,205.0
마포구,2017-12,,154.0,0.0,223.0
마포구,2018-01,,153.0,0.0,229.0
마포구,2018-02,,137.0,1.0,217.0
마포구,2018-03,,127.0,1.0,178.0
마포구,2018-04,,129.0,1.0,181.0
마포구,2018-05,,144.0,3.0,193.0
마포구,2018-06,,141.0,0.0,215.0
마포구,2018-07,,140.0,0.0,228.0
마포구,2018-08,,124.0,2.0,185.0
마포구,2018-09,,153.0,0.0,227.0
마포구,2018-10,,148.0,2.0,202.0
마포구,2018-11,,148.0,1.0,203.0
마포구,2018-12,,127.0,0.0,171.0
마포구,2019-01,,110.0,0.0,160.0
마포구,2019-02,,112.0,1.0,160.0
마포구,2019-03,,108.0,0.0,150.0
마포구,2019-04,,104.0,0.0,142.0
마포구,2019-05,,139.0,2.0,193.0
마포구,2019-06,,129.0,0.0,182.0
마포구,2019-07,,148.0,1.0,224.0
마포구,2019-08,,145.0,0.0,206.0
마포구,2019-09,,121.0,1.0,175.0
마포구,2019-10,,129.0,0.0,189.0
마포구,2019-11,,124.0,0.0,175.0
마포구,2019-12,,125.0,2.0,167.0
마포구,2020-01,,98.0,2.0,129.0
마포구,2020-02,,117.0,2.0,164.0
마포구,2020-03,,109.0,0.0,155.0
마포구,2020-04,,104.0,0.0,140.0
마포구,2020-05,,131.0,2.0,191.0
마포구,2020-06,,114.0,0.0,173.0
마포구,2020-07,,104.0,1.0,138.0
마포구,2020-08,,114.0,1.0,159.0
마포구,2020-09,,109.0,2.0,151.0
마포구,2020-10,,102.0,1.0,134.0
마포구,2020-11,,89.0,0.0,118.0
마포구,2020-12,,81.0,2.0,102.0
마포구,2021-01,,89.0,0.0,120.0
마포구,2021-02,,76.0,1.0,113.0
마포구,2021-03,,85.0,0.0,114.0
마포구,2021-04,,108.0,1.0,156.0
마포구,2021-05,,100.0,4.0,134.0
마포구,2021-06,,110.0,1.0,151.0
마포구,2021-07,,90.0,2.0,127.0
마포구,2021-08,,93.0,2.0,135.0
마포구,2021-09,,100.0,1.0,155.0
마포구,2021-10,,91.0,0.0,125.0
마포구,2021-11,,83.0,0.0,133.0
마포구,2021-12,,77.0,2.0,110.0
마포구,2022-01,4778392.0,85.0,0.0,124.0
마포구,2022-02,4104426.0,74.0,1.0,102.0
마포구,2022-03,4644653.0,54.0,0.0,67.0
마포구,2022-04,5207608.0,99.0,1.0,151.0
마포구,2022-05,5727367.0,95.0,2.0,122.0
마포구,2022-06,5511375.0,77.0,1.0,120.0
마포구,2022-07,5926743.0,87.0,1.0,130.0
마포구,2022-08,5886094.0,97.0,1.0,134.0
마포구,2022-09,5497289.0,111.0,2.0,145.0
마포구,2022-10,5869938.0,101.0,1.0,150.0
마포구,2022-11,5671385.0,93.0,0.0,132.0
마포구,2022-12,5676051.0,92.0,0.0,106.0
마포구,2023-01,5084251.0,80.0,0.0,106.0
마포구,2023-02,5119681.0,77.0,3.0,108.0
마포구,2023-03,5910988.0,93.0,1.0,115.0
마포구,2023-04,5648219.0,111.0,0.0,151.0
마포구,2023-05,5843544.0,117.0,0.0,172.0
마포구,2023-06,5797706.0,104.0,3.0,137.0
마포구,2023-07,5940925.0,103.0,0.0,146.0
마포구,2023-08,5838837.0,120.0,0.0,178.0
마포구,2023-09,5707994.0,115.0,2.0,172.0
마포구,2023-10,5846832.0,122.0,3.0,174.0
마포구,2023-11,5846601.0,104.0,0.0,125.0
마포구,2023-12,5789508.0,104.0,2.0,131.0
마포구,2024-01,5507879.0,,,
마포구,2024-02,5092121.0,,,
마포구,2024-03,5873017.0,,,
마포구,2024-04,5964153.0,,,
마포구,2024-05,6131915.0,,,
마포구,2024-06,5904811.0,,,
마포구,2024-07,6260485.0,,,
마포구,2024-08,6284733.0,,,
마포구,2024-09,6081394.0,,,
마포구,2024-10,6465650.0,,,
마포구,2024-11,6305067.0,,,
마포구,2024-12,6292182.0,,,
마포구,2025-01,5019981.0,,,
마포구,2025-02,5419795.0,,,
마포구,2025-03,6292187.0,,,
마포구,2025-04,1213006.0,,,
서대문구,2017-01,,90.0,1.0,130.0
서대문구,2017-02,,72.0,0.0,91.0
서대문구,2017-03,,86.0,2.0,112.0
서대문구,2017-04,,93.0,0.0,122.0
서대문구,2017-05,,102.0,0.0,143.0
서대문구,2017-06,,91.0,1.0,124.0
서대문구,2017-07,,85.0,1.0,133.0
서대문구,2017-08,,92.0,0.0,124.0
서대문구,2017-09,,96.0,0.0,120.0
서대문구,2017-10,,80.0,3.0,143.0
서대문구,2017-11,,72.0,0.0,95.0
서대문구,2017-12,,73.0,0.0,93.0
서대문구,2018-01,,71.0,0.0,106.0
서대문구,2018-02,,79.0,1.0,110.0
서대문구,2018-03,,83.0,0.0,101.0
서대문구,2018-04,,101.0,2.0,137.0
서대문구,2018-05,,87.0,2.0,120.0
서대문구,2018-06,,83.0,0.0,106.0
서대문구,2018-07,,86.0,0.0,114.0
서대문구,2018-08,,81.0,0.0,109.0
서대문구,2018-09,,86.0,0.0,118.0
서대문구,2018-10,,102.0,0.0,141.0
서대문구,2018-11,,82.0,0.0,123.0
서대문구,2018-12,,92.0,0.0,118.0
서대문구,2019-01,,82.0,0.0,108.0
서대문구,2019-02,,75.0,0.0,92.0
서대문구,2019-03,,73.0,1.0,83.0
서대문구,2019-04,,81.0,1.0,105.0
서대문구,2019-05,,111.0,1.0,159.0
서대문구,2019-06,,90.0,1.0,173.0
서대문구,2019-07,,107.0,1.0,146.0
서대문구,2019-08,,94.0,2.0,123.0
서대문구,2019-09,,118.0,3.0,178.0
서대문구,2019-10,,84.0,2.0,189.0
서대문구,2019-11,,104.0,1.0,139.0
서대문구,2019-12,,94.0,1.0,114.0
서대문구,2020-01,,84.0,0.0,138.0
서대문구,2020-02,,72.0,1.0,93.0
서대문구,2020-03,,61.0,0.0,98.0
서대문구,2020-04,,58.0,0.0,76.0
서대문구,2020-05,,75.0,1.0,98.0
서대문구,2020-06,,99.0,0.0,112.0
서대문구,2020-07,,98.0,0.0,144.0
서대문구,2020-08,,78.0,1.0,101.0
서대문구,2020-09,,69.0,3.0,88.0
서대문구,2020-10,,85.0,0.0,110.0
서대문구,2020-11,,82.0,0.0,107.0
서대문구,2020-12,,67.0,0.0,91.0
서대문구,2021-01,,88.0,0.0,128.0
서대문구,2021-02,,68.0,1.0,89.0
서대문구,2021-03,,64.0,0.0,84.0
서대문구,2021-04,,79.0,1.0,112.0
서대문구,2021-05,,71.0,1.0,94.0
서대문구,2021-06,,92.0,0.0,130.0
서대문구,2021-07,,84.0,2.0,103.0
서대문구,2021-08,,69.0,0.0,87.0
서대문구,2021-09,,78.0,0.0,95.0
서대문구,2021-10,,83.0,2.0,93.0
서대문구,2021-11,,75.0,0.0,93.0
서대문구,2021-12,,79.0,2.0,98.0
서대문구,2022-01,4941306.0,79.0,2.0,108.0
서대문구,2022-02,4313653.0,64.0,0.0,72.0
서대문구,2022-03,4987467.0,62.0,0.0,78.0
서대문구,2022-04,5571071.0,98.0,0.0,137.0
서대문구,2022-05,6087411.0,88.0,0.0,127.0
서대문구,2022-06,5774300.0,86.0,0.0,110.0
서대문구,2022-07,6032671.0,85.0,1.0,113.0
서대문구,2022-08,5982132.0,83.0,0.0,120.0
서대문구,2022-09,5887225.0,91.0,1.0,116.0
서대문구,2022-10,6272182.0,85.0,1.0,118.0
서대문구,2022-11,6193704.0,79.0,0.0,109.0
서대문구,2022-12,6001928.0,74.0,0.0,95.0
서대문구,2023-01,5291788.0,74.0,0.0,99.0
서대문구,2023-02,5300799.0,53.0,0.0,73.0
서대문구,2023-03,6472710.0,70.0,0.0,94.0
서대문구,2023-04,6157947.0,76.0,0.0,90.0
서대문구,2023-05,6359738.0,92.0,1.0,126.0
서대문구,2023-06,6120681.0,74.0,2.0,97.0
서대문구,2023-07,6059444.0,67.0,0.0,93.0
서대문구,2023-08,5949714.0,93.0,0.0,123.0
서대문구,2023-09,6082965.0,69.0,0.0,101.0
서대문구,2023-10,6144283.0,70.0,0.0,101.0
서대문구,2023-11,6264366.0,87.0,0.0,106.0
서대문구,2023-12,6087630.0,91.0,1.0,117.0
서대문구,2024-01,5680181.0,,,
서대문구,2024-02,5239587.0,,,
서대문구,2024-03,6327698.0,,,
서대문구,2024-04,6431306.0,,,
서대문구,2024-05,6580624.0,,,
서대문구,2024-06,6149586.0,,,
서대문구,2024-07,6326902.0,,,
서대문구,2024-08,5347315.0,,,
서대문구,2024-09,5348830.0,,,
서대문구,2024-10,5731949.0,,,
서대문구,2024-11,5664277.0,,,
서대문구,2024-12,5510045.0,,,
서대문구,2025-01,4377121.0,,,
서대문구,2025-02,4682336.0,,,
서대문구,2025-03,5991120.0,,,
서대문구,2025-04,1281457.0,,,
서초구,2017-01,,193.0,2.0,301.0
서초구,2017-02,,158.0,2.0,232.0
서초구,2017-03,,166.0,1.0,256.0
서초구,2017-04,,215.0,3.0,319.0
서초구,2017-05,,208.0,0.0,294.0
서초구,2017-06,,185.0,2.0,251.0
서초구,2017-07,,213.0,6.0,336.0
서초구,2017-08,,214.0,0.0,313.0
서초구,2017-09,,187.0,2.0,283.0
서초구,2017-10,,212.0,1.0,346.0
서초구,2017-11,,190.0,0.0,285.0
서초구,2017-12,,220.0,2.0,332.0
서초구,2018-01,,229.0,1.0,321.0
서초구,2018-02,,187.0,2.0,297.0
서초구,2018-03,,227.0,1.0,331.0
서초구,2018-04,,180.0,1.0,246.0
서초구,2018-05,,203.0,3.0,310.0
서초구,2018-06,,185.0,0.0,271.0
서초구,2018-07,,208.0,1.0,312.0
서초구,2018-08,,200.0,1.0,296.0
서초구,2018-09,,210.0,4.0,287.0
서초구,2018-10,,213.0,0.0,313.0
서초구,2018-11,,223.0,2.0,337.0
서초구,2018-12,,213.0,2.0,319.0
서초구,2019-01,,200.0,0.0,293.0
서초구,2019-02,,153.0,0.0,237.0
서초구,2019-03,,190.0,0.0,243.0
서초구,2019-04,,193.0,0.0,311.0
서초구,2019-05,,200.0,2.0,277.0
서초구,2019-06,,189.0,1.0,288.0
서초구,2019-07,,214.0,2.0,296.0
서초구,2019-08,,191.0,0.0,271.0
서초구,2019-09,,210.0,3.0,301.0
서초구,2019-10,,225.0,1.0,320.0
서초구,2019-11,,260.0,2.0,371.0
서초구,2019-12,,193.0,3.0,322.0
서초구,2020-01,,161.0,3.0,213.0
서초구,2020-02,,189.0,0.0,264.0
서초구,2020-03,,167.0,2.0,214.0
서초구,2020-04,,167.0,0.0,230.0
서초구,2020-05,,207.0,0.0,310.0
서초구,2020-06,,203.0,2.0,281.0
서초구,2020-07,,222.0,1.0,304.0
서초구,2020-08,,168.0,0.0,239.0
서초구,2020-09,,190.0,0.0,248.0
서초구,2020-10,,200.0,1.0,268.0
서초구,2020-11,,217.0,0.0,294.0
서초구,2020-12,,159.0,0.0,210.0
서초구,2021-01,,168.0,1.0,260.0
서초구,2021-02,,172.0,0.0,227.0
서초구,2021-03,,205.0,2.0,272.0
서초구,2021-04,,188.0,0.0,259.0
서초구,2021-05,,173.0,1.0,243.0
서초구,2021-06,,177.0,0.0,243.0
서초구,2021-07,,190.0,0.0,273.0
서초구,2021-08,,174.0,0.0,247.0
서초구,2021-09,,155.0,1.0,203.0
서초구,2021-10,,163.0,0.0,220.0
서초구,2021-11,,172.0,2.0,240.0
서초구,2021-12,,181.0,1.0,245.0
서초구,2022-01,5965611.0,163.0,1.0,250.0
서초구,2022-02,5094599.0,134.0,0.0,187.0
서초구,2022-03,5750016.0,155.0,1.0,198.0
서초구,2022-04,6574329.0,214.0,2.0,322.0
서초구,2022-05,7145416.0,222.0,0.0,325.0
서초구,2022-06,6773193.0,169.0,0.0,286.0
서초구,2022-07,7194065.0,185.0,2.0,247.0
서초구,2022-08,7066110.0,193.0,0.0,311.0
서초구,2022-09,6435405.0,193.0,0.0,278.0
서초구,2022-10,6837983.0,219.0,1.0,358.0
서초구,2022-11,6748145.0,187.0,0.0,278.0
서초구,2022-12,6592443.0,230.0,1.0,351.0
서초구,2023-01,6041532.0,135.0,0.0,197.0
서초구,2023-02,6092595.0,161.0,0.0,245.0
서초구,2023-03,6933147.0,195.0,0.0,293.0
서초구,2023-04,6556299.0,157.0,0.0,216.0
서초구,2023-05,6721655.0,185.0,3.0,330.0
서초구,2023-06,6732102.0,177.0,0.0,261.0
서초구,2023-07,6791497.0,183.0,1.0,237.0
서초구,2023-08,6665069.0,191.0,1.0,295.0
서초구,2023-09,6407983.0,208.0,1.0,319.0
서초구,2023-10,6498244.0,197.0,1.0,343.0
서초구,2023-11,6693349.0,194.0,0.0,319.0
서초구,2023-12,6512989.0,185.0,0.0,264.0
서초구,2024-01,6435461.0,,,
서초구,2024-02,5912316.0,,,
서초구,2024-03,6704712.0,,,
서초구,2024-04,6851154.0,,,
서초구,2024-05,6957921.0,,,
서초구,2024-06,6763160.0,,,
서초구,2024-07,7175017.0,,,
서초구,2024-08,7398634.0,,,
서초구,2024-09,6932558.0,,,
서초구,2024-10,7453970.0,,,
서초구,2024-11,7398430.0,,,
서초구,2024-12,7415798.0,,,
서초구,2025-01,6017662.0,,,
서초구,2025-02,6570816.0,,,
서초구,2025-03,7245169.0,,,
서초구,2025-04,1368231.0,,,
성동구,2017-01,,83.0,2.0,117.0
성동구,2017-02,,75.0,1.0,121.0
성동구,2017-03,,80.0,2.0,102.0
성동구,2017-04,,101.0,0.0,141.0
성동구,2017-05,,83.0,2.0,110.0
성동구,2017-06,,98.0,0.0,141.0
성동구,2017-07,,102.0,1.0,140.0
성동구,2017-08,,84.0,2.0,115.0
성동구,2017-09,,104.0,2.0,145.0
성동구,2017-10,,87.0,0.0,113.0
성동구,2017-11,,92.0,2.0,127.0
성동구,2017-12,,87.0,1.0,129.0
성동구,2018-01,,81.0,3.0,110.0
성동구,2018-02,,91.0,0.0,122.0
성동구,2018-03,,99.0,2.0,144.0
성동구,2018-04,,88.0,0.0,113.0
성동구,2018-05,,112.0,0.0,166.0
성동구,2018-06,,92.0,1.0,124.0
성동구,2018-07,,103.0,1.0,135.0
성동구,2018-08,,91.0,0.0,129.0
성동구,2018-09,,94.0,1.0,121.0
성동구,2018-10,,113.0,0.0,157.0
성동구,2018-11,,104.0,1.0,134.0
성동구,2018-12,,75.0,0.0,106.0
성동구,2019-01,,88.0,2.0,119.0
성동구,2019-02,,76.0,0.0,113.0
성동구,2019-03,,78.0,1.0,100.0
성동구,2019-04,,96.0,1.0,129.0
성동구,2019-05,,101.0,3.0,127.0
성동구,2019-06,,108.0,1.0,143.0
성동구,2019-07,,87.0,0.0,115.0
성동구,2019-08,,75.0,0.0,103.0
성동구,2019-09,,89.0,0.0,123.0
성동구,2019-10,,110.0,3.0,134.0
성동구,2019-11,,97.0,0.0,126.0
성동구,2019-12,,86.0,2.0,107.0
성동구,2020-01,,86.0,0.0,123.0
성동구,2020-02,,76.0,0.0,102.0
성동구,2020-03,,77.0,2.0,103.0
성동구,2020-04,,89.0,0.0,133.0
성동구,2020-05,,96.0,0.0,137.0
성동구,2020-06,,104.0,0.0,140.0
성동구,2020-07,,108.0,2.0,141.0
성동구,2020-08,,99.0,2.0,125.0
성동구,2020-09,,98.0,1.0,128.0
성동구,2020-10,,101.0,0.0,123.0
성동구,2020-11,,102.0,1.0,131.0
성동구,2020-12,,83.0,1.0,95.0
성동구,2021-01,,80.0,0.0,105.0
성동구,2021-02,,94.0,0.0,130.0
성동구,2021-03,,67.0,1.0,84.0
성동구,2021-04,,104.0,0.0,115.0
성동구,2021-05,,77.0,1.0,101.0
성동구,2021-06,,89.0,0.0,127.0
성동구,2021-07,,76.0,0.0,92.0
성동구,2021-08,,97.0,0.0,135.0
성동구,2021-09,,94.0,2.0,111.0
성동구,2021-10,,77.0,0.0,104.0
성동구,2021-11,,99.0,2.0,127.0
성동구,2021-12,,103.0,2.0,131.0
성동구,2022-01,2576138.0,96.0,1.0,128.0
성동구,2022-02,2217292.0,71.0,0.0,89.0
성동구,2022-03,2520083.0,57.0,0.0,81.0
성동구,2022-04,2844946.0,89.0,3.0,111.0
성동구,2022-05,3044995.0,96.0,0.0,119.0
성동구,2022-06,2933316.0,54.0,0.0,71.0
성동구,2022-07,3122117.0,90.0,2.0,116.0
성동구,2022-08,3112656.0,78.0,0.0,99.0
성동구,2022-09,2869163.0,73.0,0.0,96.0
성동구,2022-10,3027425.0,84.0,0.0,108.0
성동구,2022-11,2928032.0,75.0,1.0,93.0
성동구,2022-12,2955831.0,85.0,1.0,111.0
성동구,2023-01,2670710.0,78.0,0.0,109.0
성동구,2023-02,2655885.0,61.0,1.0,76.0
성동구,2023-03,3037174.0,64.0,2.0,73.0
성동구,2023-04,2938592.0,88.0,1.0,122.0
성동구,2023-05,2995933.0,72.0,0.0,111.0
성동구,2023-06,2998891.0,69.0,0.0,96.0
성동구,2023-07,3064772.0,70.0,0.0,86.0
성동구,2023-08,3044742.0,84.0,0.0,115.0
성동구,2023-09,2931878.0,84.0,0.0,114.0
성동구,2023-10,2925259.0,81.0,0.0,101.0
성동구,2023-11,2982480.0,82.0,1.0,104.0
성동구,2023-12,2991422.0,86.0,1.0,114.0
성동구,2024-01,2876512.0,,,
성동구,2024-02,2653832.0,,,
성동구,2024-03,3029110.0,,,
성동구,2024-04,3108739.0,,,
성동구,2024-05,3142312.0,,,
성동구,2024-06,3049658.0,,,
성동구,2024-07,3230406.0,,,
성동구,2024-08,3181608.0,,,
성동구,2024-09,3035283.0,,,
성동구,2024-10,3211652.0,,,
성동구,2024-11,3165102.0,,,
성동구,2024-12,3162367.0,,,
성동구,2025-01,2598186.0,,,
성동구,2025-02,2792787.0,,,
성동구,2025-03,3195517.0,,,
성동구,2025-04,646351.0,,,
성북구,2017-01,,127.0,1.0,184.0
성북구,2017-02,,100.0,1.0,116.0
성북구,2017-03,,109.0,0.0,151.0
성북구,2017-04,,134.0,1.0,186.0
성북구,2017-05,,131.0,3.0,175.0
성북구,2017-06,,136.0,0.0,180.0
성북구,2017-07,,131.0,1.0,178.0
성북구,2017-08,,124.0,2.0,157.0
성북구,2017-09,,148.0,3.0,182.0
성북구,2017-10,,113.0,2.0,142.0
성북구,2017-11,,173.0,2.0,240.0
성북구,2017-12,,131.0,1.0,177.0
성북구,2018-01,,147.0,0.0,194.0
성북구,2018-02,,116.0,2.0,168.0
성북구,2018-03,,117.0,1.0,160.0
성북구,2018-04,,109.0,1.0,178.0
성북구,2018-05,,139.0,0.0,210.0
성북구,2018-06,,108.0,2.0,152.0
성북구,2018-07,,107.0,0.0,142.0
성북구,2018-08,,105.0,2.0,161.0
성북구,2018-09,,117.0,1.0,152.0
성북구,2018-10,,131.0,3.0,162.0
성북구,2018-11,,104.0,0.0,128.0
성북구,2018-12,,127.0,2.0,173.0
성북구,2019-01,,105.0,0.0,151.0
성북구,2019-02,,102.0,2.0,135.0
성북구,2019-03,,126.0,0.0,181.0
성북구,2019-04,,133.0,1.0,168.0
성북구,2019-05,,128.0,1.0,157.0
성북구,2019-06,,115.0,1.0,145.0
성북구,2019-07,,117.0,0.0,173.0
성북구,2019-08,,125.0,0.0,177.0
성북구,2019-09,,128.0,0.0,161.0
성북구,2019-10,,149.0,0.0,197.0
성북구,2019-11,,150.0,1.0,178.0
성북구,2019-12,,131.0,2.0,184.0
성북구,2020-01,,109.0,0.0,134.0
성북구,2020-02,,124.0,1.0,159.0
성북구,2020-03,,93.0,1.0,127.0
성북구,2020-04,,88.0,0.0,105.0
성북구,2020-05,,122.0,2.0,147.0
성북구,2020-06,,109.0,0.0,140.0
성북구,2020-07,,104.0,0.0,151.0
성북구,2020-08,,78.0,0.0,90.0
성북구,2020-09,,102.0,1.0,132.0
성북구,2020-10,,124.0,1.0,151.0
성북구,2020-11,,108.0,1.0,146.0
성북구,2020-12,,114.0,0.0,140.0
성북구,2021-01,,98.0,0.0,121.0
성북구,2021-02,,91.0,2.0,106.0
성북구,2021-03,,94.0,2.0,113.0
성북구,2021-04,,79.0,1.0,92.0
성북구,2021-05,,129.0,1.0,155.0
성북구,2021-06,,118.0,3.0,151.0
성북구,2021-07,,107.0,2.0,135.0
성북구,2021-08,,101.0,1.0,142.0
성북구,2021-09,,97.0,0.0,122.0
성북구,2021-10,,123.0,2.0,158.0
성북구,2021-11,,115.0,0.0,144.0
성북구,2021-12,,133.0,1.0,167.0
성북구,2022-01,5513077.0,98.0,0.0,124.0
성북구,2022-02,4801332.0,76.0,0.0,98.0
성북구,2022-03,5682094.0,84.0,1.0,107.0
성북구,2022-04,6303098.0,99.0,1.0,128.0
성북구,2022-05,6938852.0,109.0,0.0,139.0
성북구,2022-06,6522242.0,109.0,1.0,133.0
성북구,2022-07,6695671.0,122.0,1.0,155.0
성북구,2022-08,6577076.0,116.0,1.0,141.0
성북구,2022-09,6634244.0,107.0,1.0,134.0
성북구,2022-10,7044566.0,123.0,1.0,156.0
성북구,2022-11,6911548.0,115.0,0.0,140.0
성북구,2022-12,6693161.0,130.0,1.0,171.0
성북구,2023-01,5804976.0,103.0,0.0,134.0
성북구,2023-02,5749159.0,84.0,2.0,107.0
성북구,2023-03,7200427.0,83.0,0.0,102.0
성북구,2023-04,6834663.0,98.0,0.0,125.0
성북구,2023-05,7110626.0,108.0,2.0,143.0
성북구,2023-06,6763237.0,102.0,1.0,129.0
성북구,2023-07,6560615.0,99.0,0.0,120.0
성북구,2023-08,6415678.0,81.0,0.0,108.0
성북구,2023-09,6682125.0,124.0,1.0,162.0
성북구,2023-10,6738786.0,116.0,0.0,149.0
성북구,2023-11,6862121.0,127.0,2.0,153.0
성북구,2023-12,6638303.0,131.0,0.0,149.0
성북구,2024-01,6100665.0,,,
성북구,2024-02,5648789.0,,,
성북구,2024-03,6957469.0,,,
성북구,2024-04,7024609.0,,,
성북구,2024-05,7256931.0,,,
성북구,2024-06,6716410.0,,,
성북구,2024-07,6761346.0,,,
성북구,2024-08,6602837.0,,,
성북구,2024-09,6760131.0,,,
성북구,2024-10,7147615.0,,,
성북구,2024-11,7081208.0,,,
성북구,2024-12,6884730.0,,,
성북구,2025-01,5450979.0,,,
성북구,2025-02,5824753.0,,,
성북구,2025-03,7172287.0,,,
성북구,2025-04,1404103.0,,,
송파구,2017-01,,208.0,3.0,307.0
송파구,2017-02,,155.0,2.0,222.0
송파구,2017-03,,226.0,1.0,312.0
송파구,2017-04,,243.0,1.0,340.0
송파구,2017-05,,222.0,2.0,290.0
송파구,2017-06,,238.0,2.0,315.0
송파구,2017-07,,225.0,2.0,315.0
송파구,2017-08,,268.0,0.0,392.0
송파구,2017-09,,295.0,4.0,404.0
송파구,2017-10,,230.0,0.0,304.0
송파구,2017-11,,246.0,3.0,325.0
송파구,2017-12,,202.0,3.0,279.0
송파구,2018-01,,224.0,4.0,320.0
송파구,2018-02,,191.0,2.0,266.0
송파구,2018-03,,212.0,2.0,290.0
송파구,2018-04,,265.0,4.0,365.0
송파구,2018-05,,266.0,2.0,352.0
송파구,2018-06,,248.0,2.0,336.0
송파구,2018-07,,288.0,5.0,396.0
송파구,2018-08,,220.0,2.0,309.0
송파구,2018-09,,202.0,0.0,283.0
송파구,2018-10,,273.0,1.0,364.0
송파구,2018-11,,236.0,3.0,333.0
송파구,2018-12,,235.0,0.0,318.0
송파구,2019-01,,212.0,0.0,319.0
송파구,2019-02,,193.0,2.0,253.0
송파구,2019-03,,243.0,0.0,336.0
송파구,2019-04,,228.0,0.0,317.0
송파구,2019-05,,277.0,3.0,398.0
송파구,2019-06,,241.0,0.0,311.0
송파구,2019-07,,227.0,1.0,312.0
송파구,2019-08,,247.0,1.0,340.0
송파구,2019-09,,245.0,0.0,341.0
송파구,2019-10,,304.0,3.0,447.0
송파구,2019-11,,260.0,3.0,330.0
송파구,2019-12,,215.0,0.0,299.0
송파구,2020-01,,228.0,1.0,354.0
송파구,2020-02,,178.0,1.0,245.0
송파구,2020-03,,177.0,1.0,235.0
송파구,2020-04,,199.0,3.0,276.0
송파구,2020-05,,222.0,0.0,294.0
송파구,2020-06,,227.0,0.0,321.0
송파구,2020-07,,228.0,1.0,317.0
송파구,2020-08,,202.0,0.0,259.0
송파구,2020-09,,223.0,2.0,300.0
송파구,2020-10,,246.0,2.0,312.0
송파구,2020-11,,261.0,0.0,331.0
송파구,2020-12,,204.0,0.0,265.0
송파구,2021-01,,198.0,1.0,280.0
송파구,2021-02,,168.0,0.0,221.0
송파구,2021-03,,203.0,0.0,269.0
송파구,2021-04,,225.0,0.0,327.0
송파구,2021-05,,217.0,0.0,299.0
송파구,2021-06,,238.0,2.0,310.0
송파구,2021-07,,213.0,0.0,269.0
송파구,2021-08,,212.0,3.0,287.0
송파구,2021-09,,224.0,0.0,283.0
송파구,2021-10,,233.0,3.0,315.0
송파구,2021-11,,225.0,3.0,308.0
송파구,2021-12,,251.0,2.0,341.0
송파구,2022-01,5090110.0,221.0,0.0,321.0
송파구,2022-02,4380991.0,159.0,2.0,220.0
송파구,2022-03,4969871.0,164.0,0.0,230.0
송파구,2022-04,5640644.0,220.0,1.0,301.0
송파구,2022-05,5972862.0,209.0,2.0,285.0
송파구,2022-06,5770996.0,226.0,1.0,310.0
송파구,2022-07,6091218.0,224.0,0.0,323.0
송파구,2022-08,6076757.0,198.0,1.0,276.0
송파구,2022-09,5581902.0,242.0,0.0,322.0
송파구,2022-10,6018003.0,244.0,2.0,352.0
송파구,2022-11,5846810.0,224.0,0.0,315.0
송파구,2022-12,5978448.0,250.0,0.0,339.0
송파구,2023-01,5371297.0,201.0,1.0,295.0
송파구,2023-02,5393824.0,162.0,1.0,234.0
송파구,2023-03,6097739.0,201.0,0.0,257.0
송파구,2023-04,5863237.0,214.0,0.0,292.0
송파구,2023-05,5931401.0,221.0,1.0,287.0
송파구,2023-06,5964650.0,210.0,2.0,293.0
송파구,2023-07,6061583.0,215.0,0.0,324.0
송파구,2023-08,5927837.0,250.0,0.0,347.0
송파구,2023-09,5668008.0,221.0,1.0,323.0
송파구,2023-10,5762812.0,235.0,1.0,308.0
송파구,2023-11,5880871.0,235.0,2.0,321.0
송파구,2023-12,5958733.0,249.0,1.0,322.0
송파구,2024-01,5681324.0,,,
송파구,2024-02,5241729.0,,,
송파구,2024-03,5878115.0,,,
송파구,2024-04,6022140.0,,,
송파구,2024-05,6085319.0,,,
송파구,2024-06,5867210.0,,,
송파구,2024-07,6255174.0,,,
송파구,2024-08,6212069.0,,,
송파구,2024-09,5870090.0,,,
송파구,2024-10,6257427.0,,,
송파구,2024-11,6284685.0,,,
송파구,2024-12,6427139.0,,,
송파구,2025-01,5202959.0,,,
송파구,2025-02,5654678.0,,,
송파구,2025-03,6281415.0,,,
송파구,2025-04,1247314.0,,,
양천구,2017-01,,119.0,2.0,167.0
양천구,2017-02,,83.0,2.0,106.0
양천구,2017-03,,111.0,0.0,151.0
양천구,2017-04,,109.0,0.0,122.0
양천구,2017-05,,117.0,4.0,154.0
양천구,2017-06,,104.0,0.0,145.0
양천구,2017-07,,124.0,2.0,168.0
양천구,2017-08,,109.0,1.0,146.0
양천구,2017-09,,116.0,0.0,153.0
양천구,2017-10,,110.0,2.0,145.0
양천구,2017-11,,122.0,0.0,167.0
양천구,2017-12,,119.0,0.0,165.0
양천구,2018-01,,114.0,0.0,179.0
양천구,2018-02,,106.0,1.0,140.0
양천구,2018-03,,128.0,1.0,171.0
양천구,2018-04,,115.0,0.0,141.0
양천구,2018-05,,137.0,1.0,201.0
양천구,2018-06,,130.0,1.0,180.0
양천구,2018-07,,125.0,1.0,166.0
양천구,2018-08,,123.0,0.0,176.0
양천구,2018-09,,87.0,1.0,112.0
양천구,2018-10,,140.0,1.0,181.0
양천구,2018-11,,113.0,3.0,141.0
양천구,2018-12,,110.0,1.0,151.0
양천구,2019-01,,125.0,1.0,182.0
양천구,2019-02,,81.0,0.0,115.0
양천구,2019-03,,114.0,0.0,164.0
양천구,2019-04,,133.0,3.0,174.0
양천구,2019-05,,135.0,1.0,194.0
양천구,2019-06,,114.0,1.0,147.0
양천구,2019-07,,120.0,0.0,166.0
양천구,2019-08,,157.0,2.0,217.0
양천구,2019-09,,110.0,1.0,135.0
양천구,2019-10,,160.0,1.0,232.0
양천구,2019-11,,128.0,0.0,172.0
양천구,2019-12,,129.0,1.0,187.0
양천구,2020-01,,109.0,1.0,154.0
양천구,2020-02,,114.0,2.0,145.0
양천구,2020-03,,114.0,0.0,140.0
양천구,2020-04,,80.0,0.0,123.0
양천구,2020-05,,112.0,1.0,160.0
양천구,2020-06,,113.0,0.0,136.0
양천구,2020-07,,110.0,1.0,147.0
양천구,2020-08,,115.0,0.0,170.0
양천구,2020-09,,136.0,0.0,179.0
양천구,2020-10,,142.0,1.0,209.0
양천구,2020-11,,104.0,1.0,141.0
양천구,2020-12,,95.0,0.0,125.0
양천구,2021-01,,113.0,0.0,141.0
양천구,2021-02,,96.0,3.0,114.0
양천구,2021-03,,98.0,0.0,133.0
양천구,2021-04,,112.0,0.0,155.0
양천구,2021-05,,121.0,4.0,161.0
양천구,2021-06,,103.0,1.0,128.0
양천구,2021-07,,111.0,1.0,146.0
양천구,2021-08,,122.0,2.0,160.0
양천구,2021-09,,104.0,0.0,138.0
양천구,2021-10,,106.0,1.0,130.0
양천구,2021-11,,110.0,1.0,156.0
양천구,2021-12,,109.0,1.0,130.0
양천구,2022-01,3849340.0,94.0,1.0,128.0
양천구,2022-02,3341768.0,88.0,1.0,114.0
양천구,2022-03,3719991.0,81.0,0.0,114.0
양천구,2022-04,4097210.0,86.0,0.0,112.0
양천구,2022-05,4394574.0,82.0,1.0,110.0
양천구,2022-06,4260871.0,84.0,1.0,110.0
양천구,2022-07,4517216.0,103.0,1.0,142.0
양천구,2022-08,4483286.0,97.0,0.0,127.0
양천구,2022-09,4130618.0,119.0,1.0,144.0
양천구,2022-10,4415097.0,120.0,1.0,153.0
양천구,2022-11,4320121.0,109.0,0.0,139.0
양천구,2022-12,4405284.0,102.0,1.0,136.0
양천구,2023-01,4015414.0,77.0,2.0,96.0
양천구,2023-02,4011767.0,91.0,1.0,125.0
양천구,2023-03,4519843.0,100.0,1.0,125.0
양천구,2023-04,4301868.0,102.0,0.0,141.0
양천구,2023-05,4405165.0,99.0,0.0,136.0
양천구,2023-06,4392397.0,109.0,1.0,151.0
양천구,2023-07,4478752.0,113.0,0.0,159.0
양천구,2023-08,4404720.0,101.0,0.0,136.0
양천구,2023-09,4215432.0,120.0,0.0,165.0
양천구,2023-10,4234382.0,94.0,0.0,115.0
양천구,2023-11,4348290.0,110.0,0.0,142.0
양천구,2023-12,4372357.0,105.0,0.0,133.0
양천구,2024-01,4231328.0,,,
양천구,2024-02,3934647.0,,,
양천구,2024-03,4371976.0,,,
양천구,2024-04,4391810.0,,,
양천구,2024-05,4487823.0,,,
양천구,2024-06,4324248.0,,,
양천구,2024-07,4631366.0,,,
양천구,2024-08,4725943.0,,,
양천구,2024-09,4464338.0,,,
양천구,2024-10,4728515.0,,,
양천구,2024-11,4720012.0,,,
양천구,2024-12,4753310.0,,,
양천구,2025-01,3926445.0,,,
양천구,2025-02,4270303.0,,,
양천구,2025-03,4650766.0,,,
양천구,2025-04,880023.0,,,
영등포구,2017-01,,175.0,3.0,269.0
영등포구,2017-02,,186.0,0.0,283.0
영등포구,2017-03,,197.0,2.0,285.0
영등포구,2017-04,,185.0,4.0,248.0
영등포구,2017-05,,209.0,0.0,354.0
영등포구,2017-06,,195.0,3.0,264.0
영등포구,2017-07,,181.0,2.0,255.0
영등포구,2017-08,,217.0,1.0,309.0
영등포구,2017-09,,214.0,3.0,312.0
영등포구,2017-10,,197.0,1.0,284.0
영등포구,2017-11,,237.0,3.0,332.0
영등포구,2017-12,,193.0,0.0,324.0
영등포구,2018-01,,222.0,2.0,316.0
영등포구,2018-02,,185.0,3.0,261.0
영등포구,2018-03,,193.0,2.0,274.0
영등포구,2018-04,,197.0,1.0,269.0
영등포구,2018-05,,196.0,2.0,277.0
영등포구,2018-06,,221.0,1.0,309.0
영등포구,2018-07,,195.0,2.0,283.0
영등포구,2018-08,,223.0,3.0,310.0
영등포구,2018-09,,221.0,1.0,325.0
영등포구,2018-10,,207.0,3.0,279.0
영등포구,2018-11,,220.0,2.0,313.0
영등포구,2018-12,,213.0,0.0,316.0
영등포구,2019-01,,197.0,0.0,268.0
영등포구,2019-02,,139.0,2.0,186.0
영등포구,2019-03,,187.0,1.0,252.0
영등포구,2019-04,,228.0,1.0,360.0
영등포구,2019-05,,214.0,0.0,325.0
영등포구,2019-06,,217.0,2.0,293.0
영등포구,2019-07,,212.0,1.0,285.0
영등포구,2019-08,,214.0,1.0,295.0
영등포구,2019-09,,190.0,0.0,286.0
영등포구,2019-10,,238.0,2.0,344.0
영등포구,2019-11,,200.0,1.0,279.0
영등포구,2019-12,,203.0,0.0,278.0
영등포구,2020-01,,195.0,1.0,267.0
영등포구,2020-02,,193.0,1.0,256.0
영등포구,2020-03,,174.0,1.0,234.0
영등포구,2020-04,,170.0,1.0,235.0
영등포구,2020-05,,188.0,0.0,282.0
영등포구,2020-06,,194.0,2.0,277.0
영등포구,2020-07,,222.0,0.0,315.0
영등포구,2020-08,,186.0,1.0,265.0
영등포구,2020-09,,165.0,0.0,228.0
영등포구,2020-10,,177.0,0.0,250.0
영등포구,2020-11,,166.0,0.0,237.0
영등포구,2020-12,,178.0,0.0,256.0
영등포구,2021-01,,166.0,1.0,234.0
영등포구,2021-02,,169.0,1.0,240.0
영등포구,2021-03,,191.0,1.0,274.0
영등포구,2021-04,,185.0,0.0,273.0
영등포구,2021-05,,208.0,3.0,278.0
영등포구,2021-06,,174.0,0.0,236.0
영등포구,2021-07,,155.0,1.0,193.0
영등포구,2021-08,,191.0,0.0,250.0
영등포구,2021-09,,197.0,2.0,250.0
영등포구,2021-10,,177.0,4.0,238.0
영등포구,2021-11,,177.0,1.0,250.0
영등포구,2021-12,,188.0,1.0,251.0
영등포구,2022-01,5217303.0,183.0,4.0,244.0
영등포구,2022-02,4475139.0,117.0,0.0,162.0
영등포구,2022-03,4981715.0,126.0,2.0,151.0
영등포구,2022-04,5717098.0,164.0,1.0,228.0
영등포구,2022-05,6118267.0,183.0,1.0,252.0
영등포구,2022-06,5869558.0,180.0,1.0,247.0
영등포구,2022-07,6348714.0,172.0,4.0,237.0
영등포구,2022-08,6367739.0,142.0,3.0,182.0
영등포구,2022-09,5799679.0,190.0,0.0,262.0
영등포구,2022-10,6145620.0,195.0,1.0,258.0
영등포구,2022-11,6078820.0,178.0,0.0,251.0
영등포구,2022-12,6129490.0,168.0,3.0,233.0
영등포구,2023-01,5591802.0,134.0,1.0,203.0
영등포구,2023-02,5555706.0,150.0,0.0,203.0
영등포구,2023-03,6264651.0,146.0,1.0,192.0
영등포구,2023-04,6031273.0,143.0,1.0,209.0
영등포구,2023-05,6132493.0,155.0,0.0,213.0
영등포구,2023-06,6152690.0,139.0,0.0,192.0
영등포구,2023-07,6308018.0,149.0,0.0,213.0
영등포구,2023-08,6226136.0,172.0,1.0,219.0
영등포구,2023-09,5915588.0,178.0,1.0,239.0
영등포구,2023-10,5985179.0,173.0,1.0,241.0
영등포구,2023-11,6104913.0,182.0,0.0,246.0
영등포구,2023-12,6117161.0,179.0,1.0,249.0
영등포구,2024-01,5920637.0,,,
영등포구,2024-02,5464712.0,,,
영등포구,2024-03,6108604.0,,,
영등포구,2024-04,6285119.0,,,
영등포구,2024-05,6330592.0,,,
영등포구,2024-06,6205127.0,,,
영등포구,2024-07,6560323.0,,,
영등포구,2024-08,6350683.0,,,
영등포구,2024-09,5904925.0,,,
영등포구,2024-10,6292442.0,,,
영등포구,2024-11,6167100.0,,,
영등포구,2024-12,6296791.0,,,
영등포구,2025-01,5053681.0,,,
영등포구,2025-02,5476204.0,,,
영등포구,2025-03,6172272.0,,,
영등포구,2025-04,1238618.0,,,
용산구,2017-01,,109.0,0.0,169.0
용산구,2017-02,,89.0,0.0,122.0
용산구,2017-03,,89.0,0.0,135.0
용산구,2017-04,,111.0,0.0,153.0
용산구,2017-05,,117.0,1.0,161.0
용산구,2017-06,,103.0,4.0,135.0
용산구,2017-07,,101.0,2.0,157.0
용산구,2017-08,,112.0,0.0,155.0
용산구,2017-09,,134.0,1.0,189.0
용산구,2017-10,,150.0,1.0,216.0
용산구,2017-11,,102.0,2.0,157.0
용산구,2017-12,,120.0,1.0,200.0
용산구,2018-01,,100.0,3.0,140.0
용산구,2018-02,,104.0,1.0,149.0
용산구,2018-03,,102.0,0.0,160.0
용산구,2018-04,,123.0,0.0,162.0
용산구,2018-05,,134.0,2.0,182.0
용산구,2018-06,,105.0,3.0,142.0
용산구,2018-07,,114.0,1.0,145.0
용산구,2018-08,,118.0,1.0,169.0
용산구,2018-09,,102.0,1.0,137.0
용산구,2018-10,,125.0,1.0,185.0
용산구,2018-11,,100.0,0.0,132.0
용산구,2018-12,,103.0,1.0,149.0
용산구,2019-01,,104.0,1.0,142.0
용산구,2019-02,,87.0,0.0,105.0
용산구,2019-03,,112.0,2.0,163.0
용산구,2019-04,,102.0,0.0,138.0
용산구,2019-05,,98.0,0.0,143.0
용산구,2019-06,,99.0,0.0,135.0
용산구,2019-07,,92.0,2.0,118.0
용산구,2019-08,,95.0,3.0,131.0
용산구,2019-09,,95.0,1.0,125.0
용산구,2019-10,,100.0,0.0,139.0
용산구,2019-11,,114.0,0.0,151.0
용산구,2019-12,,89.0,1.0,124.0
용산구,2020-01,,71.0,0.0,93.0
용산구,2020-02,,85.0,1.0,106.0
용산구,2020-03,,66.0,3.0,74.0
용산구,2020-04,,88.0,1.0,116.0
용산구,2020-05,,82.0,1.0,108.0
용산구,2020-06,,95.0,0.0,131.0
용산구,2020-07,,79.0,2.0,103.0
용산구,2020-08,,71.0,1.0,103.0
용산구,2020-09,,62.0,1.0,85.0
용산구,2020-10,,70.0,1.0,91.0
용산구,2020-11,,64.0,0.0,91.0
용산구,2020-12,,57.0,1.0,77.0
용산구,2021-01,,80.0,1.0,105.0
용산구,2021-02,,55.0,0.0,77.0
용산구,2021-03,,97.0,1.0,138.0
용산구,2021-04,,87.0,0.0,126.0
용산구,2021-05,,82.0,0.0,104.0
용산구,2021-06,,95.0,1.0,120.0
용산구,2021-07,,96.0,0.0,142.0
용산구,2021-08,,85.0,0.0,107.0
용산구,2021-09,,90.0,0.0,117.0
용산구,2021-10,,78.0,0.0,110.0
용산구,2021-11,,92.0,1.0,123.0
용산구,2021-12,,77.0,1.0,100.0
용산구,2022-01,3577434.0,87.0,0.0,113.0
용산구,2022-02,3083665.0,70.0,1.0,92.0
용산구,2022-03,3603396.0,59.0,0.0,78.0
용산구,2022-04,4192407.0,67.0,1.0,76.0
용산구,2022-05,4674091.0,87.0,0.0,117.0
용산구,2022-06,4426232.0,82.0,2.0,118.0
용산구,2022-07,4576998.0,96.0,0.0,128.0
용산구,2022-08,4537393.0,91.0,2.0,121.0
용산구,2022-09,4403875.0,80.0,3.0,112.0
용산구,2022-10,4690557.0,116.0,1.0,144.0
용산구,2022-11,4426889.0,84.0,0.0,103.0
용산구,2022-12,4329684.0,95.0,1.0,128.0
용산구,2023-01,3849748.0,81.0,0.0,109.0
용산구,2023-02,3920517.0,73.0,2.0,94.0
용산구,2023-03,4688489.0,63.0,0.0,74.0
용산구,2023-04,4567847.0,73.0,1.0,99.0
용산구,2023-05,4668741.0,77.0,2.0,108.0
용산구,2023-06,4689737.0,80.0,0.0,106.0
용산구,2023-07,4591170.0,86.0,3.0,116.0
용산구,2023-08,4531497.0,95.0,1.0,139.0
용산구,2023-09,4615522.0,101.0,1.0,139.0
용산구,2023-10,4776407.0,99.0,0.0,154.0
용산구,2023-11,4595691.0,86.0,0.0,119.0
용산구,2023-12,4512832.0,82.0,1.0,109.0
용산구,2024-01,4172640.0,,,
용산구,2024-02,3940358.0,,,
용산구,2024-03,4670129.0,,,
용산구,2024-04,4869474.0,,,
용산구,2024-05,4939983.0,,,
용산구,2024-06,4762528.0,,,
용산구,2024-07,4791876.0,,,
용산구,2024-08,4866223.0,,,
용산구,2024-09,4868027.0,,,
용산구,2024-10,5274312.0,,,
용산구,2024-11,5082653.0,,,
용산구,2024-12,4962762.0,,,
용산구,2025-01,3886222.0,,,
용산구,2025-02,4216631.0,,,
용산구,2025-03,5035155.0,,,
용산구,2025-04,961716.0,,,
은평구,2017-01,,74.0,1.0,125.0
은평구,2017-02,,64.0,1.0,92.0
은평구,2017-03,,88.0,0.0,113.0
은평구,2017-04,,89.0,0.0,141.0
은평구,2017-05,,95.0,1.0,128.0
은평구,2017-06,,74.0,0.0,108.0
은평구,2017-07,,104.0,3.0,125.0
은평구,2017-08,,89.0,0.0,115.0
은평구,2017-09,,94.0,0.0,114.0
은평구,2017-10,,94.0,2.0,157.0
은평구,2017-11,,116.0,2.0,163.0
은평구,2017-12,,86.0,2.0,108.0
은평구,2018-01,,79.0,1.0,106.0
은평구,2018-02,,81.0,1.0,146.0
은평구,2018-03,,73.0,1.0,104.0
은평구,2018-04,,92.0,1.0,119.0
은평구,2018-05,,90.0,0.0,123.0
은평구,2018-06,,102.0,0.0,133.0
은평구,2018-07,,101.0,1.0,138.0
은평구,2018-08,,107.0,1.0,149.0
은평구,2018-09,,112.0,3.0,135.0
은평구,2018-10,,102.0,1.0,136.0
은평구,2018-11,,94.0,0.0,126.0
은평구,2018-12,,101.0,2.0,165.0
은평구,2019-01,,83.0,1.0,115.0
은평구,2019-02,,74.0,0.0,94.0
은평구,2019-03,,85.0,1.0,122.0
은평구,2019-04,,88.0,0.0,108.0
은평구,2019-05,,107.0,1.0,134.0
은평구,2019-06,,92.0,0.0,113.0
은평구,2019-07,,84.0,0.0,105.0
은평구,2019-08,,91.0,2.0,115.0
은평구,2019-09,,99.0,0.0,141.0
은평구,2019-10,,103.0,1.0,139.0
은평구,2019-11,,110.0,0.0,139.0
은평구,2019-12,,103.0,1.0,139.0
은평구,2020-01,,73.0,1.0,127.0
은평구,2020-02,,83.0,2.0,117.0
은평구,2020-03,,68.0,0.0,100.0
은평구,2020-04,,74.0,0.0,110.0
은평구,2020-05,,74.0,0.0,140.0
은평구,2020-06,,75.0,3.0,99.0
은평구,2020-07,,81.0,1.0,112.0
은평구,2020-08,,85.0,2.0,124.0
은평구,2020-09,,98.0,3.0,154.0
은평구,2020-10,,92.0,0.0,135.0
은평구,2020-11,,79.0,1.0,106.0
은평구,2020-12,,71.0,1.0,91.0
은평구,2021-01,,76.0,0.0,104.0
은평구,2021-02,,74.0,0.0,105.0
은평구,2021-03,,61.0,1.0,85.0
은평구,2021-04,,71.0,1.0,93.0
은평구,2021-05,,88.0,1.0,126.0
은평구,2021-06,,77.0,2.0,95.0
은평구,2021-07,,76.0,1.0,96.0
은평구,2021-08,,80.0,1.0,106.0
은평구,2021-09,,80.0,2.0,118.0
은평구,2021-10,,69.0,1.0,128.0
은평구,2021-11,,67.0,0.0,87.0
은평구,2021-12,,48.0,1.0,75.0
은평구,2022-01,4675265.0,77.0,1.0,97.0
은평구,2022-02,4083231.0,54.0,0.0,86.0
은평구,2022-03,4647977.0,62.0,2.0,79.0
은평구,2022-04,5143462.0,75.0,1.0,97.0
은평구,2022-05,5500617.0,88.0,0.0,116.0
은평구,2022-06,5287472.0,87.0,2.0,108.0
은평구,2022-07,5577199.0,76.0,1.0,98.0
은평구,2022-08,5480004.0,64.0,0.0,88.0
은평구,2022-09,5182611.0,97.0,1.0,126.0
은평구,2022-10,5523151.0,92.0,0.0,127.0
은평구,2022-11,5347030.0,77.0,0.0,112.0
은평구,2022-12,5337723.0,69.0,1.0,122.0
은평구,2023-01,4781341.0,90.0,0.0,116.0
은평구,2023-02,4767346.0,45.0,0.0,64.0
은평구,2023-03,5561998.0,83.0,1.0,107.0
은평구,2023-04,5328877.0,96.0,1.0,123.0
은평구,2023-05,5461427.0,93.0,0.0,117.0
은평구,2023-06,5388615.0,75.0,2.0,88.0
은평구,2023-07,5438019.0,79.0,0.0,113.0
은평구,2023-08,5368082.0,92.0,1.0,114.0
은평구,2023-09,5234251.0,98.0,0.0,142.0
은평구,2023-10,5332883.0,94.0,1.0,122.0
은평구,2023-11,5350052.0,100.0,0.0,133.0
은평구,2023-12,5326615.0,94.0,1.0,114.0
은평구,2024-01,5065781.0,,,
은평구,2024-02,4754385.0,,,
은평구,2024-03,5425846.0,,,
은평구,2024-04,5538339.0,,,
은평구,2024-05,5649632.0,,,
은평구,2024-06,5424793.0,,,
은평구,2024-07,5690624.0,,,
은평구,2024-08,5963128.0,,,
은평구,2024-09,5749058.0,,,
은평구,2024-10,6070596.0,,,
은평구,2024-11,5993799.0,,,
은평구,2024-12,5959566.0,,,
은평구,2025-01,4906503.0,,,
은평구,2025-02,5229121.0,,,
은평구,2025-03,5826411.0,,,
은평구,2025-04,1088236.0,,,
종로구,2017-01,,98.0,2.0,159.0
종로구,2017-02,,71.0,2.0,96.0
종로구,2017-03,,99.0,1.0,140.0
종로구,2017-04,,113.0,1.0,166.0
종로구,2017-05,,116.0,0.0,146.0
종로구,2017-06,,114.0,0.0,152.0
종로구,2017-07,,87.0,2.0,141.0
종로구,2017-08,,81.0,0.0,119.0
종로구,2017-09,,112.0,1.0,155.0
종로구,2017-10,,94.0,0.0,145.0
종로구,2017-11,,97.0,2.0,115.0
종로구,2017-12,,108.0,2.0,155.0
종로구,2018-01,,103.0,0.0,133.0
종로구,2018-02,,84.0,1.0,111.0
종로구,2018-03,,101.0,0.0,149.0
종로구,2018-04,,93.0,0.0,114.0
종로구,2018-05,,102.0,1.0,143.0
종로구,2018-06,,96.0,1.0,123.0
종로구,2018-07,,89.0,0.0,128.0
종로구,2018-08,,90.0,0.0,127.0
종로구,2018-09,,91.0,1.0,133.0
종로구,2018-10,,113.0,0.0,166.0
종로구,2018-11,,75.0,1.0,100.0
종로구,2018-12,,97.0,1.0,119.0
종로구,2019-01,,87.0,1.0,125.0
종로구,2019-02,,66.0,1.0,84.0
종로구,2019-03,,87.0,2.0,122.0
종로구,2019-04,,85.0,0.0,131.0
종로구,2019-05,,112.0,1.0,158.0
종로구,2019-06,,95.0,1.0,116.0
종로구,2019-07,,83.0,0.0,109.0
종로구,2019-08,,115.0,0.0,164.0
종로구,2019-09,,99.0,0.0,143.0
종로구,2019-10,,104.0,0.0,139.0
종로구,2019-11,,100.0,0.0,126.0
종로구,2019-12,,100.0,0.0,142.0
종로구,2020-01,,76.0,1.0,103.0
종로구,2020-02,,90.0,1.0,121.0
종로구,2020-03,,55.0,0.0,69.0
종로구,2020-04,,61.0,0.0,108.0
종로구,2020-05,,83.0,1.0,112.0
종로구,2020-06,,82.0,0.0,107.0
종로구,2020-07,,89.0,0.0,130.0
종로구,2020-08,,69.0,1.0,88.0
종로구,2020-09,,73.0,0.0,91.0
종로구,2020-10,,75.0,0.0,93.0
종로구,2020-11,,82.0,1.0,107.0
종로구,2020-12,,68.0,0.0,95.0
종로구,2021-01,,69.0,3.0,93.0
종로구,2021-02,,54.0,0.0,75.0
종로구,2021-03,,66.0,0.0,92.0
종로구,2021-04,,51.0,0.0,66.0
종로구,2021-05,,62.0,0.0,91.0
종로구,2021-06,,70.0,1.0,90.0
종로구,2021-07,,71.0,0.0,94.0
종로구,2021-08,,65.0,1.0,92.0
종로구,2021-09,,54.0,0.0,74.0
종로구,2021-10,,75.0,0.0,97.0
종로구,2021-11,,75.0,1.0,103.0
종로구,2021-12,,66.0,0.0,83.0
종로구,2022-01,4680304.0,65.0,0.0,89.0
종로구,2022-02,4064323.0,59.0,0.0,87.0
종로구,2022-03,4822051.0,70.0,0.0,88.0
종로구,2022-04,5589754.0,90.0,0.0,133.0
종로구,2022-05,6312459.0,88.0,1.0,130.0
종로구,2022-06,5897162.0,78.0,1.0,99.0
종로구,2022-07,5967031.0,109.0,0.0,146.0
종로구,2022-08,5953339.0,77.0,1.0,105.0
종로구,2022-09,5861513.0,99.0,0.0,138.0
종로구,2022-10,6338385.0,81.0,0.0,118.0
종로구,2022-11,6129934.0,77.0,0.0,108.0
종로구,2022-12,5820975.0,81.0,0.0,110.0
종로구,2023-01,5086045.0,77.0,2.0,108.0
종로구,2023-02,5189018.0,66.0,0.0,84.0
종로구,2023-03,6292659.0,67.0,0.0,97.0
종로구,2023-04,6039824.0,73.0,1.0,90.0
종로구,2023-05,6198116.0,88.0,0.0,136.0
종로구,2023-06,6023162.0,82.0,0.0,101.0
종로구,2023-07,5809826.0,95.0,0.0,121.0
종로구,2023-08,5741067.0,83.0,1.0,114.0
종로구,2023-09,5956634.0,81.0,1.0,132.0
종로구,2023-10,6249531.0,96.0,2.0,120.0
종로구,2023-11,6148330.0,80.0,1.0,99.0
종로구,2023-12,5947595.0,100.0,0.0,129.0
종로구,2024-01,5503264.0,,,
종로구,2024-02,5142088.0,,,
종로구,2024-03,6138280.0,,,
종로구,2024-04,6352932.0,,,
종로구,2024-05,6555668.0,,,
종로구,2024-06,6138447.0,,,
종로구,2024-07,6218588.0,,,
종로구,2024-08,5923310.0,,,
종로구,2024-09,5983796.0,,,
종로구,2024-10,6578398.0,,,
종로구,2024-11,6409936.0,,,
종로구,2024-12,6097096.0,,,
종로구,2025-01,4702183.0,,,
종로구,2025-02,5034268.0,,,
종로구,2025-03,6121838.0,,,
종로구,2025-04,1113082.0,,,
중구,2017-01,,96.0,0.0,133.0
중구,2017-02,,103.0,0.0,147.0
중구,2017-03,,110.0,1.0,134.0
중구,2017-04,,89.0,0.0,132.0
중구,2017-05,,111.0,0.0,142.0
중구,2017-06,,108.0,2.0,151.0
중구,2017-07,,109.0,0.0,141.0
중구,2017-08,,96.0,0.0,140.0
중구,2017-09,,101.0,1.0,131.0
중구,2017-10,,105.0,0.0,129.0
중구,2017-11,,124.0,0.0,167.0
중구,2017-12,,100.0,0.0,137.0
중구,2018-01,,104.0,1.0,143.0
중구,2018-02,,95.0,2.0,116.0
중구,2018-03,,106.0,1.0,141.0
중구,2018-04,,84.0,1.0,130.0
중구,2018-05,,105.0,1.0,134.0
중구,2018-06,,103.0,0.0,129.0
중구,2018-07,,80.0,0.0,116.0
중구,2018-08,,85.0,1.0,117.0
중구,2018-09,,77.0,0.0,93.0
중구,2018-10,,102.0,0.0,128.0
중구,2018-11,,93.0,1.0,131.0
중구,2018-12,,94.0,1.0,128.0
중구,2019-01,,100.0,3.0,124.0
중구,2019-02,,53.0,0.0,80.0
중구,2019-03,,85.0,0.0,113.0
중구,2019-04,,113.0,1.0,154.0
중구,2019-05,,104.0,0.0,135.0
중구,2019-06,,104.0,0.0,139.0
중구,2019-07,,107.0,0.0,140.0
중구,2019-08,,101.0,0.0,127.0
중구,2019-09,,90.0,0.0,125.0
중구,2019-10,,93.0,1.0,133.0
중구,2019-11,,121.0,0.0,163.0
중구,2019-12,,113.0,0.0,182.0
중구,2020-01,,81.0,0.0,114.0
중구,2020-02,,78.0,0.0,110.0
중구,2020-03,,61.0,2.0,75.0
중구,2020-04,,64.0,0.0,77.0
중구,2020-05,,104.0,2.0,137.0
중구,2020-06,,80.0,1.0,114.0
중구,2020-07,,77.0,0.0,97.0
중구,2020-08,,83.0,0.0,102.0
중구,2020-09,,66.0,0.0,80.0
중구,2020-10,,94.0,0.0,130.0
중구,2020-11,,88.0,0.0,114.0
중구,2020-12,,79.0,1.0,98.0
중구,2021-01,,74.0,0.0,85.0
중구,2021-02,,68.0,2.0,98.0
중구,2021-03,,67.0,0.0,89.0
중구,2021-04,,73.0,0.0,106.0
중구,2021-05,,78.0,0.0,121.0
중구,2021-06,,67.0,0.0,93.0
중구,2021-07,,69.0,0.0,96.0
중구,2021-08,,55.0,0.0,68.0
중구,2021-09,,64.0,0.0,82.0
중구,2021-10,,78.0,0.0,108.0
중구,2021-11,,84.0,0.0,104.0
중구,2021-12,,77.0,1.0,106.0
중구,2022-01,3211943.0,77.0,0.0,88.0
중구,2022-02,2752217.0,59.0,1.0,83.0
중구,2022-03,3197825.0,54.0,0.0,76.0
중구,2022-04,3813677.0,81.0,0.0,109.0
중구,2022-05,4212498.0,72.0,0.0,93.0
중구,2022-06,4014816.0,73.0,0.0,89.0
중구,2022-07,4149037.0,87.0,0.0,107.0
중구,2022-08,4124180.0,66.0,0.0,91.0
중구,2022-09,3926824.0,88.0,1.0,114.0
중구,2022-10,4238700.0,81.0,0.0,96.0
중구,2022-11,4090752.0,92.0,0.0,121.0
중구,2022-12,4002144.0,113.0,0.0,145.0
중구,2023-01,3533052.0,81.0,0.0,116.0
중구,2023-02,3587424.0,58.0,0.0,78.0
중구,2023-03,4167294.0,88.0,0.0,116.0
중구,2023-04,4086674.0,82.0,0.0,112.0
중구,2023-05,4199322.0,67.0,0.0,82.0
중구,2023-06,4191272.0,78.0,0.0,102.0
중구,2023-07,4075280.0,79.0,0.0,99.0
중구,2023-08,4043249.0,61.0,0.0,74.0
중구,2023-09,4055338.0,76.0,0.0,91.0
중구,2023-10,4330032.0,84.0,0.0,107.0
중구,2023-11,4260222.0,98.0,2.0,110.0
중구,2023-12,4194946.0,79.0,1.0,107.0
중구,2024-01,3860155.0,,,
중구,2024-02,3669717.0,,,
중구,2024-03,4195499.0,,,
중구,2024-04,4480619.0,,,
중구,2024-05,4549649.0,,,
중구,2024-06,4352213.0,,,
중구,2024-07,4502518.0,,,
중구,2024-08,5552376.0,,,
중구,2024-09,5497272.0,,,
중구,2024-10,6006703.0,,,
중구,2024-11,5743170.0,,,
중구,2024-12,5619453.0,,,
중구,2025-01,4441548.0,,,
중구,2025-02,4785678.0,,,
중구,2025-03,5147261.0,,,
중구,2025-04,867770.0,,,
중랑구,2017-01,,127.0,1.0,179.0
중랑구,2017-02,,113.0,1.0,175.0
중랑구,2017-03,,129.0,0.0,171.0
중랑구,2017-04,,120.0,0.0,169.0
중랑구,2017-05,,173.0,1.0,233.0
중랑구,2017-06,,145.0,0.0,184.0
중랑구,2017-07,,136.0,0.0,185.0
중랑구,2017-08,,132.0,0.0,174.0
중랑구,2017-09,,153.0,1.0,190.0
중랑구,2017-10,,144.0,0.0,207.0
중랑구,2017-11,,140.0,1.0,193.0
중랑구,2017-12,,127.0,1.0,168.0
중랑구,2018-01,,125.0,1.0,183.0
중랑구,2018-02,,125.0,1.0,169.0
중랑구,2018-03,,116.0,3.0,140.0
중랑구,2018-04,,121.0,0.0,159.0
중랑구,2018-05,,151.0,1.0,213.0
중랑구,2018-06,,130.0,0.0,180.0
중랑구,2018-07,,144.0,0.0,188.0
중랑구,2018-08,,112.0,2.0,153.0
중랑구,2018-09,,124.0,0.0,183.0
중랑구,2018-10,,154.0,0.0,227.0
중랑구,2018-11,,139.0,2.0,182.0
중랑구,2018-12,,124.0,0.0,158.0
중랑구,2019-01,,122.0,0.0,153.0
중랑구,2019-02,,117.0,0.0,142.0
중랑구,2019-03,,118.0,2.0,151.0
중랑구,2019-04,,134.0,1.0,178.0
중랑구,2019-05,,134.0,1.0,179.0
중랑구,2019-06,,131.0,2.0,164.0
중랑구,2019-07,,125.0,1.0,175.0
중랑구,2019-08,,138.0,1.0,187.0
중랑구,2019-09,,147.0,3.0,180.0
중랑구,2019-10,,171.0,1.0,229.0
중랑구,2019-11,,156.0,0.0,219.0
중랑구,2019-12,,127.0,0.0,165.0
중랑구,2020-01,,112.0,1.0,184.0
중랑구,2020-02,,159.0,0.0,191.0
중랑구,2020-03,,91.0,0.0,115.0
중랑구,2020-04,,116.0,2.0,156.0
중랑구,2020-05,,124.0,0.0,156.0
중랑구,2020-06,,129.0,0.0,186.0
중랑구,2020-07,,101.0,0.0,143.0
중랑구,2020-08,,108.0,0.0,141.0
중랑구,2020-09,,136.0,0.0,180.0
중랑구,2020-10,,143.0,0.0,212.0
중랑구,2020-11,,137.0,1.0,172.0
중랑구,2020-12,,91.0,0.0,116.0
중랑구,2021-01,,104.0,0.0,129.0
중랑구,2021-02,,106.0,1.0,133.0
중랑구,2021-03,,133.0,0.0,176.0
중랑구,2021-04,,124.0,2.0,178.0
중랑구,2021-05,,110.0,0.0,157.0
중랑구,2021-06,,120.0,0.0,173.0
중랑구,2021-07,,120.0,2.0,155.0
중랑구,2021-08,,100.0,0.0,122.0
중랑구,2021-09,,100.0,1.0,138.0
중랑구,2021-10,,114.0,0.0,156.0
중랑구,2021-11,,125.0,0.0,159.0
중랑구,2021-12,,117.0,1.0,150.0
중랑구,2022-01,3450517.0,114.0,0.0,153.0
중랑구,2022-02,3021241.0,89.0,1.0,121.0
중랑구,2022-03,3479875.0,95.0,1.0,120.0
중랑구,2022-04,3804493.0,133.0,0.0,186.0
중랑구,2022-05,4088410.0,135.0,1.0,163.0
중랑구,2022-06,3906296.0,119.0,1.0,148.0
중랑구,2022-07,4100833.0,128.0,0.0,179.0
중랑구,2022-08,4066760.0,121.0,0.0,164.0
중랑구,2022-09,3874805.0,123.0,1.0,170.0
중랑구,2022-10,4121761.0,108.0,0.0,150.0
중랑구,2022-11,4026685.0,121.0,4.0,177.0
중랑구,2022-12,4089185.0,115.0,1.0,159.0
중랑구,2023-01,3656077.0,88.0,0.0,113.0
중랑구,2023-02,3626999.0,99.0,0.0,131.0
중랑구,2023-03,4260793.0,98.0,0.0,125.0
중랑구,2023-04,4061699.0,90.0,0.0,129.0
중랑구,2023-05,4221759.0,121.0,1.0,155.0
중랑구,2023-06,4112628.0,111.0,3.0,153.0
중랑구,2023-07,4143407.0,89.0,0.0,135.0
중랑구,2023-08,4058059.0,109.0,1.0,145.0
중랑구,2023-09,4002154.0,123.0,0.0,171.0
중랑구,2023-10,4011575.0,122.0,0.0,169.0
중랑구,2023-11,4092183.0,105.0,2.0,140.0
중랑구,2023-12,4108295.0,113.0,0.0,138.0
중랑구,2024-01,3865973.0,,,
중랑구,2024-02,3615942.0,,,
중랑구,2024-03,4146370.0,,,
중랑구,2024-04,4184762.0,,,
중랑구,2024-05,4324557.0,,,
중랑구,2024-06,4092745.0,,,
중랑구,2024-07,4278562.0,,,
중랑구,2024-08,4474005.0,,,
중랑구,2024-09,4367611.0,,,
중랑구,2024-10,4593114.0,,,
중랑구,2024-11,4563803.0,,,
중랑구,2024-12,4601624.0,,,
중랑구,2025-01,3746106.0,,,
중랑구,2025-02,4000595.0,,,
중랑구,2025-03,4515057.0,,,
중랑구,2025-04,839270.0,,,
소계,2017-01,,3166.0,33.0,4692.0
소계,2017-02,,2728.0,26.0,3883.0
소계,2017-03,,3098.0,29.0,4241.0
소계,2017-04,,3172.0,22.0,4372.0
소계,2017-05,,3284.0,27.0,4539.0
소계,2017-06,,3247.0,29.0,4421.0
소계,2017-07,,3268.0,31.0,4577.0
소계,2017-08,,3308.0,24.0,4579.0
소계,2017-09,,3488.0,33.0,4752.0
소계,2017-10,,3312.0,31.0,4646.0
소계,2017-11,,3375.0,28.0,4600.0
소계,2017-12,,3179.0,30.0,4508.0
소계,2018-01,,3192.0,30.0,4490.0
소계,2018-02,,2973.0,28.0,4178.0
소계,2018-03,,3072.0,28.0,4288.0
소계,2018-04,,3219.0,24.0,4375.0
소계,2018-05,,3454.0,22.0,4795.0
소계,2018-06,,3253.0,21.0,4452.0
소계,2018-07,,3321.0,29.0,4588.0
소계,2018-08,,3203.0,27.0,4528.0
소계,2018-09,,3144.0,20.0,4335.0
소계,2018-10,,3500.0,21.0,4752.0
소계,2018-11,,3243.0,30.0,4499.0
소계,2018-12,,3221.0,24.0,4471.0
소계,2019-01,,2983.0,25.0,4134.0
소계,2019-02,,2482.0,13.0,3368.0
소계,2019-03,,3099.0,22.0,4223.0
소계,2019-04,,3283.0,14.0,4500.0
소계,2019-05,,3497.0,24.0,4886.0
소계,2019-06,,3290.0,20.0,4542.0
소계,2019-07,,3311.0,15.0,4446.0
소계,2019-08,,3447.0,22.0,4765.0
소계,2019-09,,3313.0,25.0,4550.0
소계,2019-10,,3634.0,31.0,5053.0
소계,2019-11,,3669.0,14.0,4933.0
소계,2019-12,,3250.0,25.0,4504.0
소계,2020-01,,2788.0,18.0,3944.0
소계,2020-02,,2999.0,20.0,3980.0
소계,2020-03,,2561.0,21.0,3385.0
소계,2020-04,,2724.0,17.0,3724.0
소계,2020-05,,3139.0,18.0,4294.0
소계,2020-06,,3189.0,15.0,4372.0
소계,2020-07,,3162.0,15.0,4319.0
소계,2020-08,,2926.0,19.0,3948.0
소계,2020-09,,2991.0,21.0,4035.0
소계,2020-10,,3122.0,20.0,4143.0
소계,2020-11,,3007.0,19.0,3926.0
소계,2020-12,,2619.0,16.0,3443.0
소계,2021-01,,2717.0,17.0,3690.0
소계,2021-02,,2505.0,21.0,3334.0
소계,2021-03,,2789.0,12.0,3740.0
소계,2021-04,,2952.0,14.0,3987.0
소계,2021-05,,2963.0,24.0,3994.0
소계,2021-06,,2990.0,16.0,3960.0
소계,2021-07,,2874.0,21.0,3781.0
소계,2021-08,,2778.0,25.0,3702.0
소계,2021-09,,2737.0,24.0,3547.0
소계,2021-10,,2814.0,24.0,3787.0
소계,2021-11,,2925.0,19.0,3935.0
소계,2021-12,,2869.0,26.0,3766.0
소계,2022-01,109851800.0,2874.0,18.0,3868.0
소계,2022-02,95108731.0,2176.0,16.0,2919.0
소계,2022-03,108524976.0,2187.0,12.0,2852.0
소계,2022-04,121410975.0,2847.0,23.0,3905.0
소계,2022-05,131377473.0,3030.0,19.0,4065.0
소계,2022-06,125158957.0,2748.0,16.0,3697.0
소계,2022-07,131787561.0,3021.0,23.0,4026.0
소계,2022-08,130575799.0,2734.0,19.0,3705.0
소계,2022-09,123207532.0,2965.0,21.0,3940.0
소계,2022-10,131267447.0,3137.0,15.0,4256.0
소계,2022-11,128111031.0,2906.0,14.0,3900.0
소계,2022-12,127348792.0,3073.0,25.0,4196.0
소계,2023-01,114349277.0,2526.0,14.0,3407.0
소계,2023-02,114099092.0,2279.0,15.0,3105.0
소계,2023-03,132801041.0,2632.0,18.0,3442.0
소계,2023-04,126941901.0,2749.0,12.0,3723.0
소계,2023-05,130470268.0,2904.0,13.0,3976.0
소계,2023-06,128909529.0,2820.0,21.0,3783.0
소계,2023-07,129428369.0,2802.0,13.0,3794.0
소계,2023-08,127306368.0,2949.0,12.0,3986.0
소계,2023-09,125095671.0,3025.0,15.0,4088.0
소계,2023-10,127190262.0,3035.0,17.0,4089.0
소계,2023-11,129200919.0,3032.0,16.0,3999.0
소계,2023-12,127970283.0,3058.0,14.0,4022.0
소계,2024-01,122001192.0,,,
소계,2024-02,113170026.0,,,
소계,2024-03,130392130.0,,,
소계,2024-04,132514946.0,,,
소계,2024-05,135493958.0,,,
소계,2024-06,129815194.0,,,
소계,2024-07,135845910.0,,,
소계,2024-08,134963368.0,,,
소계,2024-09,130420504.0,,,
소계,2024-10,138959780.0,,,
소계,2024-11,137372702.0,,,
소계,2024-12,136904170.0,,,
소계,2025-01,110825189.0,,,
소계,2025-02,119292701.0,,,
소계,2025-03,136985126.0,,,
소계,2025-04,26535042.0,,,
