구,연월,지하철_승객_수
강남구,2021-11,478600.0
강남구,2021-12,864755.0
강남구,2022-01,11962723.0
강남구,2022-02,10049991.0
강남구,2022-03,10784807.0
강남구,2022-04,12171029.0
강남구,2022-05,13696071.0
강남구,2022-06,13444581.0
강남구,2022-07,14332638.0
강남구,2022-08,14314489.0
강남구,2022-09,12320024.0
강남구,2022-10,14330295.0
강남구,2022-11,14435905.0
강남구,2022-12,14314092.0
강남구,2023-01,13413554.0
강남구,2023-02,13786532.0
강남구,2023-03,15179879.0
강남구,2023-04,14286533.0
강남구,2023-05,14500793.0
강남구,2023-06,14556084.0
강남구,2023-07,14859551.0
강남구,2023-08,14480582.0
강남구,2023-09,13750769.0
강남구,2023-10,14204009.0
강남구,2023-11,15071593.0
강남구,2023-12,14754890.0
강남구,2024-01,14913785.0
강남구,2024-02,13390001.0
강남구,2024-03,15004608.0
강남구,2024-04,14912757.0
강남구,2024-05,14984719.0
강남구,2024-06,14199880.0
강남구,2024-07,15239291.0
강남구,2024-08,13941054.0
강남구,2024-09,13311977.0
강남구,2024-10,14853818.0
강남구,2024-11,15276701.0
강남구,2024-12,15268334.0
강남구,2025-01,12529598.0
강남구,2025-02,14062367.0
강남구,2025-03,15508755.0
강남구,2025-04,3126824.0
강동구,2021-11,132405.0
강동구,2021-12,254631.0
강동구,2022-01,3485713.0
강동구,2022-02,2963301.0
강동구,2022-03,3271783.0
강동구,2022-04,3669692.0
강동구,2022-05,3991937.0
강동구,2022-06,3801358.0
강동구,2022-07,3918686.0
강동구,2022-08,3884212.0
강동구,2022-09,3511778.0
강동구,2022-10,4060207.0
강동구,2022-11,3975328.0
강동구,2022-12,3998910.0
강동구,2023-01,3694009.0
강동구,2023-02,3762847.0
강동구,2023-03,4258083.0
강동구,2023-04,4029963.0
강동구,2023-05,4109360.0
강동구,2023-06,4036709.0
강동구,2023-07,4016552.0
강동구,2023-08,3943713.0
강동구,2023-09,3885499.0
강동구,2023-10,4069345.0
강동구,2023-11,4151962.0
강동구,2023-12,4178617.0
강동구,2024-01,4134759.0
강동구,2024-02,3761042.0
강동구,2024-03,4277684.0
강동구,2024-04,4237938.0
강동구,2024-05,4323348.0
강동구,2024-06,4056217.0
강동구,2024-07,4205097.0
강동구,2024-08,3984525.0
강동구,2024-09,3980537.0
강동구,2024-10,4462712.0
강동구,2024-11,4475250.0
강동구,2024-12,4585871.0
강동구,2025-01,3824677.0
강동구,2025-02,4227160.0
강동구,2025-03,4842689.0
강동구,2025-04,1006806.0
강북구,2021-11,87569.0
강북구,2021-12,174840.0
강북구,2022-01,2334869.0
강북구,2022-02,2018431.0
강북구,2022-03,2278077.0
강북구,2022-04,2532633.0
강북구,2022-05,2763985.0
강북구,2022-06,2575102.0
강북구,2022-07,2606828.0
강북구,2022-08,2570534.0
강북구,2022-09,2449738.0
강북구,2022-10,2796616.0
강북구,2022-11,2720654.0
강북구,2022-12,2702506.0
강북구,2023-01,2454853.0
강북구,2023-02,2477180.0
강북구,2023-03,2892953.0
강북구,2023-04,2743992.0
강북구,2023-05,2825419.0
강북구,2023-06,2700253.0
강북구,2023-07,2641295.0
강북구,2023-08,2580624.0
강북구,2023-09,2642450.0
강북구,2023-10,2770928.0
강북구,2023-11,2773482.0
강북구,2023-12,2762603.0
강북구,2024-01,2640063.0
강북구,2024-02,2435875.0
강북구,2024-03,2849124.0
강북구,2024-04,2810608.0
강북구,2024-05,2880248.0
강북구,2024-06,2662662.0
강북구,2024-07,2690227.0
강북구,2024-08,2484074.0
강북구,2024-09,2566988.0
강북구,2024-10,2837724.0
강북구,2024-11,2827271.0
강북구,2024-12,2819905.0
강북구,2025-01,2296374.0
강북구,2025-02,2461883.0
강북구,2025-03,3047279.0
강북구,2025-04,631732.0
강서구,2021-11,206865.0
강서구,2021-12,388952.0
강서구,2022-01,5364822.0
강서구,2022-02,4604914.0
강서구,2022-03,5056180.0
강서구,2022-04,5710493.0
강서구,2022-05,6220180.0
강서구,2022-06,5942299.0
강서구,2022-07,6134163.0
강서구,2022-08,6091978.0
강서구,2022-09,5495376.0
강서구,2022-10,6309702.0
강서구,2022-11,6184103.0
강서구,2022-12,6126167.0
강서구,2023-01,5750144.0
강서구,2023-02,5824014.0
강서구,2023-03,6570016.0
강서구,2023-04,6280404.0
강서구,2023-05,6421245.0
강서구,2023-06,6344034.0
강서구,2023-07,6339201.0
강서구,2023-08,6238004.0
강서구,2023-09,6130764.0
강서구,2023-10,6446067.0
강서구,2023-11,6591903.0
강서구,2023-12,6535859.0
강서구,2024-01,6501918.0
강서구,2024-02,5947335.0
강서구,2024-03,6693868.0
강서구,2024-04,6711652.0
강서구,2024-05,6778990.0
강서구,2024-06,6399266.0
강서구,2024-07,6617447.0
강서구,2024-08,6118597.0
강서구,2024-09,6044471.0
강서구,2024-10,6691692.0
강서구,2024-11,6744918.0
강서구,2024-12,6818478.0
강서구,2025-01,5623644.0
강서구,2025-02,6157144.0
강서구,2025-03,6670872.0
강서구,2025-04,1332166.0
관악구,2021-11,238908.0
관악구,2021-12,466538.0
관악구,2022-01,6412197.0
관악구,2022-02,5472940.0
관악구,2022-03,6134913.0
관악구,2022-04,6922514.0
관악구,2022-05,7580082.0
관악구,2022-06,7304389.0
관악구,2022-07,7492133.0
관악구,2022-08,7380146.0
관악구,2022-09,6786439.0
관악구,2022-10,7819900.0
관악구,2022-11,7663461.0
관악구,2022-12,7761123.0
관악구,2023-01,7036768.0
관악구,2023-02,7150884.0
관악구,2023-03,8156436.0
관악구,2023-04,7749206.0
관악구,2023-05,7822411.0
관악구,2023-06,7669349.0
관악구,2023-07,7532770.0
관악구,2023-08,7318103.0
관악구,2023-09,7295424.0
관악구,2023-10,7615191.0
관악구,2023-11,7692460.0
관악구,2023-12,7726350.0
관악구,2024-01,7536164.0
관악구,2024-02,6859004.0
관악구,2024-03,7969992.0
관악구,2024-04,7889051.0
관악구,2024-05,7988728.0
관악구,2024-06,7547483.0
관악구,2024-07,7725728.0
관악구,2024-08,7136490.0
관악구,2024-09,7121464.0
관악구,2024-10,7936937.0
관악구,2024-11,7950710.0
관악구,2024-12,8059276.0
관악구,2025-01,6565500.0
관악구,2025-02,7116820.0
관악구,2025-03,7903632.0
관악구,2025-04,1621323.0
광진구,2021-11,173356.0
광진구,2021-12,363999.0
광진구,2022-01,4829323.0
광진구,2022-02,4121911.0
광진구,2022-03,4699460.0
광진구,2022-04,5473169.0
광진구,2022-05,6065997.0
광진구,2022-06,5511595.0
광진구,2022-07,5552782.0
광진구,2022-08,5522512.0
광진구,2022-09,5335677.0
광진구,2022-10,6005684.0
광진구,2022-11,5801622.0
광진구,2022-12,5770249.0
광진구,2023-01,5212160.0
광진구,2023-02,5314879.0
광진구,2023-03,6277907.0
광진구,2023-04,5983903.0
광진구,2023-05,6207608.0
광진구,2023-06,5834939.0
광진구,2023-07,5604813.0
광진구,2023-08,5491970.0
광진구,2023-09,5698696.0
광진구,2023-10,6044729.0
광진구,2023-11,5932803.0
광진구,2023-12,5903518.0
광진구,2024-01,5661729.0
광진구,2024-02,5217894.0
광진구,2024-03,6214000.0
광진구,2024-04,6258319.0
광진구,2024-05,6453464.0
광진구,2024-06,5887616.0
광진구,2024-07,5716869.0
광진구,2024-08,5207968.0
광진구,2024-09,5435496.0
광진구,2024-10,6087615.0
광진구,2024-11,6001140.0
광진구,2024-12,5916029.0
광진구,2025-01,4753891.0
광진구,2025-02,5129361.0
광진구,2025-03,6068003.0
광진구,2025-04,1200962.0
구로구,2021-11,172682.0
구로구,2021-12,321841.0
구로구,2022-01,4324541.0
구로구,2022-02,3678538.0
구로구,2022-03,4051035.0
구로구,2022-04,4602523.0
구로구,2022-05,5000289.0
구로구,2022-06,4791342.0
구로구,2022-07,4887750.0
구로구,2022-08,4861572.0
구로구,2022-09,4415940.0
구로구,2022-10,5107690.0
구로구,2022-11,5060107.0
구로구,2022-12,4980181.0
구로구,2023-01,4600175.0
구로구,2023-02,4671953.0
구로구,2023-03,5290061.0
구로구,2023-04,5021381.0
구로구,2023-05,5090295.0
구로구,2023-06,5000809.0
구로구,2023-07,4930260.0
구로구,2023-08,4805269.0
구로구,2023-09,4757085.0
구로구,2023-10,5142830.0
구로구,2023-11,5402445.0
구로구,2023-12,5300999.0
구로구,2024-01,5251003.0
구로구,2024-02,4775881.0
구로구,2024-03,5480346.0
구로구,2024-04,5487391.0
구로구,2024-05,5517474.0
구로구,2024-06,5193250.0
구로구,2024-07,5386298.0
구로구,2024-08,4936094.0
구로구,2024-09,4890420.0
구로구,2024-10,5433858.0
구로구,2024-11,5499415.0
구로구,2024-12,5515522.0
구로구,2025-01,4529993.0
구로구,2025-02,4926228.0
구로구,2025-03,5614852.0
구로구,2025-04,1081936.0
금천구,2021-11,72174.0
금천구,2021-12,122955.0
금천구,2022-01,1646684.0
금천구,2022-02,1383353.0
금천구,2022-03,1510408.0
금천구,2022-04,1699493.0
금천구,2022-05,1807190.0
금천구,2022-06,1733746.0
금천구,2022-07,1811276.0
금천구,2022-08,1813614.0
금천구,2022-09,1580876.0
금천구,2022-10,1816309.0
금천구,2022-11,1848465.0
금천구,2022-12,1708338.0
금천구,2023-01,1688417.0
금천구,2023-02,1716842.0
금천구,2023-03,1909188.0
금천구,2023-04,1781638.0
금천구,2023-05,1824971.0
금천구,2023-06,1796426.0
금천구,2023-07,1790362.0
금천구,2023-08,1765019.0
금천구,2023-09,1695329.0
금천구,2023-10,1760824.0
금천구,2023-11,1884950.0
금천구,2023-12,1758961.0
금천구,2024-01,1877252.0
금천구,2024-02,1671730.0
금천구,2024-03,1834719.0
금천구,2024-04,1860412.0
금천구,2024-05,1832550.0
금천구,2024-06,1710374.0
금천구,2024-07,1853037.0
금천구,2024-08,1660569.0
금천구,2024-09,1613982.0
금천구,2024-10,1810326.0
금천구,2024-11,1850327.0
금천구,2024-12,1807219.0
금천구,2025-01,1509628.0
금천구,2025-02,1715172.0
금천구,2025-03,1840355.0
금천구,2025-04,363325.0
노원구,2021-11,168737.0
노원구,2021-12,328896.0
노원구,2022-01,4410889.0
노원구,2022-02,3791352.0
노원구,2022-03,4291702.0
노원구,2022-04,4765303.0
노원구,2022-05,5278105.0
노원구,2022-06,4824330.0
노원구,2022-07,4906460.0
노원구,2022-08,4812500.0
노원구,2022-09,4581821.0
노원구,2022-10,5227802.0
노원구,2022-11,5138258.0
노원구,2022-12,5031707.0
노원구,2023-01,4563603.0
노원구,2023-02,4647182.0
노원구,2023-03,5503829.0
노원구,2023-04,5198187.0
노원구,2023-05,5501774.0
노원구,2023-06,5131838.0
노원구,2023-07,4982578.0
노원구,2023-08,4863463.0
노원구,2023-09,5002676.0
노원구,2023-10,5227715.0
노원구,2023-11,5327371.0
노원구,2023-12,5397589.0
노원구,2024-01,5419230.0
노원구,2024-02,4978245.0
노원구,2024-03,5865398.0
노원구,2024-04,5842954.0
노원구,2024-05,6143115.0
노원구,2024-06,5482766.0
노원구,2024-07,5518649.0
노원구,2024-08,5026894.0
노원구,2024-09,4915591.0
노원구,2024-10,5432941.0
노원구,2024-11,5455952.0
노원구,2024-12,5400688.0
노원구,2025-01,4377254.0
노원구,2025-02,4721223.0
노원구,2025-03,5477607.0
노원구,2025-04,1059935.0
도봉구,2021-11,77074.0
도봉구,2021-12,152871.0
도봉구,2022-01,2091604.0
도봉구,2022-02,1799597.0
도봉구,2022-03,2022284.0
도봉구,2022-04,2261382.0
도봉구,2022-05,2469087.0
도봉구,2022-06,2299420.0
도봉구,2022-07,2318278.0
도봉구,2022-08,2280479.0
도봉구,2022-09,2155976.0
도봉구,2022-10,2465893.0
도봉구,2022-11,2398412.0
도봉구,2022-12,2337053.0
도봉구,2023-01,2154361.0
도봉구,2023-02,2179243.0
도봉구,2023-03,2529358.0
도봉구,2023-04,2398437.0
도봉구,2023-05,2471477.0
도봉구,2023-06,2389063.0
도봉구,2023-07,2325191.0
도봉구,2023-08,2271974.0
도봉구,2023-09,2312057.0
도봉구,2023-10,2444866.0
도봉구,2023-11,2431888.0
도봉구,2023-12,2414273.0
도봉구,2024-01,2373229.0
도봉구,2024-02,2184965.0
도봉구,2024-03,2531987.0
도봉구,2024-04,2518079.0
도봉구,2024-05,2588374.0
도봉구,2024-06,2396841.0
도봉구,2024-07,2428844.0
도봉구,2024-08,2231393.0
도봉구,2024-09,2301199.0
도봉구,2024-10,2560004.0
도봉구,2024-11,2533594.0
도봉구,2024-12,2494292.0
도봉구,2025-01,2065085.0
도봉구,2025-02,2203231.0
도봉구,2025-03,2521742.0
도봉구,2025-04,490894.0
동대문구,2021-11,90680.0
동대문구,2021-12,191199.0
동대문구,2022-01,2661786.0
동대문구,2022-02,2214711.0
동대문구,2022-03,2558290.0
동대문구,2022-04,2867734.0
동대문구,2022-05,3148174.0
동대문구,2022-06,2923791.0
동대문구,2022-07,2964156.0
동대문구,2022-08,2948147.0
동대문구,2022-09,2895243.0
동대문구,2022-10,3281660.0
동대문구,2022-11,3192051.0
동대문구,2022-12,3107590.0
동대문구,2023-01,2809910.0
동대문구,2023-02,2841295.0
동대문구,2023-03,3434178.0
동대문구,2023-04,3223072.0
동대문구,2023-05,3333156.0
동대문구,2023-06,3164973.0
동대문구,2023-07,2993175.0
동대문구,2023-08,2973847.0
동대문구,2023-09,3193072.0
동대문구,2023-10,3280525.0
동대문구,2023-11,3329571.0
동대문구,2023-12,3246039.0
동대문구,2024-01,3121342.0
동대문구,2024-02,2875514.0
동대문구,2024-03,3497070.0
동대문구,2024-04,3390243.0
동대문구,2024-05,3514494.0
동대문구,2024-06,3199448.0
동대문구,2024-07,3143201.0
동대문구,2024-08,2928017.0
동대문구,2024-09,3136488.0
동대문구,2024-10,3467127.0
동대문구,2024-11,3444180.0
동대문구,2024-12,3321508.0
동대문구,2025-01,2739731.0
동대문구,2025-02,2891451.0
동대문구,2025-03,3493472.0
동대문구,2025-04,687555.0
동작구,2021-11,146846.0
동작구,2021-12,280610.0
동작구,2022-01,3839436.0
동작구,2022-02,3257664.0
동작구,2022-03,3739463.0
동작구,2022-04,4247660.0
동작구,2022-05,4641654.0
동작구,2022-06,4407555.0
동작구,2022-07,4419717.0
동작구,2022-08,4372945.0
동작구,2022-09,4226678.0
동작구,2022-10,4812967.0
동작구,2022-11,4757986.0
동작구,2022-12,4617520.0
동작구,2023-01,4154193.0
동작구,2023-02,4192787.0
동작구,2023-03,5034271.0
동작구,2023-04,4788775.0
동작구,2023-05,4915055.0
동작구,2023-06,4704029.0
동작구,2023-07,4489499.0
동작구,2023-08,4387161.0
동작구,2023-09,4625536.0
동작구,2023-10,4811573.0
동작구,2023-11,4890219.0
동작구,2023-12,4777096.0
동작구,2024-01,4573504.0
동작구,2024-02,4150267.0
동작구,2024-03,5005702.0
동작구,2024-04,5049665.0
동작구,2024-05,5099611.0
동작구,2024-06,4686263.0
동작구,2024-07,4641027.0
동작구,2024-08,4264181.0
동작구,2024-09,4485839.0
동작구,2024-10,5025337.0
동작구,2024-11,5027252.0
동작구,2024-12,4961142.0
동작구,2025-01,4006543.0
동작구,2025-02,4276822.0
동작구,2025-03,5351326.0
동작구,2025-04,1028443.0
마포구,2021-11,248791.0
마포구,2021-12,501899.0
마포구,2022-01,6881614.0
마포구,2022-02,5806697.0
마포구,2022-03,6516385.0
마포구,2022-04,7304247.0
마포구,2022-05,8188177.0
마포구,2022-06,7763655.0
마포구,2022-07,8115576.0
마포구,2022-08,8016000.0
마포구,2022-09,7472508.0
마포구,2022-10,8698704.0
마포구,2022-11,8379359.0
마포구,2022-12,8572480.0
마포구,2023-01,7706981.0
마포구,2023-02,7938709.0
마포구,2023-03,9129599.0
마포구,2023-04,8710494.0
마포구,2023-05,8878598.0
마포구,2023-06,8610831.0
마포구,2023-07,8658905.0
마포구,2023-08,8365176.0
마포구,2023-09,8346740.0
마포구,2023-10,8967756.0
마포구,2023-11,8983136.0
마포구,2023-12,8985400.0
마포구,2024-01,8568857.0
마포구,2024-02,7992763.0
마포구,2024-03,9353752.0
마포구,2024-04,9233586.0
마포구,2024-05,9444255.0
마포구,2024-06,8709368.0
마포구,2024-07,8971113.0
마포구,2024-08,8300313.0
마포구,2024-09,8406374.0
마포구,2024-10,9413329.0
마포구,2024-11,9293345.0
마포구,2024-12,9377723.0
마포구,2025-01,7553350.0
마포구,2025-02,8184368.0
마포구,2025-03,9357204.0
마포구,2025-04,1852372.0
서대문구,2021-11,93911.0
서대문구,2021-12,179205.0
서대문구,2022-01,2423448.0
서대문구,2022-02,2071013.0
서대문구,2022-03,2340198.0
서대문구,2022-04,2636084.0
서대문구,2022-05,2933618.0
서대문구,2022-06,2759541.0
서대문구,2022-07,2862014.0
서대문구,2022-08,2843003.0
서대문구,2022-09,2700013.0
서대문구,2022-10,3114913.0
서대문구,2022-11,3072337.0
서대문구,2022-12,2986973.0
서대문구,2023-01,2694762.0
서대문구,2023-02,2782371.0
서대문구,2023-03,3305430.0
서대문구,2023-04,3093548.0
서대문구,2023-05,3207551.0
서대문구,2023-06,3071145.0
서대문구,2023-07,2994244.0
서대문구,2023-08,2924207.0
서대문구,2023-09,3033696.0
서대문구,2023-10,3106925.0
서대문구,2023-11,3242751.0
서대문구,2023-12,3127063.0
서대문구,2024-01,3026324.0
서대문구,2024-02,2751717.0
서대문구,2024-03,3293463.0
서대문구,2024-04,3230718.0
서대문구,2024-05,3320005.0
서대문구,2024-06,3024002.0
서대문구,2024-07,3091811.0
서대문구,2024-08,2810505.0
서대문구,2024-09,2894339.0
서대문구,2024-10,3249740.0
서대문구,2024-11,3268559.0
서대문구,2024-12,3241208.0
서대문구,2025-01,2573738.0
서대문구,2025-02,2814117.0
서대문구,2025-03,3333560.0
서대문구,2025-04,655912.0
서초구,2021-11,341152.0
서초구,2021-12,641279.0
서초구,2022-01,8961683.0
서초구,2022-02,7597953.0
서초구,2022-03,8181106.0
서초구,2022-04,9458540.0
서초구,2022-05,10540155.0
서초구,2022-06,10023269.0
서초구,2022-07,10484657.0
서초구,2022-08,10350394.0
서초구,2022-09,9421980.0
서초구,2022-10,10715397.0
서초구,2022-11,10601897.0
서초구,2022-12,10693640.0
서초구,2023-01,9889546.0
서초구,2023-02,10106584.0
서초구,2023-03,11232287.0
서초구,2023-04,10660882.0
서초구,2023-05,10970577.0
서초구,2023-06,10675169.0
서초구,2023-07,10712787.0
서초구,2023-08,10335717.0
서초구,2023-09,10226410.0
서초구,2023-10,10666158.0
서초구,2023-11,10963461.0
서초구,2023-12,10911486.0
서초구,2024-01,10772655.0
서초구,2024-02,9894052.0
서초구,2024-03,11156195.0
서초구,2024-04,11058956.0
서초구,2024-05,11275986.0
서초구,2024-06,10573762.0
서초구,2024-07,10962103.0
서초구,2024-08,10089089.0
서초구,2024-09,10026715.0
서초구,2024-10,11041659.0
서초구,2024-11,11264397.0
서초구,2024-12,11469652.0
서초구,2025-01,9364555.0
서초구,2025-02,10265380.0
서초구,2025-03,11025770.0
서초구,2025-04,2193747.0
성동구,2021-11,190033.0
성동구,2021-12,358676.0
성동구,2022-01,4803376.0
성동구,2022-02,4080958.0
성동구,2022-03,4716251.0
성동구,2022-04,5403241.0
성동구,2022-05,5844417.0
성동구,2022-06,5420322.0
성동구,2022-07,5534309.0
성동구,2022-08,5514329.0
성동구,2022-09,5133639.0
성동구,2022-10,5913284.0
성동구,2022-11,5899619.0
성동구,2022-12,5775660.0
성동구,2023-01,5222730.0
성동구,2023-02,5349549.0
성동구,2023-03,6307902.0
성동구,2023-04,6018443.0
성동구,2023-05,6090043.0
성동구,2023-06,5868243.0
성동구,2023-07,5747324.0
성동구,2023-08,5597610.0
성동구,2023-09,5676088.0
성동구,2023-10,5997861.0
성동구,2023-11,6186540.0
성동구,2023-12,6117140.0
성동구,2024-01,5858890.0
성동구,2024-02,5376174.0
성동구,2024-03,6440418.0
성동구,2024-04,6485482.0
성동구,2024-05,6479554.0
성동구,2024-06,5982841.0
성동구,2024-07,6066424.0
성동구,2024-08,5527103.0
성동구,2024-09,5746718.0
성동구,2024-10,6520939.0
성동구,2024-11,6551034.0
성동구,2024-12,6505643.0
성동구,2025-01,5153725.0
성동구,2025-02,5683713.0
성동구,2025-03,6623195.0
성동구,2025-04,1333723.0
성북구,2021-11,122968.0
성북구,2021-12,234241.0
성북구,2022-01,3163455.0
성북구,2022-02,2716442.0
성북구,2022-03,3214841.0
성북구,2022-04,3596637.0
성북구,2022-05,4012723.0
성북구,2022-06,3634173.0
성북구,2022-07,3606806.0
성북구,2022-08,3568806.0
성북구,2022-09,3612008.0
성북구,2022-10,4087581.0
성북구,2022-11,4037943.0
성북구,2022-12,3836094.0
성북구,2023-01,3376848.0
성북구,2023-02,3434057.0
성북구,2023-03,4352673.0
성북구,2023-04,4047668.0
성북구,2023-05,4252698.0
성북구,2023-06,3918143.0
성북구,2023-07,3686767.0
성북구,2023-08,3594162.0
성북구,2023-09,3924614.0
성북구,2023-10,4038042.0
성북구,2023-11,4168997.0
성북구,2023-12,4014898.0
성북구,2024-01,3704473.0
성북구,2024-02,3415748.0
성북구,2024-03,4324208.0
성북구,2024-04,4245224.0
성북구,2024-05,4374326.0
성북구,2024-06,3893775.0
성북구,2024-07,3815359.0
성북구,2024-08,3488615.0
성북구,2024-09,3833060.0
성북구,2024-10,4203029.0
성북구,2024-11,4219173.0
성북구,2024-12,4092932.0
성북구,2025-01,3219066.0
성북구,2025-02,3500843.0
성북구,2025-03,4477306.0
성북구,2025-04,893455.0
송파구,2021-11,293363.0
송파구,2021-12,571563.0
송파구,2022-01,7784512.0
송파구,2022-02,6507863.0
송파구,2022-03,7217651.0
송파구,2022-04,8717254.0
송파구,2022-05,9352028.0
송파구,2022-06,8872579.0
송파구,2022-07,9246419.0
송파구,2022-08,9154044.0
송파구,2022-09,8422270.0
송파구,2022-10,9852881.0
송파구,2022-11,9327448.0
송파구,2022-12,9782146.0
송파구,2023-01,8633811.0
송파구,2023-02,8822350.0
송파구,2023-03,9931106.0
송파구,2023-04,9844639.0
송파구,2023-05,9843813.0
송파구,2023-06,9754844.0
송파구,2023-07,9705789.0
송파구,2023-08,9408943.0
송파구,2023-09,9264306.0
송파구,2023-10,9813694.0
송파구,2023-11,9985069.0
송파구,2023-12,10246494.0
송파구,2024-01,9651482.0
송파구,2024-02,8846224.0
송파구,2024-03,10219048.0
송파구,2024-04,10510087.0
송파구,2024-05,10536674.0
송파구,2024-06,9897581.0
송파구,2024-07,10175385.0
송파구,2024-08,9558750.0
송파구,2024-09,9413172.0
송파구,2024-10,10297823.0
송파구,2024-11,10384414.0
송파구,2024-12,10641089.0
송파구,2025-01,8464623.0
송파구,2025-02,9309238.0
송파구,2025-03,10526922.0
송파구,2025-04,2154690.0
양천구,2021-11,100066.0
양천구,2021-12,189154.0
양천구,2022-01,2577365.0
양천구,2022-02,2185984.0
양천구,2022-03,2397680.0
양천구,2022-04,2725141.0
양천구,2022-05,2969153.0
양천구,2022-06,2845712.0
양천구,2022-07,2920193.0
양천구,2022-08,2912098.0
양천구,2022-09,2649948.0
양천구,2022-10,3028725.0
양천구,2022-11,2979561.0
양천구,2022-12,2931180.0
양천구,2023-01,2720234.0
양천구,2023-02,2762602.0
양천구,2023-03,3137820.0
양천구,2023-04,2976344.0
양천구,2023-05,3031722.0
양천구,2023-06,2968050.0
양천구,2023-07,2932985.0
양천구,2023-08,2862848.0
양천구,2023-09,2848455.0
양천구,2023-10,2971367.0
양천구,2023-11,3036590.0
양천구,2023-12,2997796.0
양천구,2024-01,2982117.0
양천구,2024-02,2705919.0
양천구,2024-03,3078662.0
양천구,2024-04,3091756.0
양천구,2024-05,3107028.0
양천구,2024-06,2906599.0
양천구,2024-07,3005579.0
양천구,2024-08,2742810.0
양천구,2024-09,2740182.0
양천구,2024-10,3047096.0
양천구,2024-11,3067358.0
양천구,2024-12,3082552.0
양천구,2025-01,2542826.0
양천구,2025-02,2785647.0
양천구,2025-03,3097933.0
양천구,2025-04,603214.0
영등포구,2021-11,275289.0
영등포구,2021-12,509298.0
영등포구,2022-01,6908798.0
영등포구,2022-02,5823506.0
영등포구,2022-03,6426505.0
영등포구,2022-04,7756656.0
영등포구,2022-05,8200486.0
영등포구,2022-06,7769253.0
영등포구,2022-07,8078998.0
영등포구,2022-08,8153658.0
영등포구,2022-09,7316997.0
영등포구,2022-10,8343656.0
영등포구,2022-11,8410551.0
영등포구,2022-12,8267016.0
영등포구,2023-01,7607762.0
영등포구,2023-02,7787188.0
영등포구,2023-03,8852338.0
영등포구,2023-04,8597975.0
영등포구,2023-05,8502520.0
영등포구,2023-06,8425949.0
영등포구,2023-07,8342930.0
영등포구,2023-08,8221961.0
영등포구,2023-09,8160405.0
영등포구,2023-10,8520634.0
영등포구,2023-11,8689059.0
영등포구,2023-12,8536981.0
영등포구,2024-01,8483870.0
영등포구,2024-02,7719123.0
영등포구,2024-03,8792980.0
영등포구,2024-04,9088461.0
영등포구,2024-05,8896693.0
영등포구,2024-06,8412721.0
영등포구,2024-07,8691005.0
영등포구,2024-08,7966814.0
영등포구,2024-09,7868070.0
영등포구,2024-10,8944662.0
영등포구,2024-11,8968868.0
영등포구,2024-12,9512567.0
영등포구,2025-01,7292600.0
영등포구,2025-02,8086466.0
영등포구,2025-03,8991328.0
영등포구,2025-04,1813484.0
용산구,2021-11,102492.0
용산구,2021-12,206500.0
용산구,2022-01,2804691.0
용산구,2022-02,2351317.0
용산구,2022-03,2630763.0
용산구,2022-04,3049943.0
용산구,2022-05,3595008.0
용산구,2022-06,3410169.0
용산구,2022-07,3491131.0
용산구,2022-08,3492379.0
용산구,2022-09,3258311.0
용산구,2022-10,3997913.0
용산구,2022-11,3555877.0
용산구,2022-12,3637749.0
용산구,2023-01,3259174.0
용산구,2023-02,3366337.0
용산구,2023-03,3834936.0
용산구,2023-04,3684085.0
용산구,2023-05,3821318.0
용산구,2023-06,3753640.0
용산구,2023-07,3689910.0
용산구,2023-08,3621278.0
용산구,2023-09,3651801.0
용산구,2023-10,3871644.0
용산구,2023-11,3814786.0
용산구,2023-12,3855443.0
용산구,2024-01,3601739.0
용산구,2024-02,3382018.0
용산구,2024-03,3966325.0
용산구,2024-04,3884187.0
용산구,2024-05,3996479.0
용산구,2024-06,3777229.0
용산구,2024-07,3786680.0
용산구,2024-08,3521196.0
용산구,2024-09,3599770.0
용산구,2024-10,4101528.0
용산구,2024-11,4011390.0
용산구,2024-12,4067224.0
용산구,2025-01,3465107.0
용산구,2025-02,3507958.0
용산구,2025-03,4386878.0
용산구,2025-04,787778.0
은평구,2021-11,142626.0
은평구,2021-12,277983.0
은평구,2022-01,3768690.0
은평구,2022-02,3237428.0
은평구,2022-03,3612077.0
은평구,2022-04,4064787.0
은평구,2022-05,4423547.0
은평구,2022-06,4179385.0
은평구,2022-07,4270073.0
은평구,2022-08,4203434.0
은평구,2022-09,3904314.0
은평구,2022-10,4476295.0
은평구,2022-11,4359982.0
은평구,2022-12,4286142.0
은평구,2023-01,3929731.0
은평구,2023-02,3989999.0
은평구,2023-03,4614830.0
은평구,2023-04,4392784.0
은평구,2023-05,4490037.0
은평구,2023-06,4360225.0
은평구,2023-07,4299979.0
은평구,2023-08,4229579.0
은평구,2023-09,4225454.0
은평구,2023-10,4451445.0
은평구,2023-11,4442560.0
은평구,2023-12,4397827.0
은평구,2024-01,4289321.0
은평구,2024-02,3959648.0
은평구,2024-03,4565635.0
은평구,2024-04,4567038.0
은평구,2024-05,4622333.0
은평구,2024-06,4312086.0
은평구,2024-07,4402674.0
은평구,2024-08,4066987.0
은평구,2024-09,4119727.0
은평구,2024-10,4574081.0
은평구,2024-11,4518834.0
은평구,2024-12,4519238.0
은평구,2025-01,3839537.0
은평구,2025-02,4131079.0
은평구,2025-03,4761961.0
은평구,2025-04,919544.0
종로구,2021-11,239521.0
종로구,2021-12,468213.0
종로구,2022-01,6443138.0
종로구,2022-02,5414063.0
종로구,2022-03,6089827.0
종로구,2022-04,7123460.0
종로구,2022-05,8222653.0
종로구,2022-06,7638730.0
종로구,2022-07,7688232.0
종로구,2022-08,7653466.0
종로구,2022-09,7264341.0
종로구,2022-10,8757488.0
종로구,2022-11,8350248.0
종로구,2022-12,8414823.0
종로구,2023-01,7369403.0
종로구,2023-02,7738322.0
종로구,2023-03,8923625.0
종로구,2023-04,8472626.0
종로구,2023-05,8845889.0
종로구,2023-06,8347210.0
종로구,2023-07,8233296.0
종로구,2023-08,8031381.0
종로구,2023-09,8257046.0
종로구,2023-10,8940597.0
종로구,2023-11,8751260.0
종로구,2023-12,8847122.0
종로구,2024-01,8320262.0
종로구,2024-02,7699932.0
종로구,2024-03,8981546.0
종로구,2024-04,8809119.0
종로구,2024-05,9192678.0
종로구,2024-06,8330810.0
종로구,2024-07,8376308.0
종로구,2024-08,7713649.0
종로구,2024-09,7918675.0
종로구,2024-10,9312000.0
종로구,2024-11,9137165.0
종로구,2024-12,9116750.0
종로구,2025-01,7239044.0
종로구,2025-02,7953109.0
종로구,2025-03,9591442.0
종로구,2025-04,1746173.0
중구,2021-11,346551.0
중구,2021-12,670192.0
중구,2022-01,8634403.0
중구,2022-02,7237038.0
중구,2022-03,8081917.0
중구,2022-04,9445091.0
중구,2022-05,10574305.0
중구,2022-06,10120399.0
중구,2022-07,10465491.0
중구,2022-08,10555177.0
중구,2022-09,9796991.0
중구,2022-10,11849201.0
중구,2022-11,11675824.0
중구,2022-12,11982551.0
중구,2023-01,10384930.0
중구,2023-02,10717514.0
중구,2023-03,12551169.0
중구,2023-04,12070434.0
중구,2023-05,12485707.0
중구,2023-06,12148365.0
중구,2023-07,12046987.0
중구,2023-08,11847464.0
중구,2023-09,11856825.0
중구,2023-10,12572693.0
중구,2023-11,12953168.0
중구,2023-12,12986344.0
중구,2024-01,12095356.0
중구,2024-02,11249191.0
중구,2024-03,13104721.0
중구,2024-04,13038294.0
중구,2024-05,13193654.0
중구,2024-06,12279203.0
중구,2024-07,12595289.0
중구,2024-08,11703615.0
중구,2024-09,11771388.0
중구,2024-10,13509277.0
중구,2024-11,13521122.0
중구,2024-12,13560919.0
중구,2025-01,11321945.0
중구,2025-02,12393267.0
중구,2025-03,14082829.0
중구,2025-04,2785029.0
중랑구,2021-11,95810.0
중랑구,2021-12,182766.0
중랑구,2022-01,2461351.0
중랑구,2022-02,2122969.0
중랑구,2022-03,2381882.0
중랑구,2022-04,2669984.0
중랑구,2022-05,2904701.0
중랑구,2022-06,2705989.0
중랑구,2022-07,2756231.0
중랑구,2022-08,2732564.0
중랑구,2022-09,2540554.0
중랑구,2022-10,2912101.0
중랑구,2022-11,2852295.0
중랑구,2022-12,2800243.0
중랑구,2023-01,2581992.0
중랑구,2023-02,2618930.0
중랑구,2023-03,3032681.0
중랑구,2023-04,2874217.0
중랑구,2023-05,2993101.0
중랑구,2023-06,2850467.0
중랑구,2023-07,2775219.0
중랑구,2023-08,2726626.0
중랑구,2023-09,2749077.0
중랑구,2023-10,2871177.0
중랑구,2023-11,2899477.0
중랑구,2023-12,2862374.0
중랑구,2024-01,2803893.0
중랑구,2024-02,2574013.0
중랑구,2024-03,2980321.0
중랑구,2024-04,2975396.0
중랑구,2024-05,3065498.0
중랑구,2024-06,2808396.0
중랑구,2024-07,2845250.0
중랑구,2024-08,2611069.0
중랑구,2024-09,2656225.0
중랑구,2024-10,2945852.0
중랑구,2024-11,2934196.0
중랑구,2024-12,2925093.0
중랑구,2025-01,2411130.0
중랑구,2025-02,2606347.0
중랑구,2025-03,2961834.0
중랑구,2025-04,577201.0
