자치구,연도,사고유형,발생건수,부상자수,사망자수
강남구,2005,차대사람,544,565,13
강남구,2005,차대차,2546,4075,12
강남구,2005,차량단독,36,42,3
강남구,2005,합계,3126,4682,28
강남구,2006,차대사람,581,608,15
강남구,2006,차대차,2704,4224,15
강남구,2006,차량단독,36,37,7
강남구,2006,합계,3321,4869,37
강남구,2007,차대사람,632,660,12
강남구,2007,차대차,2636,4125,15
강남구,2007,차량단독,43,51,3
강남구,2007,합계,3311,4836,30
강남구,2008,차대사람,663,691,12
강남구,2008,차대차,2431,3733,12
강남구,2008,차량단독,37,45,1
강남구,2008,합계,3131,4469,25
강남구,2009,차대사람,781,810,14
강남구,2009,차대차,2857,4547,9
강남구,2009,차량단독,85,98,4
강남구,2009,합계,3723,5455,27
강남구,2010,차대사람,740,769,12
강남구,2010,차대차,2745,4340,11
강남구,2010,차량단독,66,67,8
강남구,2010,합계,3551,5176,31
강남구,2011,차대사람,807,852,17
강남구,2011,차대차,2669,4229,14
강남구,2011,차량단독,86,103,5
강남구,2011,합계,3562,5184,36
강남구,2012,차대사람,876,941,15
강남구,2012,차대차,2867,4618,8
강남구,2012,차량단독,100,107,2
강남구,2012,합계,3843,5666,25
강남구,2013,차대사람,821,861,16
강남구,2013,차대차,2706,4366,13
강남구,2013,차량단독,83,99,2
강남구,2013,합계,3610,5326,31
강남구,2014,차대사람,876,919,14
강남구,2014,차대차,2639,4206,3
강남구,2014,차량단독,109,144,-
강남구,2014,합계,3624,5269,17
강남구,2015,차대사람,918,950,10
강남구,2015,차대차,2962,4635,6
강남구,2015,차량단독,90,101,4
강남구,2015,합계,3970,5686,20
강남구,2016,차대사람,876,933,3
강남구,2016,차대차,2883,4421,8
강남구,2016,차량단독,69,91,1
강남구,2016,합계,3828,5445,12
강남구,2017,차대사람,810,857,7
강남구,2017,차대차,2590,4026,11
강남구,2017,차량단독,69,76,1
강남구,2017,합계,3469,4959,19
강남구,2018,차대사람,749,783,9
강남구,2018,차대차,2639,4098,10
강남구,2018,차량단독,71,86,1
강남구,2018,합계,3459,4967,20
강남구,2019,차대사람,825,860,7
강남구,2019,차대차,2832,4246,6
강남구,2019,차량단독,65,76,1
강남구,2019,합계,3722,5182,14
강남구,2020,차대사람,721,753,8
강남구,2020,차대차,2964,4364,7
강남구,2020,차량단독,67,72,2
강남구,2020,합계,3752,5189,17
강남구,2021,차대사람,659,687,6
강남구,2021,차대차,3103,4427,2
강남구,2021,차량단독,58,61,2
강남구,2021,합계,3820,5175,10
강남구,2022,차대사람,771,786,7
강남구,2022,차대차,2879,4196,9
강남구,2022,차량단독,59,70,-
강남구,2022,합계,3709,5052,16
강남구,2023,차대사람,801,848,5
강남구,2023,차대차,3057,4303,2
강남구,2023,차량단독,68,78,-
강남구,2023,합계,3926,5229,7
강동구,2005,차대사람,388,396,6
강동구,2005,차대차,922,1420,11
강동구,2005,차량단독,20,22,2
강동구,2005,합계,1330,1838,19
강동구,2006,차대사람,351,363,7
강동구,2006,차대차,892,1355,7
강동구,2006,차량단독,28,35,2
강동구,2006,합계,1271,1753,16
강동구,2007,차대사람,413,438,7
강동구,2007,차대차,1036,1627,7
강동구,2007,차량단독,30,41,5
강동구,2007,합계,1479,2106,19
강동구,2008,차대사람,490,505,7
강동구,2008,차대차,1164,1802,1
강동구,2008,차량단독,38,45,5
강동구,2008,합계,1692,2352,13
강동구,2009,차대사람,434,448,5
강동구,2009,차대차,1060,1625,15
강동구,2009,차량단독,51,57,2
강동구,2009,합계,1545,2130,22
강동구,2010,차대사람,410,440,8
강동구,2010,차대차,967,1456,5
강동구,2010,차량단독,33,49,1
강동구,2010,합계,1410,1945,14
강동구,2011,차대사람,425,450,5
강동구,2011,차대차,966,1593,7
강동구,2011,차량단독,32,37,1
강동구,2011,합계,1423,2080,13
강동구,2012,차대사람,438,443,10
강동구,2012,차대차,970,1518,7
강동구,2012,차량단독,50,68,1
강동구,2012,합계,1458,2029,18
강동구,2013,차대사람,402,426,4
강동구,2013,차대차,915,1472,4
강동구,2013,차량단독,39,44,4
강동구,2013,합계,1356,1942,12
강동구,2014,차대사람,452,467,7
강동구,2014,차대차,963,1515,6
강동구,2014,차량단독,27,32,1
강동구,2014,합계,1442,2014,14
강동구,2015,차대사람,479,489,14
강동구,2015,차대차,963,1583,7
강동구,2015,차량단독,52,57,2
강동구,2015,합계,1494,2129,23
강동구,2016,차대사람,426,430,11
강동구,2016,차대차,959,1485,4
강동구,2016,차량단독,41,42,2
강동구,2016,합계,1426,1957,17
강동구,2017,차대사람,427,457,11
강동구,2017,차대차,906,1366,8
강동구,2017,차량단독,38,50,-
강동구,2017,합계,1371,1873,19
강동구,2018,차대사람,394,406,8
강동구,2018,차대차,978,1461,4
강동구,2018,차량단독,46,55,-
강동구,2018,합계,1418,1922,12
강동구,2019,차대사람,437,454,7
강동구,2019,차대차,944,1420,4
강동구,2019,차량단독,33,36,-
강동구,2019,합계,1414,1910,11
강동구,2020,차대사람,342,352,3
강동구,2020,차대차,890,1207,4
강동구,2020,차량단독,36,41,-
강동구,2020,합계,1268,1600,7
강동구,2021,차대사람,242,241,7
강동구,2021,차대차,788,1152,2
강동구,2021,차량단독,17,20,-
강동구,2021,합계,1047,1413,9
강동구,2022,차대사람,262,265,3
강동구,2022,차대차,865,1259,2
강동구,2022,차량단독,24,29,2
강동구,2022,합계,1151,1553,7
강동구,2023,차대사람,291,306,-
강동구,2023,차대차,873,1193,3
강동구,2023,차량단독,21,23,1
강동구,2023,합계,1185,1522,4
강북구,2005,차대사람,363,386,10
강북구,2005,차대차,753,1199,6
강북구,2005,차량단독,20,21,2
강북구,2005,합계,1136,1606,18
강북구,2006,차대사람,393,415,4
강북구,2006,차대차,839,1334,3
강북구,2006,차량단독,26,28,-
강북구,2006,합계,1258,1777,7
강북구,2007,차대사람,384,412,8
강북구,2007,차대차,845,1342,3
강북구,2007,차량단독,34,38,-
강북구,2007,합계,1263,1792,11
강북구,2008,차대사람,403,421,7
강북구,2008,차대차,916,1407,4
강북구,2008,차량단독,54,59,1
강북구,2008,합계,1373,1887,12
강북구,2009,차대사람,439,466,5
강북구,2009,차대차,914,1439,14
강북구,2009,차량단독,39,44,1
강북구,2009,합계,1392,1949,20
강북구,2010,차대사람,446,474,11
강북구,2010,차대차,813,1268,4
강북구,2010,차량단독,34,38,1
강북구,2010,합계,1293,1780,16
강북구,2011,차대사람,362,392,3
강북구,2011,차대차,784,1224,3
강북구,2011,차량단독,28,32,1
강북구,2011,합계,1174,1648,7
강북구,2012,차대사람,379,397,5
강북구,2012,차대차,784,1227,2
강북구,2012,차량단독,49,56,2
강북구,2012,합계,1212,1680,9
강북구,2013,차대사람,399,417,7
강북구,2013,차대차,678,1072,2
강북구,2013,차량단독,30,36,1
강북구,2013,합계,1107,1525,10
강북구,2014,차대사람,423,437,8
강북구,2014,차대차,842,1284,4
강북구,2014,차량단독,48,52,-
강북구,2014,합계,1313,1773,12
강북구,2015,차대사람,429,456,10
강북구,2015,차대차,787,1172,6
강북구,2015,차량단독,49,56,-
강북구,2015,합계,1265,1684,16
강북구,2016,차대사람,398,419,8
강북구,2016,차대차,784,1208,5
강북구,2016,차량단독,45,51,2
강북구,2016,합계,1227,1678,15
강북구,2017,차대사람,431,454,5
강북구,2017,차대차,732,1070,4
강북구,2017,차량단독,39,43,-
강북구,2017,합계,1202,1567,9
강북구,2018,차대사람,396,408,9
강북구,2018,차대차,778,1182,2
강북구,2018,차량단독,42,43,2
강북구,2018,합계,1216,1633,13
강북구,2019,차대사람,398,416,2
강북구,2019,차대차,827,1237,5
강북구,2019,차량단독,52,53,-
강북구,2019,합계,1277,1706,7
강북구,2020,차대사람,272,290,1
강북구,2020,차대차,776,1085,2
강북구,2020,차량단독,39,45,-
강북구,2020,합계,1087,1420,3
강북구,2021,차대사람,259,269,5
강북구,2021,차대차,730,1000,1
강북구,2021,차량단독,28,33,-
강북구,2021,합계,1017,1302,6
강북구,2022,차대사람,321,328,6
강북구,2022,차대차,676,888,-
강북구,2022,차량단독,47,50,-
강북구,2022,합계,1044,1266,6
강북구,2023,차대사람,286,296,4
강북구,2023,차대차,645,879,1
강북구,2023,차량단독,41,42,-
강북구,2023,합계,972,1217,5
강서구,2005,차대사람,466,485,8
강서구,2005,차대차,1286,2180,6
강서구,2005,차량단독,42,60,5
강서구,2005,합계,1794,2725,19
강서구,2006,차대사람,413,426,12
강서구,2006,차대차,1218,1941,11
강서구,2006,차량단독,56,70,1
강서구,2006,합계,1687,2437,24
강서구,2007,차대사람,472,495,11
강서구,2007,차대차,1251,1940,7
강서구,2007,차량단독,46,49,1
강서구,2007,합계,1769,2484,19
강서구,2008,차대사람,541,565,8
강서구,2008,차대차,1447,2171,13
강서구,2008,차량단독,68,75,1
강서구,2008,합계,2056,2811,22
강서구,2009,차대사람,535,567,7
강서구,2009,차대차,1402,2233,5
강서구,2009,차량단독,57,67,3
강서구,2009,합계,1994,2867,15
강서구,2010,차대사람,554,586,11
강서구,2010,차대차,1255,1939,6
강서구,2010,차량단독,63,69,4
강서구,2010,합계,1872,2594,21
강서구,2011,차대사람,553,570,5
강서구,2011,차대차,1262,2093,6
강서구,2011,차량단독,70,77,5
강서구,2011,합계,1885,2740,16
강서구,2012,차대사람,495,512,14
강서구,2012,차대차,1191,1976,4
강서구,2012,차량단독,81,85,7
강서구,2012,합계,1767,2573,25
강서구,2013,차대사람,506,523,15
강서구,2013,차대차,1118,1861,9
강서구,2013,차량단독,91,133,2
강서구,2013,합계,1715,2517,26
강서구,2014,차대사람,505,516,15
강서구,2014,차대차,1229,2010,15
강서구,2014,차량단독,72,88,2
강서구,2014,합계,1806,2614,32
강서구,2015,차대사람,531,549,7
강서구,2015,차대차,1329,2130,4
강서구,2015,차량단독,72,83,1
강서구,2015,합계,1932,2762,12
강서구,2016,차대사람,471,489,6
강서구,2016,차대차,1139,1638,6
강서구,2016,차량단독,81,103,1
강서구,2016,합계,1691,2230,13
강서구,2017,차대사람,402,417,6
강서구,2017,차대차,1125,1676,5
강서구,2017,차량단독,57,62,1
강서구,2017,합계,1584,2155,12
강서구,2018,차대사람,387,413,5
강서구,2018,차대차,1052,1713,6
강서구,2018,차량단독,63,82,-
강서구,2018,합계,1502,2208,11
강서구,2019,차대사람,469,482,13
강서구,2019,차대차,1298,1926,7
강서구,2019,차량단독,62,83,-
강서구,2019,합계,1829,2491,20
강서구,2020,차대사람,346,355,8
강서구,2020,차대차,1179,1717,9
강서구,2020,차량단독,50,59,-
강서구,2020,합계,1575,2131,17
강서구,2021,차대사람,340,356,7
강서구,2021,차대차,1121,1639,6
강서구,2021,차량단독,40,47,-
강서구,2021,합계,1501,2042,13
강서구,2022,차대사람,386,405,9
강서구,2022,차대차,1178,1656,4
강서구,2022,차량단독,42,47,2
강서구,2022,합계,1606,2108,15
강서구,2023,차대사람,330,339,4
강서구,2023,차대차,1153,1739,4
강서구,2023,차량단독,35,34,1
강서구,2023,합계,1518,2112,9
관악구,2005,차대사람,448,464,15
관악구,2005,차대차,1149,1827,8
관악구,2005,차량단독,47,58,2
관악구,2005,합계,1644,2349,25
관악구,2006,차대사람,452,478,2
관악구,2006,차대차,1181,1860,7
관악구,2006,차량단독,36,38,3
관악구,2006,합계,1669,2376,12
관악구,2007,차대사람,502,527,9
관악구,2007,차대차,1297,2011,6
관악구,2007,차량단독,45,59,3
관악구,2007,합계,1844,2597,18
관악구,2008,차대사람,540,567,8
관악구,2008,차대차,1337,2066,2
관악구,2008,차량단독,67,77,3
관악구,2008,합계,1944,2710,13
관악구,2009,차대사람,571,603,7
관악구,2009,차대차,1342,2097,6
관악구,2009,차량단독,66,78,1
관악구,2009,합계,1979,2778,14
관악구,2010,차대사람,557,579,11
관악구,2010,차대차,1238,1991,2
관악구,2010,차량단독,56,62,3
관악구,2010,합계,1851,2632,16
관악구,2011,차대사람,503,524,10
관악구,2011,차대차,1170,1800,4
관악구,2011,차량단독,64,72,3
관악구,2011,합계,1737,2396,17
관악구,2012,차대사람,520,528,10
관악구,2012,차대차,1131,1707,6
관악구,2012,차량단독,62,64,4
관악구,2012,합계,1713,2299,20
관악구,2013,차대사람,537,548,13
관악구,2013,차대차,1151,1854,7
관악구,2013,차량단독,65,80,-
관악구,2013,합계,1753,2482,20
관악구,2014,차대사람,515,540,9
관악구,2014,차대차,1125,1689,10
관악구,2014,차량단독,76,88,3
관악구,2014,합계,1716,2317,22
관악구,2015,차대사람,513,543,9
관악구,2015,차대차,1057,1529,3
관악구,2015,차량단독,55,63,-
관악구,2015,합계,1625,2135,12
관악구,2016,차대사람,425,447,13
관악구,2016,차대차,932,1366,5
관악구,2016,차량단독,51,82,1
관악구,2016,합계,1408,1895,19
관악구,2017,차대사람,368,381,10
관악구,2017,차대차,851,1242,1
관악구,2017,차량단독,32,36,-
관악구,2017,합계,1251,1659,11
관악구,2018,차대사람,354,370,7
관악구,2018,차대차,904,1298,-
관악구,2018,차량단독,42,49,1
관악구,2018,합계,1300,1717,8
관악구,2019,차대사람,352,361,6
관악구,2019,차대차,964,1343,4
관악구,2019,차량단독,47,51,-
관악구,2019,합계,1363,1755,10
관악구,2020,차대사람,329,339,7
관악구,2020,차대차,1087,1452,4
관악구,2020,차량단독,28,28,2
관악구,2020,합계,1444,1819,13
관악구,2021,차대사람,315,329,5
관악구,2021,차대차,1064,1451,3
관악구,2021,차량단독,40,49,-
관악구,2021,합계,1419,1829,8
관악구,2022,차대사람,283,297,7
관악구,2022,차대차,851,1195,2
관악구,2022,차량단독,38,43,-
관악구,2022,합계,1172,1535,9
관악구,2023,차대사람,286,305,4
관악구,2023,차대차,671,924,6
관악구,2023,차량단독,23,23,-
관악구,2023,합계,980,1252,10
광진구,2005,차대사람,344,358,11
광진구,2005,차대차,1195,1897,9
광진구,2005,차량단독,25,27,1
광진구,2005,합계,1564,2282,21
광진구,2006,차대사람,314,344,6
광진구,2006,차대차,1258,1959,4
광진구,2006,차량단독,28,35,1
광진구,2006,합계,1600,2338,11
광진구,2007,차대사람,396,408,9
광진구,2007,차대차,1250,1942,6
광진구,2007,차량단독,29,46,2
광진구,2007,합계,1675,2396,17
광진구,2008,차대사람,355,370,8
광진구,2008,차대차,1253,2039,7
광진구,2008,차량단독,40,61,2
광진구,2008,합계,1648,2470,17
광진구,2009,차대사람,379,396,8
광진구,2009,차대차,1240,1893,15
광진구,2009,차량단독,37,46,3
광진구,2009,합계,1656,2335,26
광진구,2010,차대사람,359,368,8
광진구,2010,차대차,1148,1807,4
광진구,2010,차량단독,33,37,5
광진구,2010,합계,1540,2212,17
광진구,2011,차대사람,354,356,16
광진구,2011,차대차,1035,1628,4
광진구,2011,차량단독,41,49,3
광진구,2011,합계,1430,2033,23
광진구,2012,차대사람,378,397,8
광진구,2012,차대차,1081,1751,8
광진구,2012,차량단독,35,42,1
광진구,2012,합계,1494,2190,17
광진구,2013,차대사람,332,353,3
광진구,2013,차대차,933,1516,6
광진구,2013,차량단독,38,47,1
광진구,2013,합계,1303,1916,10
광진구,2014,차대사람,390,415,7
광진구,2014,차대차,1034,1605,3
광진구,2014,차량단독,56,61,2
광진구,2014,합계,1480,2081,12
광진구,2015,차대사람,332,354,7
광진구,2015,차대차,854,1339,8
광진구,2015,차량단독,49,51,2
광진구,2015,합계,1235,1744,17
광진구,2016,차대사람,295,304,4
광진구,2016,차대차,708,1115,2
광진구,2016,차량단독,42,47,3
광진구,2016,합계,1045,1466,9
광진구,2017,차대사람,283,303,5
광진구,2017,차대차,744,1098,8
광진구,2017,차량단독,37,40,3
광진구,2017,합계,1064,1441,16
광진구,2018,차대사람,266,286,6
광진구,2018,차대차,810,1154,3
광진구,2018,차량단독,32,34,1
광진구,2018,합계,1108,1474,10
광진구,2019,차대사람,260,267,3
광진구,2019,차대차,682,1015,-
광진구,2019,차량단독,31,34,-
광진구,2019,합계,973,1316,3
광진구,2020,차대사람,190,198,3
광진구,2020,차대차,649,917,1
광진구,2020,차량단독,30,30,-
광진구,2020,합계,869,1145,4
광진구,2021,차대사람,207,210,2
광진구,2021,차대차,693,984,1
광진구,2021,차량단독,22,22,1
광진구,2021,합계,922,1216,4
광진구,2022,차대사람,167,174,6
광진구,2022,차대차,528,777,3
광진구,2022,차량단독,13,15,-
광진구,2022,합계,708,966,9
광진구,2023,차대사람,186,186,2
광진구,2023,차대차,517,698,2
광진구,2023,차량단독,14,15,-
광진구,2023,합계,717,899,4
구로구,2005,차대사람,344,361,12
구로구,2005,차대차,1012,1796,9
구로구,2005,차량단독,31,39,3
구로구,2005,합계,1387,2196,24
구로구,2006,차대사람,311,320,10
구로구,2006,차대차,1045,1791,11
구로구,2006,차량단독,40,52,1
구로구,2006,합계,1396,2163,22
구로구,2007,차대사람,314,328,9
구로구,2007,차대차,1126,1949,3
구로구,2007,차량단독,39,45,1
구로구,2007,합계,1479,2322,13
구로구,2008,차대사람,419,442,12
구로구,2008,차대차,1106,1840,8
구로구,2008,차량단독,52,66,2
구로구,2008,합계,1577,2348,22
구로구,2009,차대사람,434,462,8
구로구,2009,차대차,1096,1837,5
구로구,2009,차량단독,53,65,2
구로구,2009,합계,1583,2364,15
구로구,2010,차대사람,412,429,5
구로구,2010,차대차,1108,1784,8
구로구,2010,차량단독,48,57,1
구로구,2010,합계,1568,2270,14
구로구,2011,차대사람,415,433,9
구로구,2011,차대차,1065,1718,3
구로구,2011,차량단독,62,75,3
구로구,2011,합계,1542,2226,15
구로구,2012,차대사람,451,484,10
구로구,2012,차대차,1072,1815,8
구로구,2012,차량단독,59,67,3
구로구,2012,합계,1582,2366,21
구로구,2013,차대사람,406,453,11
구로구,2013,차대차,954,1646,7
구로구,2013,차량단독,55,66,1
구로구,2013,합계,1415,2165,19
구로구,2014,차대사람,452,485,12
구로구,2014,차대차,1066,1660,7
구로구,2014,차량단독,48,60,-
구로구,2014,합계,1566,2205,19
구로구,2015,차대사람,438,460,14
구로구,2015,차대차,1019,1614,4
구로구,2015,차량단독,51,53,1
구로구,2015,합계,1508,2127,19
구로구,2016,차대사람,435,460,5
구로구,2016,차대차,1030,1624,4
구로구,2016,차량단독,46,55,-
구로구,2016,합계,1511,2139,9
구로구,2017,차대사람,370,390,9
구로구,2017,차대차,1015,1515,3
구로구,2017,차량단독,48,55,-
구로구,2017,합계,1433,1960,12
구로구,2018,차대사람,376,390,10
구로구,2018,차대차,1089,1661,1
구로구,2018,차량단독,67,78,2
구로구,2018,합계,1532,2129,13
구로구,2019,차대사람,408,421,8
구로구,2019,차대차,1074,1623,4
구로구,2019,차량단독,47,52,1
구로구,2019,합계,1529,2096,13
구로구,2020,차대사람,296,313,2
구로구,2020,차대차,973,1438,5
구로구,2020,차량단독,56,59,3
구로구,2020,합계,1325,1810,10
구로구,2021,차대사람,274,287,2
구로구,2021,차대차,1042,1404,4
구로구,2021,차량단독,34,38,3
구로구,2021,합계,1350,1729,9
구로구,2022,차대사람,291,303,3
구로구,2022,차대차,935,1338,5
구로구,2022,차량단독,48,50,4
구로구,2022,합계,1274,1691,12
구로구,2023,차대사람,338,349,1
구로구,2023,차대차,988,1456,3
구로구,2023,차량단독,33,35,1
구로구,2023,합계,1359,1840,5
금천구,2005,차대사람,195,198,5
금천구,2005,차대차,586,1073,8
금천구,2005,차량단독,21,27,2
금천구,2005,합계,802,1298,15
금천구,2006,차대사람,250,258,4
금천구,2006,차대차,609,1099,6
금천구,2006,차량단독,12,18,-
금천구,2006,합계,871,1375,10
금천구,2007,차대사람,222,237,6
금천구,2007,차대차,623,1045,6
금천구,2007,차량단독,19,22,2
금천구,2007,합계,864,1304,14
금천구,2008,차대사람,264,277,10
금천구,2008,차대차,673,1099,4
금천구,2008,차량단독,24,29,-
금천구,2008,합계,961,1405,14
금천구,2009,차대사람,286,299,15
금천구,2009,차대차,758,1309,6
금천구,2009,차량단독,37,41,-
금천구,2009,합계,1081,1649,21
금천구,2010,차대사람,327,346,6
금천구,2010,차대차,761,1316,6
금천구,2010,차량단독,35,40,-
금천구,2010,합계,1123,1702,12
금천구,2011,차대사람,339,355,7
금천구,2011,차대차,744,1244,2
금천구,2011,차량단독,42,50,1
금천구,2011,합계,1125,1649,10
금천구,2012,차대사람,272,281,12
금천구,2012,차대차,703,1213,6
금천구,2012,차량단독,42,46,3
금천구,2012,합계,1017,1540,21
금천구,2013,차대사람,253,260,8
금천구,2013,차대차,660,1130,1
금천구,2013,차량단독,26,29,1
금천구,2013,합계,939,1419,10
금천구,2014,차대사람,291,305,6
금천구,2014,차대차,700,1188,7
금천구,2014,차량단독,38,42,-
금천구,2014,합계,1029,1535,13
금천구,2015,차대사람,266,292,8
금천구,2015,차대차,611,1041,1
금천구,2015,차량단독,37,41,1
금천구,2015,합계,914,1374,10
금천구,2016,차대사람,251,260,9
금천구,2016,차대차,525,846,6
금천구,2016,차량단독,23,27,-
금천구,2016,합계,799,1133,15
금천구,2017,차대사람,250,266,4
금천구,2017,차대차,550,938,1
금천구,2017,차량단독,24,24,1
금천구,2017,합계,824,1228,6
금천구,2018,차대사람,266,286,5
금천구,2018,차대차,629,999,-
금천구,2018,차량단독,37,41,1
금천구,2018,합계,932,1326,6
금천구,2019,차대사람,259,270,5
금천구,2019,차대차,626,1046,2
금천구,2019,차량단독,35,37,2
금천구,2019,합계,920,1353,9
금천구,2020,차대사람,197,218,3
금천구,2020,차대차,563,809,2
금천구,2020,차량단독,50,57,1
금천구,2020,합계,810,1084,6
금천구,2021,차대사람,173,176,6
금천구,2021,차대차,616,950,10
금천구,2021,차량단독,38,41,-
금천구,2021,합계,827,1167,16
금천구,2022,차대사람,208,208,5
금천구,2022,차대차,603,908,3
금천구,2022,차량단독,33,36,1
금천구,2022,합계,844,1152,9
금천구,2023,차대사람,225,241,3
금천구,2023,차대차,599,939,2
금천구,2023,차량단독,52,52,2
금천구,2023,합계,876,1232,7
노원구,2005,차대사람,388,412,8
노원구,2005,차대차,1303,2173,11
노원구,2005,차량단독,31,53,1
노원구,2005,합계,1722,2638,20
노원구,2006,차대사람,341,363,4
노원구,2006,차대차,1206,2044,7
노원구,2006,차량단독,36,40,5
노원구,2006,합계,1583,2447,16
노원구,2007,차대사람,390,407,9
노원구,2007,차대차,1286,1941,14
노원구,2007,차량단독,31,32,3
노원구,2007,합계,1707,2380,26
노원구,2008,차대사람,455,460,10
노원구,2008,차대차,1244,1972,8
노원구,2008,차량단독,43,44,4
노원구,2008,합계,1742,2476,22
노원구,2009,차대사람,472,484,11
노원구,2009,차대차,1311,2058,10
노원구,2009,차량단독,45,58,-
노원구,2009,합계,1829,2602,21
노원구,2010,차대사람,443,462,11
노원구,2010,차대차,1197,1922,9
노원구,2010,차량단독,43,50,5
노원구,2010,합계,1683,2434,25
노원구,2011,차대사람,436,460,8
노원구,2011,차대차,1061,1738,5
노원구,2011,차량단독,32,33,1
노원구,2011,합계,1529,2231,14
노원구,2012,차대사람,420,439,10
노원구,2012,차대차,1164,1843,3
노원구,2012,차량단독,39,48,-
노원구,2012,합계,1623,2330,13
노원구,2013,차대사람,397,405,5
노원구,2013,차대차,1087,1725,4
노원구,2013,차량단독,38,45,4
노원구,2013,합계,1522,2175,13
노원구,2014,차대사람,412,431,9
노원구,2014,차대차,1062,1560,6
노원구,2014,차량단독,42,47,2
노원구,2014,합계,1516,2038,17
노원구,2015,차대사람,399,414,5
노원구,2015,차대차,1008,1616,6
노원구,2015,차량단독,52,68,4
노원구,2015,합계,1459,2098,15
노원구,2016,차대사람,387,412,6
노원구,2016,차대차,1097,1745,6
노원구,2016,차량단독,51,59,1
노원구,2016,합계,1535,2216,13
노원구,2017,차대사람,376,399,5
노원구,2017,차대차,1075,1594,4
노원구,2017,차량단독,48,62,2
노원구,2017,합계,1499,2055,11
노원구,2018,차대사람,383,402,9
노원구,2018,차대차,1138,1771,3
노원구,2018,차량단독,48,54,2
노원구,2018,합계,1569,2227,14
노원구,2019,차대사람,415,437,6
노원구,2019,차대차,1254,1823,2
노원구,2019,차량단독,34,42,-
노원구,2019,합계,1703,2302,8
노원구,2020,차대사람,286,298,3
노원구,2020,차대차,1142,1676,2
노원구,2020,차량단독,34,42,-
노원구,2020,합계,1462,2016,5
노원구,2021,차대사람,280,298,2
노원구,2021,차대차,1078,1588,-
노원구,2021,차량단독,55,54,6
노원구,2021,합계,1413,1940,8
노원구,2022,차대사람,310,324,2
노원구,2022,차대차,1030,1536,2
노원구,2022,차량단독,44,53,2
노원구,2022,합계,1384,1913,6
노원구,2023,차대사람,269,278,5
노원구,2023,차대차,1065,1552,3
노원구,2023,차량단독,32,39,1
노원구,2023,합계,1366,1869,9
도봉구,2005,차대사람,267,278,3
도봉구,2005,차대차,652,1118,5
도봉구,2005,차량단독,9,13,-
도봉구,2005,합계,928,1409,8
도봉구,2006,차대사람,218,236,6
도봉구,2006,차대차,620,1115,1
도봉구,2006,차량단독,18,21,2
도봉구,2006,합계,856,1372,9
도봉구,2007,차대사람,239,263,2
도봉구,2007,차대차,540,910,8
도봉구,2007,차량단독,17,18,1
도봉구,2007,합계,796,1191,11
도봉구,2008,차대사람,323,333,12
도봉구,2008,차대차,688,1106,4
도봉구,2008,차량단독,25,28,1
도봉구,2008,합계,1036,1467,17
도봉구,2009,차대사람,281,299,10
도봉구,2009,차대차,685,1083,6
도봉구,2009,차량단독,22,23,1
도봉구,2009,합계,988,1405,17
도봉구,2010,차대사람,289,300,5
도봉구,2010,차대차,665,1038,5
도봉구,2010,차량단독,21,24,1
도봉구,2010,합계,975,1362,11
도봉구,2011,차대사람,293,300,7
도봉구,2011,차대차,614,955,5
도봉구,2011,차량단독,26,24,3
도봉구,2011,합계,933,1279,15
도봉구,2012,차대사람,324,327,10
도봉구,2012,차대차,634,939,5
도봉구,2012,차량단독,25,28,1
도봉구,2012,합계,983,1294,16
도봉구,2013,차대사람,290,300,5
도봉구,2013,차대차,619,929,3
도봉구,2013,차량단독,25,30,-
도봉구,2013,합계,934,1259,8
도봉구,2014,차대사람,312,315,11
도봉구,2014,차대차,582,861,3
도봉구,2014,차량단독,25,29,-
도봉구,2014,합계,919,1205,14
도봉구,2015,차대사람,270,274,6
도봉구,2015,차대차,602,924,1
도봉구,2015,차량단독,42,57,1
도봉구,2015,합계,914,1255,8
도봉구,2016,차대사람,298,306,9
도봉구,2016,차대차,621,966,2
도봉구,2016,차량단독,30,34,-
도봉구,2016,합계,949,1306,11
도봉구,2017,차대사람,309,318,3
도봉구,2017,차대차,593,879,5
도봉구,2017,차량단독,42,42,1
도봉구,2017,합계,944,1239,9
도봉구,2018,차대사람,282,291,5
도봉구,2018,차대차,504,729,1
도봉구,2018,차량단독,38,41,-
도봉구,2018,합계,824,1061,6
도봉구,2019,차대사람,263,283,2
도봉구,2019,차대차,554,844,-
도봉구,2019,차량단독,35,36,2
도봉구,2019,합계,852,1163,4
도봉구,2020,차대사람,224,230,4
도봉구,2020,차대차,490,730,3
도봉구,2020,차량단독,27,30,-
도봉구,2020,합계,741,990,7
도봉구,2021,차대사람,167,181,1
도봉구,2021,차대차,395,554,2
도봉구,2021,차량단독,29,33,-
도봉구,2021,합계,591,768,3
도봉구,2022,차대사람,159,176,2
도봉구,2022,차대차,343,508,-
도봉구,2022,차량단독,20,21,-
도봉구,2022,합계,522,705,2
도봉구,2023,차대사람,134,137,4
도봉구,2023,차대차,363,514,2
도봉구,2023,차량단독,33,34,1
도봉구,2023,합계,530,685,7
동대문구,2005,차대사람,415,416,13
동대문구,2005,차대차,1254,2034,8
동대문구,2005,차량단독,31,39,-
동대문구,2005,합계,1700,2489,21
동대문구,2006,차대사람,427,441,12
동대문구,2006,차대차,1282,1929,11
동대문구,2006,차량단독,39,45,2
동대문구,2006,합계,1748,2415,25
동대문구,2007,차대사람,447,455,11
동대문구,2007,차대차,1266,1931,13
동대문구,2007,차량단독,44,50,3
동대문구,2007,합계,1757,2436,27
동대문구,2008,차대사람,435,433,25
동대문구,2008,차대차,1204,1901,14
동대문구,2008,차량단독,39,43,2
동대문구,2008,합계,1678,2377,41
동대문구,2009,차대사람,514,528,20
동대문구,2009,차대차,1415,2021,7
동대문구,2009,차량단독,54,66,-
동대문구,2009,합계,1983,2615,27
동대문구,2010,차대사람,488,503,18
동대문구,2010,차대차,1270,1897,5
동대문구,2010,차량단독,76,84,2
동대문구,2010,합계,1834,2484,25
동대문구,2011,차대사람,474,503,5
동대문구,2011,차대차,1242,1864,6
동대문구,2011,차량단독,61,64,2
동대문구,2011,합계,1777,2431,13
동대문구,2012,차대사람,500,519,11
동대문구,2012,차대차,1316,1925,7
동대문구,2012,차량단독,65,67,2
동대문구,2012,합계,1881,2511,20
동대문구,2013,차대사람,533,560,10
동대문구,2013,차대차,1366,1885,5
동대문구,2013,차량단독,71,79,1
동대문구,2013,합계,1970,2524,16
동대문구,2014,차대사람,492,504,17
동대문구,2014,차대차,1284,1821,6
동대문구,2014,차량단독,72,82,4
동대문구,2014,합계,1848,2407,27
동대문구,2015,차대사람,577,605,8
동대문구,2015,차대차,1442,2053,7
동대문구,2015,차량단독,66,73,1
동대문구,2015,합계,2085,2731,16
동대문구,2016,차대사람,584,603,8
동대문구,2016,차대차,1407,1963,5
동대문구,2016,차량단독,60,63,1
동대문구,2016,합계,2051,2629,14
동대문구,2017,차대사람,518,521,14
동대문구,2017,차대차,1128,1540,7
동대문구,2017,차량단독,72,78,4
동대문구,2017,합계,1718,2139,25
동대문구,2018,차대사람,492,504,9
동대문구,2018,차대차,1153,1598,5
동대문구,2018,차량단독,54,58,-
동대문구,2018,합계,1699,2160,14
동대문구,2019,차대사람,424,446,6
동대문구,2019,차대차,1091,1493,7
동대문구,2019,차량단독,50,49,2
동대문구,2019,합계,1565,1988,15
동대문구,2020,차대사람,331,345,5
동대문구,2020,차대차,1067,1451,3
동대문구,2020,차량단독,50,49,2
동대문구,2020,합계,1448,1845,10
동대문구,2021,차대사람,311,305,11
동대문구,2021,차대차,1048,1321,5
동대문구,2021,차량단독,31,30,1
동대문구,2021,합계,1390,1656,17
동대문구,2022,차대사람,415,435,2
동대문구,2022,차대차,1070,1361,4
동대문구,2022,차량단독,49,47,6
동대문구,2022,합계,1534,1843,12
동대문구,2023,차대사람,385,399,5
동대문구,2023,차대차,1242,1591,3
동대문구,2023,차량단독,47,49,2
동대문구,2023,합계,1674,2039,10
동작구,2005,차대사람,308,326,5
동작구,2005,차대차,856,1415,4
동작구,2005,차량단독,29,49,3
동작구,2005,합계,1193,1790,12
동작구,2006,차대사람,261,271,12
동작구,2006,차대차,759,1315,7
동작구,2006,차량단독,31,35,4
동작구,2006,합계,1051,1621,23
동작구,2007,차대사람,253,257,9
동작구,2007,차대차,800,1357,4
동작구,2007,차량단독,33,31,3
동작구,2007,합계,1086,1645,16
동작구,2008,차대사람,252,260,5
동작구,2008,차대차,676,1126,3
동작구,2008,차량단독,41,50,2
동작구,2008,합계,969,1436,10
동작구,2009,차대사람,329,342,7
동작구,2009,차대차,850,1398,4
동작구,2009,차량단독,54,61,5
동작구,2009,합계,1233,1801,16
동작구,2010,차대사람,303,311,6
동작구,2010,차대차,773,1216,3
동작구,2010,차량단독,55,67,4
동작구,2010,합계,1131,1594,13
동작구,2011,차대사람,365,374,8
동작구,2011,차대차,791,1256,5
동작구,2011,차량단독,36,46,-
동작구,2011,합계,1192,1676,13
동작구,2012,차대사람,355,362,6
동작구,2012,차대차,857,1296,6
동작구,2012,차량단독,46,49,2
동작구,2012,합계,1258,1707,14
동작구,2013,차대사람,343,371,9
동작구,2013,차대차,844,1407,1
동작구,2013,차량단독,46,70,1
동작구,2013,합계,1233,1848,11
동작구,2014,차대사람,405,427,8
동작구,2014,차대차,918,1390,3
동작구,2014,차량단독,76,84,2
동작구,2014,합계,1399,1901,13
동작구,2015,차대사람,393,415,1
동작구,2015,차대차,935,1498,4
동작구,2015,차량단독,58,81,2
동작구,2015,합계,1386,1994,7
동작구,2016,차대사람,456,473,7
동작구,2016,차대차,960,1497,11
동작구,2016,차량단독,55,58,1
동작구,2016,합계,1471,2028,19
동작구,2017,차대사람,388,409,11
동작구,2017,차대차,972,1581,7
동작구,2017,차량단독,49,53,2
동작구,2017,합계,1409,2043,20
동작구,2018,차대사람,427,445,9
동작구,2018,차대차,933,1393,-
동작구,2018,차량단독,52,54,-
동작구,2018,합계,1412,1892,9
동작구,2019,차대사람,399,437,2
동작구,2019,차대차,961,1533,2
동작구,2019,차량단독,46,51,1
동작구,2019,합계,1406,2021,5
동작구,2020,차대사람,308,318,8
동작구,2020,차대차,936,1435,2
동작구,2020,차량단독,63,66,-
동작구,2020,합계,1307,1819,10
동작구,2021,차대사람,285,291,8
동작구,2021,차대차,829,1194,3
동작구,2021,차량단독,34,35,-
동작구,2021,합계,1148,1520,11
동작구,2022,차대사람,302,309,5
동작구,2022,차대차,862,1285,1
동작구,2022,차량단독,53,57,1
동작구,2022,합계,1217,1651,7
동작구,2023,차대사람,324,341,5
동작구,2023,차대차,870,1278,1
동작구,2023,차량단독,48,49,-
동작구,2023,합계,1242,1668,6
마포구,2005,차대사람,309,332,10
마포구,2005,차대차,1217,2158,15
마포구,2005,차량단독,26,27,2
마포구,2005,합계,1552,2517,27
마포구,2006,차대사람,311,334,8
마포구,2006,차대차,1244,2058,13
마포구,2006,차량단독,34,37,1
마포구,2006,합계,1589,2429,22
마포구,2007,차대사람,304,326,8
마포구,2007,차대차,1085,1859,9
마포구,2007,차량단독,50,56,7
마포구,2007,합계,1439,2241,24
마포구,2008,차대사람,367,390,7
마포구,2008,차대차,1269,2109,4
마포구,2008,차량단독,37,45,1
마포구,2008,합계,1673,2544,12
마포구,2009,차대사람,400,428,12
마포구,2009,차대차,1207,2042,14
마포구,2009,차량단독,51,56,3
마포구,2009,합계,1658,2526,29
마포구,2010,차대사람,401,422,9
마포구,2010,차대차,1270,2211,9
마포구,2010,차량단독,55,64,4
마포구,2010,합계,1726,2697,22
마포구,2011,차대사람,389,402,13
마포구,2011,차대차,1174,2055,6
마포구,2011,차량단독,60,73,4
마포구,2011,합계,1623,2530,23
마포구,2012,차대사람,376,402,9
마포구,2012,차대차,1133,1888,12
마포구,2012,차량단독,52,73,2
마포구,2012,합계,1561,2363,23
마포구,2013,차대사람,434,453,14
마포구,2013,차대차,1241,2191,7
마포구,2013,차량단독,72,88,2
마포구,2013,합계,1747,2732,23
마포구,2014,차대사람,451,477,11
마포구,2014,차대차,1260,2090,6
마포구,2014,차량단독,48,66,3
마포구,2014,합계,1759,2633,20
마포구,2015,차대사람,472,504,7
마포구,2015,차대차,1263,2151,7
마포구,2015,차량단독,67,75,3
마포구,2015,합계,1802,2730,17
마포구,2016,차대사람,437,455,8
마포구,2016,차대차,1274,2081,5
마포구,2016,차량단독,57,69,2
마포구,2016,합계,1768,2605,15
마포구,2017,차대사람,462,489,7
마포구,2017,차대차,1340,2235,1
마포구,2017,차량단독,57,69,-
마포구,2017,합계,1859,2793,8
마포구,2018,차대사람,397,416,4
마포구,2018,차대차,1220,1958,4
마포구,2018,차량단독,54,55,3
마포구,2018,합계,1671,2429,11
마포구,2019,차대사람,360,381,4
마포구,2019,차대차,1094,1695,2
마포구,2019,차량단독,40,47,1
마포구,2019,합계,1494,2123,7
마포구,2020,차대사람,265,278,6
마포구,2020,차대차,974,1442,4
마포구,2020,차량단독,33,34,3
마포구,2020,합계,1272,1754,13
마포구,2021,차대사람,228,234,6
마포구,2021,차대차,854,1318,8
마포구,2021,차량단독,20,21,-
마포구,2021,합계,1102,1573,14
마포구,2022,차대사람,238,247,7
마포구,2022,차대차,809,1218,2
마포구,2022,차량단독,18,18,1
마포구,2022,합계,1065,1483,10
마포구,2023,차대사람,272,286,6
마포구,2023,차대차,959,1412,6
마포구,2023,차량단독,19,17,2
마포구,2023,합계,1250,1715,14
서대문구,2005,차대사람,272,273,12
서대문구,2005,차대차,753,1284,4
서대문구,2005,차량단독,24,32,-
서대문구,2005,합계,1049,1589,16
서대문구,2006,차대사람,266,275,6
서대문구,2006,차대차,647,1041,3
서대문구,2006,차량단독,22,29,1
서대문구,2006,합계,935,1345,10
서대문구,2007,차대사람,294,295,10
서대문구,2007,차대차,716,1196,2
서대문구,2007,차량단독,21,22,1
서대문구,2007,합계,1031,1513,13
서대문구,2008,차대사람,318,327,10
서대문구,2008,차대차,726,1166,3
서대문구,2008,차량단독,37,37,1
서대문구,2008,합계,1081,1530,14
서대문구,2009,차대사람,339,355,13
서대문구,2009,차대차,854,1415,13
서대문구,2009,차량단독,38,41,-
서대문구,2009,합계,1231,1811,26
서대문구,2010,차대사람,335,355,10
서대문구,2010,차대차,766,1314,3
서대문구,2010,차량단독,40,50,2
서대문구,2010,합계,1141,1719,15
서대문구,2011,차대사람,341,358,10
서대문구,2011,차대차,679,1094,2
서대문구,2011,차량단독,41,44,2
서대문구,2011,합계,1061,1496,14
서대문구,2012,차대사람,301,325,4
서대문구,2012,차대차,702,1274,7
서대문구,2012,차량단독,38,46,2
서대문구,2012,합계,1041,1645,13
서대문구,2013,차대사람,323,333,10
서대문구,2013,차대차,702,1178,1
서대문구,2013,차량단독,56,67,3
서대문구,2013,합계,1081,1578,14
서대문구,2014,차대사람,364,372,9
서대문구,2014,차대차,705,1158,6
서대문구,2014,차량단독,53,60,1
서대문구,2014,합계,1122,1590,16
서대문구,2015,차대사람,356,377,8
서대문구,2015,차대차,658,1052,3
서대문구,2015,차량단독,57,63,2
서대문구,2015,합계,1071,1492,13
서대문구,2016,차대사람,314,322,11
서대문구,2016,차대차,767,1182,3
서대문구,2016,차량단독,54,62,-
서대문구,2016,합계,1135,1566,14
서대문구,2017,차대사람,310,334,5
서대문구,2017,차대차,674,1044,3
서대문구,2017,차량단독,48,52,-
서대문구,2017,합계,1032,1430,8
서대문구,2018,차대사람,325,344,4
서대문구,2018,차대차,659,998,1
서대문구,2018,차량단독,49,61,-
서대문구,2018,합계,1033,1403,5
서대문구,2019,차대사람,326,334,8
서대문구,2019,차대차,736,1220,4
서대문구,2019,차량단독,51,55,2
서대문구,2019,합계,1113,1609,14
서대문구,2020,차대사람,207,216,6
서대문구,2020,차대차,686,1002,-
서대문구,2020,차량단독,35,38,-
서대문구,2020,합계,928,1256,6
서대문구,2021,차대사람,216,232,3
서대문구,2021,차대차,665,921,4
서대문구,2021,차량단독,49,53,2
서대문구,2021,합계,930,1206,9
서대문구,2022,차대사람,255,260,3
서대문구,2022,차대차,658,979,2
서대문구,2022,차량단독,61,64,-
서대문구,2022,합계,974,1303,5
서대문구,2023,차대사람,223,230,1
서대문구,2023,차대차,641,933,2
서대문구,2023,차량단독,52,57,1
서대문구,2023,합계,916,1220,4
서초구,2005,차대사람,266,269,9
서초구,2005,차대차,1273,2196,12
서초구,2005,차량단독,32,36,5
서초구,2005,합계,1571,2501,26
서초구,2006,차대사람,278,285,8
서초구,2006,차대차,1291,2235,8
서초구,2006,차량단독,56,60,7
서초구,2006,합계,1625,2580,23
서초구,2007,차대사람,307,318,9
서초구,2007,차대차,1418,2473,8
서초구,2007,차량단독,59,80,4
서초구,2007,합계,1784,2871,21
서초구,2008,차대사람,354,368,5
서초구,2008,차대차,1569,2868,11
서초구,2008,차량단독,62,76,1
서초구,2008,합계,1985,3312,17
서초구,2009,차대사람,404,443,11
서초구,2009,차대차,1760,3049,8
서초구,2009,차량단독,64,78,5
서초구,2009,합계,2228,3570,24
서초구,2010,차대사람,447,468,15
서초구,2010,차대차,1630,2822,3
서초구,2010,차량단독,75,82,2
서초구,2010,합계,2152,3372,20
서초구,2011,차대사람,470,479,8
서초구,2011,차대차,1509,2608,6
서초구,2011,차량단독,69,102,3
서초구,2011,합계,2048,3189,17
서초구,2012,차대사람,516,524,13
서초구,2012,차대차,1500,2609,8
서초구,2012,차량단독,74,81,4
서초구,2012,합계,2090,3214,25
서초구,2013,차대사람,468,488,8
서초구,2013,차대차,1525,2738,10
서초구,2013,차량단독,62,78,1
서초구,2013,합계,2055,3304,19
서초구,2014,차대사람,556,574,5
서초구,2014,차대차,1587,2787,4
서초구,2014,차량단독,74,85,4
서초구,2014,합계,2217,3446,13
서초구,2015,차대사람,496,508,11
서초구,2015,차대차,1595,2770,6
서초구,2015,차량단독,69,80,3
서초구,2015,합계,2160,3358,20
서초구,2016,차대사람,461,474,9
서초구,2016,차대차,1774,2907,6
서초구,2016,차량단독,78,92,1
서초구,2016,합계,2313,3473,16
서초구,2017,차대사람,556,570,12
서초구,2017,차대차,1751,2917,7
서초구,2017,차량단독,54,61,2
서초구,2017,합계,2361,3548,21
서초구,2018,차대사람,524,539,9
서초구,2018,차대차,1905,3043,8
서초구,2018,차량단독,49,58,1
서초구,2018,합계,2478,3640,18
서초구,2019,차대사람,461,468,9
서초구,2019,차대차,1892,2986,5
서초구,2019,차량단독,65,76,-
서초구,2019,합계,2418,3530,14
서초구,2020,차대사람,393,412,5
서초구,2020,차대차,1813,2616,4
서초구,2020,차량단독,44,47,-
서초구,2020,합계,2250,3075,9
서초구,2021,차대사람,375,384,5
서초구,2021,차대차,1694,2495,3
서초구,2021,차량단독,49,53,-
서초구,2021,합계,2118,2932,8
서초구,2022,차대사람,431,447,4
서초구,2022,차대차,1791,2892,3
서초구,2022,차량단독,42,52,1
서초구,2022,합계,2264,3391,8
서초구,2023,차대사람,366,379,3
서초구,2023,차대차,1745,2876,4
서초구,2023,차량단독,57,64,-
서초구,2023,합계,2168,3319,7
성동구,2005,차대사람,249,253,6
성동구,2005,차대차,877,1316,6
성동구,2005,차량단독,20,27,1
성동구,2005,합계,1146,1596,13
성동구,2006,차대사람,227,233,7
성동구,2006,차대차,800,1279,6
성동구,2006,차량단독,28,44,2
성동구,2006,합계,1055,1556,15
성동구,2007,차대사람,230,236,10
성동구,2007,차대차,935,1406,4
성동구,2007,차량단독,22,33,2
성동구,2007,합계,1187,1675,16
성동구,2008,차대사람,244,243,7
성동구,2008,차대차,873,1347,10
성동구,2008,차량단독,24,26,-
성동구,2008,합계,1141,1616,17
성동구,2009,차대사람,275,284,3
성동구,2009,차대차,948,1413,5
성동구,2009,차량단독,48,48,5
성동구,2009,합계,1271,1745,13
성동구,2010,차대사람,231,234,5
성동구,2010,차대차,823,1247,7
성동구,2010,차량단독,43,47,3
성동구,2010,합계,1097,1528,15
성동구,2011,차대사람,257,260,7
성동구,2011,차대차,866,1314,9
성동구,2011,차량단독,31,29,5
성동구,2011,합계,1154,1603,21
성동구,2012,차대사람,212,222,4
성동구,2012,차대차,736,1126,2
성동구,2012,차량단독,38,52,-
성동구,2012,합계,986,1400,6
성동구,2013,차대사람,256,268,5
성동구,2013,차대차,809,1153,1
성동구,2013,차량단독,35,37,2
성동구,2013,합계,1100,1458,8
성동구,2014,차대사람,295,315,3
성동구,2014,차대차,851,1353,5
성동구,2014,차량단독,43,44,3
성동구,2014,합계,1189,1712,11
성동구,2015,차대사람,316,335,3
성동구,2015,차대차,869,1344,3
성동구,2015,차량단독,42,46,2
성동구,2015,합계,1227,1725,8
성동구,2016,차대사람,281,283,9
성동구,2016,차대차,776,1209,2
성동구,2016,차량단독,42,49,4
성동구,2016,합계,1099,1541,15
성동구,2017,차대사람,242,253,3
성동구,2017,차대차,788,1197,7
성동구,2017,차량단독,46,51,5
성동구,2017,합계,1076,1501,15
성동구,2018,차대사람,271,280,5
성동구,2018,차대차,819,1227,2
성동구,2018,차량단독,53,54,2
성동구,2018,합계,1143,1561,9
성동구,2019,차대사람,225,227,8
성동구,2019,차대차,831,1173,2
성동구,2019,차량단독,35,39,3
성동구,2019,합계,1091,1439,13
성동구,2020,차대사람,244,250,5
성동구,2020,차대차,845,1198,4
성동구,2020,차량단독,30,33,-
성동구,2020,합계,1119,1481,9
성동구,2021,차대사람,245,250,5
성동구,2021,차대차,784,1084,1
성동구,2021,차량단독,28,28,2
성동구,2021,합계,1057,1362,8
성동구,2022,차대사람,210,215,3
성동구,2022,차대차,713,976,5
성동구,2022,차량단독,25,31,-
성동구,2022,합계,948,1222,8
성동구,2023,차대사람,216,228,3
성동구,2023,차대차,687,975,2
성동구,2023,차량단독,16,18,1
성동구,2023,합계,919,1221,6
성북구,2005,차대사람,426,458,11
성북구,2005,차대차,1098,1769,5
성북구,2005,차량단독,26,24,3
성북구,2005,합계,1550,2251,19
성북구,2006,차대사람,422,454,14
성북구,2006,차대차,1119,1764,7
성북구,2006,차량단독,23,30,3
성북구,2006,합계,1564,2248,24
성북구,2007,차대사람,393,420,6
성북구,2007,차대차,977,1493,1
성북구,2007,차량단독,21,30,2
성북구,2007,합계,1391,1943,9
성북구,2008,차대사람,468,485,13
성북구,2008,차대차,1276,1982,4
성북구,2008,차량단독,37,39,2
성북구,2008,합계,1781,2506,19
성북구,2009,차대사람,508,529,8
성북구,2009,차대차,1329,2013,6
성북구,2009,차량단독,68,75,1
성북구,2009,합계,1905,2617,15
성북구,2010,차대사람,504,518,8
성북구,2010,차대차,1070,1637,2
성북구,2010,차량단독,37,42,-
성북구,2010,합계,1611,2197,10
성북구,2011,차대사람,471,485,14
성북구,2011,차대차,1040,1554,5
성북구,2011,차량단독,58,64,3
성북구,2011,합계,1569,2103,22
성북구,2012,차대사람,468,491,8
성북구,2012,차대차,1040,1489,2
성북구,2012,차량단독,64,75,1
성북구,2012,합계,1572,2055,11
성북구,2013,차대사람,448,465,8
성북구,2013,차대차,1025,1606,-
성북구,2013,차량단독,63,78,1
성북구,2013,합계,1536,2149,9
성북구,2014,차대사람,464,505,9
성북구,2014,차대차,1136,1655,6
성북구,2014,차량단독,64,67,2
성북구,2014,합계,1664,2227,17
성북구,2015,차대사람,503,521,9
성북구,2015,차대차,1119,1705,6
성북구,2015,차량단독,58,60,4
성북구,2015,합계,1680,2286,19
성북구,2016,차대사람,482,500,7
성북구,2016,차대차,1074,1539,3
성북구,2016,차량단독,62,67,3
성북구,2016,합계,1618,2106,13
성북구,2017,차대사람,413,413,10
성북구,2017,차대차,1074,1568,4
성북구,2017,차량단독,70,87,3
성북구,2017,합계,1557,2068,17
성북구,2018,차대사람,390,403,9
성북구,2018,차대차,975,1503,3
성북구,2018,차량단독,62,74,2
성북구,2018,합계,1427,1980,14
성북구,2019,차대사람,406,419,4
성북구,2019,차대차,1038,1510,1
성북구,2019,차량단독,65,78,3
성북구,2019,합계,1509,2007,8
성북구,2020,차대사람,340,352,3
성북구,2020,차대차,898,1231,3
성북구,2020,차량단독,37,39,1
성북구,2020,합계,1275,1622,7
성북구,2021,차대사람,295,304,4
성북구,2021,차대차,948,1256,8
성북구,2021,차량단독,42,46,3
성북구,2021,합계,1285,1606,15
성북구,2022,차대사람,297,304,3
성북구,2022,차대차,946,1276,4
성북구,2022,차량단독,45,46,1
성북구,2022,합계,1288,1626,8
성북구,2023,차대사람,302,309,5
성북구,2023,차대차,898,1212,3
성북구,2023,차량단독,56,60,-
성북구,2023,합계,1256,1581,8
소계,2005,차대사람,9111,9459,229
소계,2005,차대차,28728,47026,195
소계,2005,차량단독,771,949,61
소계,2005,합계,38610,57434,485
소계,2006,차대사람,8852,9266,212
소계,2006,차대차,28611,46267,182
소계,2006,차량단독,835,989,58
소계,2006,합계,38298,56522,452
소계,2007,차대사람,9371,9781,219
소계,2007,차대차,29183,46692,173
소계,2007,차량단독,855,1038,60
소계,2007,합계,39410,57517,452
소계,2008,차대사람,10468,10840,256
소계,2008,차대차,30128,47822,170
소계,2008,차량단독,1106,1275,56
소계,2008,합계,41702,59937,482
소계,2009,차대사람,10987,11519,241
소계,2009,차대차,31978,50476,201
소계,2009,차량단독,1354,1587,59
소계,2009,합계,44320,63584,501
소계,2010,차대사람,10783,11238,223
소계,2010,차대차,29579,46962,148
소계,2010,차량단독,1300,1518,58
소계,2010,합계,41662,59718,429
소계,2011,차대사람,10869,11309,246
소계,2011,차대차,28294,44811,129
소계,2011,차량단독,1288,1505,60
소계,2011,합계,40451,57625,435
소계,2012,차대사람,10892,11383,235
소계,2012,차대차,28537,45582,136
소계,2012,차량단독,1399,1617,53
소계,2012,합계,40829,58583,424
소계,2013,차대사람,10683,11159,215
소계,2013,차대차,27358,43928,121
소계,2013,차량단독,1398,1674,42
소계,2013,합계,39439,56761,378
소계,2014,차대사람,11118,11621,214
소계,2014,차대차,28201,44016,150
소계,2014,차량단독,1473,1708,36
소계,2014,합계,40792,57345,400
소계,2015,차대사람,11318,11831,211
소계,2015,차대차,28854,45086,116
소계,2015,차량단독,1493,1739,49
소계,2015,합계,41665,58656,376
소계,2016,차대사람,10683,11144,196
소계,2016,차대차,28030,42936,120
소계,2016,차량단독,1326,1589,32
소계,2016,합계,40039,55669,348
소계,2017,차대사람,10249,10706,189
소계,2017,차대차,27103,41642,117
소계,2017,차량단독,1273,1462,37
소계,2017,합계,38625,53810,343
소계,2018,차대사람,9978,10402,182
소계,2018,차대차,27522,41889,96
소계,2018,차량단독,1295,1460,26
소계,2018,합계,38795,53751,304
소계,2019,차대사람,9896,10320,139
소계,2019,차대차,28150,42181,84
소계,2019,차량단독,1212,1403,27
소계,2019,합계,39258,53904,250
소계,2020,차대사람,7671,7996,113
소계,2020,차대차,26508,38373,80
소계,2020,차량단독,1048,1144,26
소계,2020,합계,35227,47513,219
소계,2021,차대사람,7075,7332,120
소계,2021,차대차,25926,36909,92
소계,2021,차량단독,912,982,31
소계,2021,합계,33913,45223,243
소계,2022,차대사람,7807,8089,111
소계,2022,차대차,24898,36165,72
소계,2022,차량단독,993,1075,38
소계,2022,합계,33698,45329,221
소계,2023,차대사람,7762,8123,88
소계,2023,차대차,25029,36205,72
소계,2023,차량단독,1020,1086,20
소계,2023,합계,33811,45414,180
송파구,2005,차대사람,584,600,12
송파구,2005,차대차,1884,3060,11
송파구,2005,차량단독,40,46,4
송파구,2005,합계,2508,3706,27
송파구,2006,차대사람,548,566,12
송파구,2006,차대차,1891,3097,10
송파구,2006,차량단독,48,57,5
송파구,2006,합계,2487,3720,27
송파구,2007,차대사람,539,575,3
송파구,2007,차대차,1906,2978,11
송파구,2007,차량단독,46,56,3
송파구,2007,합계,2491,3609,17
송파구,2008,차대사람,643,658,11
송파구,2008,차대차,1922,3202,16
송파구,2008,차량단독,57,65,3
송파구,2008,합계,2622,3925,30
송파구,2009,차대사람,635,668,10
송파구,2009,차대차,2051,3338,11
송파구,2009,차량단독,53,78,1
송파구,2009,합계,2739,4084,22
송파구,2010,차대사람,610,637,5
송파구,2010,차대차,1873,2991,9
송파구,2010,차량단독,90,114,2
송파구,2010,합계,2573,3742,16
송파구,2011,차대사람,580,594,21
송파구,2011,차대차,1907,2958,13
송파구,2011,차량단독,67,80,2
송파구,2011,합계,2554,3632,36
송파구,2012,차대사람,637,669,6
송파구,2012,차대차,2123,3290,7
송파구,2012,차량단독,84,101,1
송파구,2012,합계,2844,4060,14
송파구,2013,차대사람,563,591,9
송파구,2013,차대차,1808,2855,10
송파구,2013,차량단독,102,110,2
송파구,2013,합계,2473,3556,21
송파구,2014,차대사람,606,642,8
송파구,2014,차대차,1917,2901,14
송파구,2014,차량단독,85,92,2
송파구,2014,합계,2608,3635,24
송파구,2015,차대사람,602,646,9
송파구,2015,차대차,1991,3011,6
송파구,2015,차량단독,94,106,1
송파구,2015,합계,2687,3763,16
송파구,2016,차대사람,611,654,7
송파구,2016,차대차,1896,2893,6
송파구,2016,차량단독,91,99,1
송파구,2016,합계,2598,3646,14
송파구,2017,차대사람,621,651,14
송파구,2017,차대차,2061,3075,8
송파구,2017,차량단독,76,79,1
송파구,2017,합계,2758,3805,23
송파구,2018,차대사람,649,675,12
송파구,2018,차대차,2106,3141,14
송파구,2018,차량단독,105,116,1
송파구,2018,합계,2860,3932,27
송파구,2019,차대사람,592,621,4
송파구,2019,차대차,2210,3257,8
송파구,2019,차량단독,90,125,1
송파구,2019,합계,2892,4003,13
송파구,2020,차대사람,478,502,4
송파구,2020,차대차,2064,2954,5
송파구,2020,차량단독,53,53,2
송파구,2020,합계,2595,3509,11
송파구,2021,차대사람,469,496,3
송파구,2021,차대차,2081,2953,10
송파구,2021,차량단독,57,60,1
송파구,2021,합계,2607,3509,14
송파구,2022,차대사람,521,550,4
송파구,2022,차대차,2012,2997,2
송파구,2022,차량단독,48,47,3
송파구,2022,합계,2581,3594,9
송파구,2023,차대사람,530,563,5
송파구,2023,차대차,2035,2985,5
송파구,2023,차량단독,49,55,-
송파구,2023,합계,2614,3603,10
양천구,2005,차대사람,328,344,3
양천구,2005,차대차,947,1470,9
양천구,2005,차량단독,29,35,4
양천구,2005,합계,1304,1849,16
양천구,2006,차대사람,282,287,8
양천구,2006,차대차,964,1555,6
양천구,2006,차량단독,27,36,-
양천구,2006,합계,1273,1878,14
양천구,2007,차대사람,323,332,8
양천구,2007,차대차,846,1378,6
양천구,2007,차량단독,16,27,2
양천구,2007,합계,1185,1737,16
양천구,2008,차대사람,432,441,11
양천구,2008,차대차,1071,1653,3
양천구,2008,차량단독,30,28,7
양천구,2008,합계,1533,2122,21
양천구,2009,차대사람,385,397,5
양천구,2009,차대차,1315,1981,11
양천구,2009,차량단독,32,35,2
양천구,2009,합계,1732,2413,18
양천구,2010,차대사람,355,371,6
양천구,2010,차대차,1073,1665,4
양천구,2010,차량단독,35,34,2
양천구,2010,합계,1463,2070,12
양천구,2011,차대사람,347,366,5
양천구,2011,차대차,1049,1586,6
양천구,2011,차량단독,48,54,3
양천구,2011,합계,1444,2006,14
양천구,2012,차대사람,391,399,8
양천구,2012,차대차,980,1587,5
양천구,2012,차량단독,47,50,1
양천구,2012,합계,1418,2036,14
양천구,2013,차대사람,379,410,4
양천구,2013,차대차,910,1433,8
양천구,2013,차량단독,51,62,2
양천구,2013,합계,1340,1905,14
양천구,2014,차대사람,398,414,7
양천구,2014,차대차,1009,1516,4
양천구,2014,차량단독,59,70,2
양천구,2014,합계,1466,2000,13
양천구,2015,차대사람,468,490,5
양천구,2015,차대차,1079,1687,3
양천구,2015,차량단독,49,54,6
양천구,2015,합계,1596,2231,14
양천구,2016,차대사람,405,414,6
양천구,2016,차대차,1046,1595,4
양천구,2016,차량단독,42,47,2
양천구,2016,합계,1493,2056,12
양천구,2017,차대사람,370,375,8
양천구,2017,차대차,936,1372,3
양천구,2017,차량단독,37,42,2
양천구,2017,합계,1343,1789,13
양천구,2018,차대사람,366,383,5
양천구,2018,차대차,1015,1508,4
양천구,2018,차량단독,47,48,2
양천구,2018,합계,1428,1939,11
양천구,2019,차대사람,373,384,7
양천구,2019,차대차,1097,1662,3
양천구,2019,차량단독,36,39,1
양천구,2019,합계,1506,2085,11
양천구,2020,차대사람,281,290,4
양천구,2020,차대차,1027,1503,2
양천구,2020,차량단독,36,36,1
양천구,2020,합계,1344,1829,7
양천구,2021,차대사람,284,289,7
양천구,2021,차대차,992,1374,6
양천구,2021,차량단독,29,29,1
양천구,2021,합계,1305,1692,14
양천구,2022,차대사람,260,262,7
양천구,2022,차대차,877,1239,1
양천구,2022,차량단독,28,28,-
양천구,2022,합계,1165,1529,8
양천구,2023,차대사람,284,293,1
양천구,2023,차대차,901,1295,3
양천구,2023,차량단독,36,36,1
양천구,2023,합계,1221,1624,5
영등포구,2005,차대사람,464,464,20
영등포구,2005,차대차,1656,2742,10
영등포구,2005,차량단독,66,75,2
영등포구,2005,합계,2186,3281,32
영등포구,2006,차대사람,453,464,16
영등포구,2006,차대차,1639,2651,11
영등포구,2006,차량단독,74,88,1
영등포구,2006,합계,2166,3203,28
영등포구,2007,차대사람,487,503,22
영등포구,2007,차대차,1659,2696,11
영등포구,2007,차량단독,51,63,2
영등포구,2007,합계,2197,3262,35
영등포구,2008,차대사람,473,491,20
영등포구,2008,차대차,1660,2727,14
영등포구,2008,차량단독,78,91,2
영등포구,2008,합계,2211,3309,36
영등포구,2009,차대사람,527,562,15
영등포구,2009,차대차,1709,2766,11
영등포구,2009,차량단독,100,120,7
영등포구,2009,합계,2336,3448,33
영등포구,2010,차대사람,519,538,17
영등포구,2010,차대차,1650,2700,11
영등포구,2010,차량단독,84,110,2
영등포구,2010,합계,2253,3348,30
영등포구,2011,차대사람,593,610,16
영등포구,2011,차대차,1628,2608,8
영등포구,2011,차량단독,89,108,4
영등포구,2011,합계,2310,3326,28
영등포구,2012,차대사람,553,578,19
영등포구,2012,차대차,1534,2511,9
영등포구,2012,차량단독,92,117,4
영등포구,2012,합계,2179,3206,32
영등포구,2013,차대사람,577,597,18
영등포구,2013,차대차,1497,2426,9
영등포구,2013,차량단독,83,105,2
영등포구,2013,합계,2157,3128,29
영등포구,2014,차대사람,539,552,18
영등포구,2014,차대차,1579,2486,8
영등포구,2014,차량단독,75,90,-
영등포구,2014,합계,2193,3128,26
영등포구,2015,차대사람,562,579,19
영등포구,2015,차대차,1798,2831,9
영등포구,2015,차량단독,102,154,-
영등포구,2015,합계,2462,3564,28
영등포구,2016,차대사람,531,559,8
영등포구,2016,차대차,1777,2760,12
영등포구,2016,차량단독,95,154,2
영등포구,2016,합계,2403,3473,22
영등포구,2017,차대사람,560,579,13
영등포구,2017,차대차,1730,2794,6
영등포구,2017,차량단독,96,146,3
영등포구,2017,합계,2386,3519,22
영등포구,2018,차대사람,563,599,12
영등포구,2018,차대차,1877,2875,9
영등포구,2018,차량단독,53,58,1
영등포구,2018,합계,2493,3532,22
영등포구,2019,차대사람,565,598,5
영등포구,2019,차대차,1815,2780,3
영등포구,2019,차량단독,59,73,3
영등포구,2019,합계,2439,3451,11
영등포구,2020,차대사람,371,391,3
영등포구,2020,차대차,1786,2653,2
영등포구,2020,차량단독,51,58,2
영등포구,2020,합계,2208,3102,7
영등포구,2021,차대사람,340,352,9
영등포구,2021,차대차,1790,2564,6
영등포구,2021,차량단독,48,51,-
영등포구,2021,합계,2178,2967,15
영등포구,2022,차대사람,384,395,6
영등포구,2022,차대차,1545,2238,8
영등포구,2022,차량단독,69,74,6
영등포구,2022,합계,1998,2707,20
영등포구,2023,차대사람,385,400,3
영등포구,2023,차대차,1442,2137,2
영등포구,2023,차량단독,73,82,2
영등포구,2023,합계,1900,2619,7
용산구,2005,차대사람,230,241,7
용산구,2005,차대차,1082,1809,7
용산구,2005,차량단독,48,61,6
용산구,2005,합계,1360,2111,20
용산구,2006,차대사람,227,241,5
용산구,2006,차대차,1073,1760,6
용산구,2006,차량단독,29,33,3
용산구,2006,합계,1329,2034,14
용산구,2007,차대사람,241,243,7
용산구,2007,차대차,1007,1741,9
용산구,2007,차량단독,38,47,4
용산구,2007,합계,1287,2037,20
용산구,2008,차대사람,262,270,4
용산구,2008,차대차,931,1492,11
용산구,2008,차량단독,40,43,4
용산구,2008,합계,1233,1805,19
용산구,2009,차대사람,285,301,9
용산구,2009,차대차,993,1551,5
용산구,2009,차량단독,67,75,6
용산구,2009,합계,1345,1927,20
용산구,2010,차대사람,272,273,6
용산구,2010,차대차,906,1389,7
용산구,2010,차량단독,67,76,2
용산구,2010,합계,1245,1738,15
용산구,2011,차대사람,273,288,4
용산구,2011,차대차,854,1364,3
용산구,2011,차량단독,43,52,2
용산구,2011,합계,1170,1704,9
용산구,2012,차대사람,267,283,6
용산구,2012,차대차,882,1465,1
용산구,2012,차량단독,53,60,4
용산구,2012,합계,1203,1809,11
용산구,2013,차대사람,298,308,4
용산구,2013,차대차,1030,1646,4
용산구,2013,차량단독,63,69,5
용산구,2013,합계,1391,2023,13
용산구,2014,차대사람,285,296,3
용산구,2014,차대차,1009,1611,4
용산구,2014,차량단독,56,64,1
용산구,2014,합계,1350,1971,8
용산구,2015,차대사람,334,353,9
용산구,2015,차대차,1123,1688,6
용산구,2015,차량단독,59,69,3
용산구,2015,합계,1516,2110,18
용산구,2016,차대사람,302,313,8
용산구,2016,차대차,1079,1704,3
용산구,2016,차량단독,47,52,1
용산구,2016,합계,1428,2069,12
용산구,2017,차대사람,286,305,8
용산구,2017,차대차,994,1581,1
용산구,2017,차량단독,57,63,3
용산구,2017,합계,1337,1949,12
용산구,2018,차대사람,295,307,8
용산구,2018,차대차,990,1496,3
용산구,2018,차량단독,45,49,3
용산구,2018,합계,1330,1852,14
용산구,2019,차대사람,259,270,6
용산구,2019,차대차,896,1311,1
용산구,2019,차량단독,32,33,3
용산구,2019,합계,1187,1614,10
용산구,2020,차대사람,155,158,5
용산구,2020,차대차,697,979,4
용산구,2020,차량단독,38,41,3
용산구,2020,합계,890,1178,12
용산구,2021,차대사람,174,181,2
용산구,2021,차대차,813,1162,1
용산구,2021,차량단독,27,26,2
용산구,2021,합계,1014,1369,5
용산구,2022,차대사람,220,234,5
용산구,2022,차대차,764,1068,3
용산구,2022,차량단독,30,28,3
용산구,2022,합계,1014,1330,11
용산구,2023,차대사람,205,212,2
용산구,2023,차대차,763,1124,5
용산구,2023,차량단독,28,30,4
용산구,2023,합계,996,1366,11
은평구,2005,차대사람,402,426,8
은평구,2005,차대차,941,1492,2
은평구,2005,차량단독,30,32,1
은평구,2005,합계,1373,1950,11
은평구,2006,차대사람,417,441,5
은평구,2006,차대차,955,1503,11
은평구,2006,차량단독,19,20,2
은평구,2006,합계,1391,1964,18
은평구,2007,차대사람,405,425,7
은평구,2007,차대차,891,1397,7
은평구,2007,차량단독,19,25,2
은평구,2007,합계,1315,1847,16
은평구,2008,차대사람,514,530,14
은평구,2008,차대차,1055,1599,2
은평구,2008,차량단독,27,31,-
은평구,2008,합계,1596,2160,16
은평구,2009,차대사람,494,517,9
은평구,2009,차대차,1180,1784,2
은평구,2009,차량단독,65,78,4
은평구,2009,합계,1739,2379,15
은평구,2010,차대사람,487,510,9
은평구,2010,차대차,974,1544,5
은평구,2010,차량단독,53,66,2
은평구,2010,합계,1514,2120,16
은평구,2011,차대사람,530,549,16
은평구,2011,차대차,921,1444,2
은평구,2011,차량단독,58,65,2
은평구,2011,합계,1509,2058,20
은평구,2012,차대사람,521,553,13
은평구,2012,차대차,946,1591,4
은평구,2012,차량단독,52,53,4
은평구,2012,합계,1519,2197,21
은평구,2013,차대사람,463,484,5
은평구,2013,차대차,762,1184,4
은평구,2013,차량단독,45,48,1
은평구,2013,합계,1270,1716,10
은평구,2014,차대사람,445,468,6
은평구,2014,차대차,842,1378,5
은평구,2014,차량단독,38,43,-
은평구,2014,합계,1325,1889,11
은평구,2015,차대사람,391,403,12
은평구,2015,차대차,784,1237,4
은평구,2015,차량단독,28,33,-
은평구,2015,합계,1203,1673,16
은평구,2016,차대사람,394,415,8
은평구,2016,차대차,685,1047,4
은평구,2016,차량단독,42,56,2
은평구,2016,합계,1121,1518,14
은평구,2017,차대사람,416,439,7
은평구,2017,차대차,611,1005,5
은평구,2017,차량단독,40,45,-
은평구,2017,합계,1067,1489,12
은평구,2018,차대사람,367,373,7
은평구,2018,차대차,721,1147,4
은평구,2018,차량단독,46,60,1
은평구,2018,합계,1134,1580,12
은평구,2019,차대사람,361,380,3
은평구,2019,차대차,703,1024,4
은평구,2019,차량단독,55,60,-
은평구,2019,합계,1119,1464,7
은평구,2020,차대사람,275,278,10
은평구,2020,차대차,644,1092,3
은평구,2020,차량단독,34,45,1
은평구,2020,합계,953,1415,14
은평구,2021,차대사람,250,259,2
은평구,2021,차대차,583,917,5
은평구,2021,차량단독,34,42,4
은평구,2021,합계,867,1218,11
은평구,2022,차대사람,272,280,3
은평구,2022,차대차,615,948,3
은평구,2022,차량단독,31,28,3
은평구,2022,합계,918,1256,9
은평구,2023,차대사람,320,334,6
은평구,2023,차대차,670,969,1
은평구,2023,차량단독,49,50,-
은평구,2023,합계,1039,1353,7
종로구,2005,차대사람,304,302,13
종로구,2005,차대차,1164,1841,7
종로구,2005,차량단독,34,42,4
종로구,2005,합계,1502,2185,24
종로구,2006,차대사람,314,332,8
종로구,2006,차대차,1015,1706,5
종로구,2006,차량단독,32,40,2
종로구,2006,합계,1361,2078,15
종로구,2007,차대사람,373,387,7
종로구,2007,차대차,1180,1900,3
종로구,2007,차량단독,37,40,2
종로구,2007,합계,1590,2327,12
종로구,2008,차대사람,393,400,15
종로구,2008,차대차,1124,1696,3
종로구,2008,차량단독,48,59,5
종로구,2008,합계,1565,2155,23
종로구,2009,차대사람,363,383,10
종로구,2009,차대차,1152,1747,5
종로구,2009,차량단독,64,81,3
종로구,2009,합계,1579,2211,18
종로구,2010,차대사람,377,390,12
종로구,2010,차대차,998,1541,6
종로구,2010,차량단독,61,78,1
종로구,2010,합계,1436,2009,19
종로구,2011,차대사람,407,424,13
종로구,2011,차대차,966,1510,-
종로구,2011,차량단독,48,60,1
종로구,2011,합계,1421,1994,14
종로구,2012,차대사람,399,417,9
종로구,2012,차대차,925,1510,3
종로구,2012,차량단독,50,67,-
종로구,2012,합계,1374,1994,12
종로구,2013,차대사람,364,367,11
종로구,2013,차대차,856,1348,-
종로구,2013,차량단독,54,55,2
종로구,2013,합계,1274,1770,13
종로구,2014,차대사람,386,399,7
종로구,2014,차대차,859,1313,3
종로구,2014,차량단독,69,78,1
종로구,2014,합계,1314,1790,11
종로구,2015,차대사람,395,406,7
종로구,2015,차대차,942,1440,-
종로구,2015,차량단독,77,87,1
종로구,2015,합계,1414,1933,8
종로구,2016,차대사람,393,409,7
종로구,2016,차대차,860,1287,2
종로구,2016,차량단독,46,52,-
종로구,2016,합계,1299,1748,9
종로구,2017,차대사람,333,351,8
종로구,2017,차대차,810,1285,3
종로구,2017,차량단독,47,53,2
종로구,2017,합계,1190,1689,13
종로구,2018,차대사람,336,343,4
종로구,2018,차대차,757,1159,2
종로구,2018,차량단독,41,44,-
종로구,2018,합계,1134,1546,6
종로구,2019,차대사람,305,319,3
종로구,2019,차대차,781,1169,3
종로구,2019,차량단독,47,71,-
종로구,2019,합계,1133,1559,6
종로구,2020,차대사람,223,238,2
종로구,2020,차대차,648,953,2
종로구,2020,차량단독,32,33,1
종로구,2020,합계,903,1224,5
종로구,2021,차대사람,182,189,4
종로구,2021,차대차,560,821,1
종로구,2021,차량단독,36,40,1
종로구,2021,합계,778,1050,6
종로구,2022,차대사람,270,291,1
종로구,2022,차대차,651,995,1
종로구,2022,차량단독,53,65,1
종로구,2022,합계,974,1351,3
종로구,2023,차대사람,256,275,6
종로구,2023,차대차,676,999,2
종로구,2023,차량단독,56,57,-
종로구,2023,합계,988,1331,8
중구,2005,차대사람,326,338,7
중구,2005,차대차,994,1504,4
중구,2005,차량단독,13,15,2
중구,2005,합계,1333,1857,13
중구,2006,차대사람,325,340,12
중구,2006,차대차,1039,1562,3
중구,2006,차량단독,24,25,1
중구,2006,합계,1388,1927,16
중구,2007,차대사람,321,329,9
중구,2007,차대차,1069,1588,3
중구,2007,차량단독,22,27,-
중구,2007,합계,1412,1944,12
중구,2008,차대사람,336,364,7
중구,2008,차대차,1065,1557,4
중구,2008,차량단독,34,41,2
중구,2008,합계,1435,1962,13
중구,2009,차대사람,383,397,10
중구,2009,차대차,1117,1634,2
중구,2009,차량단독,39,47,-
중구,2009,합계,1539,2078,12
중구,2010,차대사람,357,377,2
중구,2010,차대차,1149,1737,5
중구,2010,차량단독,34,38,-
중구,2010,합계,1540,2152,7
중구,2011,차대사람,401,419,11
중구,2011,차대차,1063,1572,2
중구,2011,차량단독,33,34,-
중구,2011,합계,1497,2025,13
중구,2012,차대사람,376,391,7
중구,2012,차대차,1046,1586,3
중구,2012,차량단독,36,41,2
중구,2012,합계,1458,2018,12
중구,2013,차대사람,403,410,8
중구,2013,차대차,1000,1517,2
중구,2013,차량단독,39,48,-
중구,2013,합계,1442,1975,10
중구,2014,차대사람,352,367,1
중구,2014,차대차,912,1371,5
중구,2014,차량단독,41,47,1
중구,2014,합계,1305,1785,7
중구,2015,차대사람,373,382,8
중구,2015,차대차,918,1366,-
중구,2015,차량단독,47,55,-
중구,2015,합계,1338,1803,8
중구,2016,차대사람,345,357,11
중구,2016,차대차,906,1321,6
중구,2016,차량단독,37,38,-
중구,2016,합계,1288,1716,17
중구,2017,차대사람,316,326,1
중구,2017,차대차,896,1315,3
중구,2017,차량단독,40,43,-
중구,2017,합계,1252,1684,4
중구,2018,차대사람,291,304,4
중구,2018,차대차,796,1158,5
중구,2018,차량단독,41,44,-
중구,2018,합계,1128,1506,9
중구,2019,차대사람,284,299,4
중구,2019,차대차,862,1277,1
중구,2019,차량단독,38,39,-
중구,2019,합계,1184,1615,5
중구,2020,차대사람,239,251,1
중구,2020,차대차,678,959,3
중구,2020,차량단독,38,38,2
중구,2020,합계,955,1248,6
중구,2021,차대사람,173,183,2
중구,2021,차대차,655,948,-
중구,2021,차량단독,26,25,1
중구,2021,합계,854,1156,3
중구,2022,차대사람,221,232,2
중구,2022,차대차,691,948,-
중구,2022,차량단독,31,32,-
중구,2022,합계,943,1212,2
중구,2023,차대사람,216,230,3
중구,2023,차대차,682,930,-
중구,2023,차량단독,33,34,-
중구,2023,합계,931,1194,3
중랑구,2005,차대사람,481,514,2
중랑구,2005,차대차,1328,2178,6
중랑구,2005,차량단독,41,47,3
중랑구,2005,합계,1850,2739,11
중랑구,2006,차대사람,470,491,9
중랑구,2006,차대차,1321,2090,3
중랑구,2006,차량단독,33,36,2
중랑구,2006,합계,1824,2617,14
중랑구,2007,차대사람,490,505,11
중랑구,2007,차대차,1538,2467,7
중랑구,2007,차량단독,43,50,2
중랑구,2007,합계,2071,3022,20
중랑구,2008,차대사람,524,549,8
중랑구,2008,차대차,1448,2162,5
중랑구,2008,차량단독,67,72,4
중랑구,2008,합계,2039,2783,17
중랑구,2009,차대사람,534,551,9
중랑구,2009,차대차,1433,2203,6
중랑구,2009,차량단독,65,71,-
중랑구,2009,합계,2032,2825,15
중랑구,2010,차대사람,560,578,7
중랑구,2010,차대차,1457,2190,9
중랑구,2010,차량단독,63,73,1
중랑구,2010,합계,2080,2841,17
중랑구,2011,차대사람,484,506,8
중랑구,2011,차대차,1235,1802,3
중랑구,2011,차량단독,63,78,1
중랑구,2011,합계,1782,2386,12
중랑구,2012,차대사람,467,499,8
중랑구,2012,차대차,1220,1828,3
중랑구,2012,차량단독,66,74,-
중랑구,2012,합계,1753,2401,11
중랑구,2013,차대사람,488,508,5
중랑구,2013,차대차,1162,1790,3
중랑구,2013,차량단독,66,71,1
중랑구,2013,합계,1716,2369,9
중랑구,2014,차대사람,452,479,4
중랑구,2014,차대차,1091,1608,7
중랑구,2014,차량단독,79,93,-
중랑구,2014,합계,1622,2180,11
중랑구,2015,차대사람,505,526,5
중랑구,2015,차대차,1146,1670,6
중랑구,2015,차량단독,71,73,5
중랑구,2015,합계,1722,2269,16
중랑구,2016,차대사람,425,453,8
중랑구,2016,차대차,1071,1537,-
중랑구,2016,차량단독,39,40,1
중랑구,2016,합계,1535,2030,9
중랑구,2017,차대사람,432,449,3
중랑구,2017,차대차,1157,1729,2
중랑구,2017,차량단독,50,50,1
중랑구,2017,합계,1639,2228,6
중랑구,2018,차대사람,432,452,8
중랑구,2018,차대차,1075,1619,2
중랑구,2018,차량단독,58,64,-
중랑구,2018,합계,1565,2135,10
중랑구,2019,차대사람,470,486,7
중랑구,2019,차대차,1088,1568,4
중랑구,2019,차량단독,62,68,1
중랑구,2019,합계,1620,2122,12
중랑구,2020,차대사람,358,371,4
중랑구,2020,차대차,1032,1510,-
중랑구,2020,차량단독,57,71,-
중랑구,2020,합계,1447,1952,4
중랑구,2021,차대사람,332,349,6
중랑구,2021,차대차,1000,1432,-
중랑구,2021,차량단독,41,45,1
중랑구,2021,합계,1373,1826,7
중랑구,2022,차대사람,353,362,6
중랑구,2022,차대차,1006,1484,3
중랑구,2022,차량단독,42,44,1
중랑구,2022,합계,1401,1890,10
중랑구,2023,차대사람,332,359,2
중랑구,2023,차대차,887,1292,5
중랑구,2023,차량단독,49,53,-
중랑구,2023,합계,1268,1704,7
