"자치구별(1)","자치구별(2)",구분별(1),1988,1988,1988,1988,1989,1989,1989,1989,1990,1990,1990,1991,1991,1991,1991,1992,1992,1992,1992,1993,1993,1993,1993,1994,1994,1994,1994,1995,1995,1995,1996,1996,1996,1997,1997,1997,1998,1998,1998,1999,1999,1999,1999,2000,2000,2000,2000,2001,2001,2001,2001,2002,2002,2002,2002,2003,2003,2003,2003,2004,2004,2004,2004,2005,2005,2005,2005,2006,2006,2006,2006,2007,2007,2007,2007,2007,2008,2008,2008,2008,2009,2009,2009,2009,2009,2010,2010,2010,2010,2011,2011,2011,2011,2012,2012,2012,2012,2012,2013,2013,2013,2013,2014,2014,2014,2014,2015,2015,2015,2015,2016,2016,2016,2016,2017,2017,2017,2017,2018,2018,2018,2018,2019,2019,2019,2019,2020,2020,2020,2020,2021,2021,2021,2021,2022,2022,2022,2022,2022,2023,2023,2023,2023,2023
"자치구별(1)","자치구별(2)",구분별(1),차대사람,차대차,차량단독,건널목,차대사람,차대차,차량단독,건널목,차대사람,차대차,차량단독,차대사람,차대차,차량단독,건널목,차대사람,차대차,차량단독,건널목,차대사람,차대차,차량단독,건널목,차대사람,차대차,차량단독,건널목,차대사람,차대차,차량단독,차대사람,차대차,차량단독,차대사람,차대차,차량단독,차대사람,차대차,차량단독,차대사람,차대차,차량단독,건널목,차대사람,차대차,차량단독,건널목,차대사람,차대차,차량단독,건널목,차대사람,차대차,차량단독,건널목,차대사람,차대차,차량단독,건널목,차대사람,차대차,차량단독,건널목,합계,차대사람,차대차,차량단독,합계,차대사람,차대차,차량단독,합계,차대사람,차대차,차량단독,건널목,합계,차대사람,차대차,차량단독,합계,차대사람,차대차,차량단독,건널목,합계,차대사람,차대차,차량단독,합계,차대사람,차대차,차량단독,합계,차대사람,차대차,차량단독,건널목,합계,차대사람,차대차,차량단독,합계,차대사람,차대차,차량단독,합계,차대사람,차대차,차량단독,합계,차대사람,차대차,차량단독,합계,차대사람,차대차,차량단독,합계,차대사람,차대차,차량단독,합계,차대사람,차대차,차량단독,합계,차대사람,차대차,차량단독,합계,차대사람,차대차,차량단독,합계,차대사람,차대차,차량단독,건널목,합계,차대사람,차대차,차량단독,건널목
"자치구별(1)","자치구별(2)",구분별(1),소계,소계,소계,소계,소계,소계,소계,소계,소계,소계,소계,소계,소계,소계,소계,소계,소계,소계,소계,소계,소계,소계,소계,소계,소계,소계,소계,소계,소계,소계,소계,소계,소계,소계,소계,소계,소계,소계,소계,소계,소계,소계,소계,소계,소계,소계,소계,소계,소계,소계,소계,소계,소계,소계,소계,소계,소계,소계,소계,소계,소계,소계,소계,소계,소계,소계,소계,소계,소계,소계,소계,소계,소계,소계,소계,소계,소계,소계,소계,소계,소계,소계,소계,소계,소계,소계,소계,소계,소계,소계,소계,소계,소계,소계,소계,소계,소계,소계,소계,소계,소계,소계,소계,소계,소계,소계,소계,소계,소계,소계,소계,소계,소계,소계,소계,소계,소계,소계,소계,소계,소계,소계,소계,소계,소계,소계,소계,소계,소계,소계,소계,소계,소계,소계,소계,소계,소계,소계,소계,소계,소계,소계,소계,소계
"합계","소계",발생건수 (건),30877,23899,1210,22,35109,27129,1592,5,33606,23734,891,33061,22949,516,2,27165,23724,443,1,23245,25876,300,1,19590,26475,412,2,16653,24927,520,16098,29406,527,13086,27414,363,12364,29060,631,13489,36039,517,2,14227,38827,515,0,12177,32696,382,0,10916,28136,360,0,16901,22508,867,3,9564,28510,639,1,38610,9111,28728,771,38298,8852,28611,835,39410,9371,29183,855,1,41702,10468,30128,1106,44320,10987,31978,1354,1,41662,10783,29579,1300,40451,10869,28294,1288,40829,10892,28537,1399,1,39439,10683,27358,1398,40792,11118,28201,1473,41665,11318,28854,1493,40039,10683,28030,1326,38625,10249,27103,1273,38795,9978,27522,1295,39258,9896,28150,1212,35227,7671,26508,1048,33913,7075,25926,912,33698,7807,24898,993,-,33811,7762,25029,1020,-
"합계","소계",사망자수 (명),-,-,-,-,-,-,-,-,-,-,-,-,-,-,-,-,-,-,-,-,-,-,-,-,-,-,-,-,-,-,-,-,-,-,-,-,-,-,-,-,-,-,-,-,-,-,-,-,-,-,-,-,-,-,-,-,-,-,-,-,-,-,-,485,229,195,61,452,212,182,58,452,219,173,60,-,482,256,170,56,501,241,201,59,-,429,223,148,58,435,246,129,60,424,235,136,53,-,378,215,121,42,400,214,150,36,376,211,116,49,348,196,120,32,343,189,117,37,304,182,96,26,250,139,84,27,219,113,80,26,243,120,92,31,221,111,72,38,-,180,88,72,20,-
"합계","소계",부상자수 (명),-,-,-,-,-,-,-,-,-,-,-,-,-,-,-,-,-,-,-,-,-,-,-,-,-,-,-,-,-,-,-,-,-,-,-,-,-,-,-,-,-,-,-,-,-,-,-,-,-,-,-,-,-,-,-,-,-,-,-,-,-,-,-,57434,9459,47026,949,56522,9266,46267,989,57517,9781,46692,1038,6,59937,10840,47822,1275,63584,11519,50476,1587,2,59718,11238,46962,1518,57625,11309,44811,1505,58583,11383,45582,1617,1,56761,11159,43928,1674,57345,11621,44016,1708,58656,11831,45086,1739,55669,11144,42936,1589,53810,10706,41642,1462,53751,10402,41889,1460,53904,10320,42181,1403,47513,7996,38373,1144,45223,7332,36909,982,45329,8089,36165,1075,-,45414,8123,36205,1086,-
"합계","종로구",발생건수 (건),-,-,-,-,-,-,-,-,-,-,-,-,-,-,-,-,-,-,-,-,-,-,-,-,-,-,-,-,-,-,-,-,-,-,-,-,-,-,-,-,-,-,-,-,-,-,-,-,-,-,-,-,-,-,-,-,-,-,-,-,-,-,-,1502,304,1164,34,1361,314,1015,32,1590,373,1180,37,-,1565,393,1124,48,1579,363,1152,64,-,1436,377,998,61,1421,407,966,48,1374,399,925,50,-,1274,364,856,54,1314,386,859,69,1414,395,942,77,1299,393,860,46,1190,333,810,47,1134,336,757,41,1133,305,781,47,903,223,648,32,778,182,560,36,974,270,651,53,-,988,256,676,56,-
"합계","종로구",사망자수 (명),-,-,-,-,-,-,-,-,-,-,-,-,-,-,-,-,-,-,-,-,-,-,-,-,-,-,-,-,-,-,-,-,-,-,-,-,-,-,-,-,-,-,-,-,-,-,-,-,-,-,-,-,-,-,-,-,-,-,-,-,-,-,-,24,13,7,4,15,8,5,2,12,7,3,2,-,23,15,3,5,18,10,5,3,-,19,12,6,1,14,13,-,1,12,9,3,-,-,13,11,-,2,11,7,3,1,8,7,-,1,9,7,2,-,13,8,3,2,6,4,2,-,6,3,3,-,5,2,2,1,6,4,1,1,3,1,1,1,-,8,6,2,-,-
"합계","종로구",부상자수 (명),-,-,-,-,-,-,-,-,-,-,-,-,-,-,-,-,-,-,-,-,-,-,-,-,-,-,-,-,-,-,-,-,-,-,-,-,-,-,-,-,-,-,-,-,-,-,-,-,-,-,-,-,-,-,-,-,-,-,-,-,-,-,-,2185,302,1841,42,2078,332,1706,40,2327,387,1900,40,-,2155,400,1696,59,2211,383,1747,81,-,2009,390,1541,78,1994,424,1510,60,1994,417,1510,67,-,1770,367,1348,55,1790,399,1313,78,1933,406,1440,87,1748,409,1287,52,1689,351,1285,53,1546,343,1159,44,1559,319,1169,71,1224,238,953,33,1050,189,821,40,1351,291,995,65,-,1331,275,999,57,-
"합계","중구",발생건수 (건),-,-,-,-,-,-,-,-,-,-,-,-,-,-,-,-,-,-,-,-,-,-,-,-,-,-,-,-,-,-,-,-,-,-,-,-,-,-,-,-,-,-,-,-,-,-,-,-,-,-,-,-,-,-,-,-,-,-,-,-,-,-,-,1333,326,994,13,1388,325,1039,24,1412,321,1069,22,-,1435,336,1065,34,1539,383,1117,39,-,1540,357,1149,34,1497,401,1063,33,1458,376,1046,36,-,1442,403,1000,39,1305,352,912,41,1338,373,918,47,1288,345,906,37,1252,316,896,40,1128,291,796,41,1184,284,862,38,955,239,678,38,854,173,655,26,943,221,691,31,-,931,216,682,33,-
"합계","중구",사망자수 (명),-,-,-,-,-,-,-,-,-,-,-,-,-,-,-,-,-,-,-,-,-,-,-,-,-,-,-,-,-,-,-,-,-,-,-,-,-,-,-,-,-,-,-,-,-,-,-,-,-,-,-,-,-,-,-,-,-,-,-,-,-,-,-,13,7,4,2,16,12,3,1,12,9,3,-,-,13,7,4,2,12,10,2,-,-,7,2,5,-,13,11,2,-,12,7,3,2,-,10,8,2,-,7,1,5,1,8,8,-,-,17,11,6,-,4,1,3,-,9,4,5,-,5,4,1,-,6,1,3,2,3,2,-,1,2,2,-,-,-,3,3,-,-,-
"합계","중구",부상자수 (명),-,-,-,-,-,-,-,-,-,-,-,-,-,-,-,-,-,-,-,-,-,-,-,-,-,-,-,-,-,-,-,-,-,-,-,-,-,-,-,-,-,-,-,-,-,-,-,-,-,-,-,-,-,-,-,-,-,-,-,-,-,-,-,1857,338,1504,15,1927,340,1562,25,1944,329,1588,27,-,1962,364,1557,41,2078,397,1634,47,-,2152,377,1737,38,2025,419,1572,34,2018,391,1586,41,-,1975,410,1517,48,1785,367,1371,47,1803,382,1366,55,1716,357,1321,38,1684,326,1315,43,1506,304,1158,44,1615,299,1277,39,1248,251,959,38,1156,183,948,25,1212,232,948,32,-,1194,230,930,34,-
"합계","용산구",발생건수 (건),-,-,-,-,-,-,-,-,-,-,-,-,-,-,-,-,-,-,-,-,-,-,-,-,-,-,-,-,-,-,-,-,-,-,-,-,-,-,-,-,-,-,-,-,-,-,-,-,-,-,-,-,-,-,-,-,-,-,-,-,-,-,-,1360,230,1082,48,1329,227,1073,29,1287,241,1007,38,1,1233,262,931,40,1345,285,993,67,-,1245,272,906,67,1170,273,854,43,1203,267,882,53,1,1391,298,1030,63,1350,285,1009,56,1516,334,1123,59,1428,302,1079,47,1337,286,994,57,1330,295,990,45,1187,259,896,32,890,155,697,38,1014,174,813,27,1014,220,764,30,-,996,205,763,28,-
"합계","용산구",사망자수 (명),-,-,-,-,-,-,-,-,-,-,-,-,-,-,-,-,-,-,-,-,-,-,-,-,-,-,-,-,-,-,-,-,-,-,-,-,-,-,-,-,-,-,-,-,-,-,-,-,-,-,-,-,-,-,-,-,-,-,-,-,-,-,-,20,7,7,6,14,5,6,3,20,7,9,4,-,19,4,11,4,20,9,5,6,-,15,6,7,2,9,4,3,2,11,6,1,4,-,13,4,4,5,8,3,4,1,18,9,6,3,12,8,3,1,12,8,1,3,14,8,3,3,10,6,1,3,12,5,4,3,5,2,1,2,11,5,3,3,-,11,2,5,4,-
"합계","용산구",부상자수 (명),-,-,-,-,-,-,-,-,-,-,-,-,-,-,-,-,-,-,-,-,-,-,-,-,-,-,-,-,-,-,-,-,-,-,-,-,-,-,-,-,-,-,-,-,-,-,-,-,-,-,-,-,-,-,-,-,-,-,-,-,-,-,-,2111,241,1809,61,2034,241,1760,33,2037,243,1741,47,6,1805,270,1492,43,1927,301,1551,75,-,1738,273,1389,76,1704,288,1364,52,1809,283,1465,60,1,2023,308,1646,69,1971,296,1611,64,2110,353,1688,69,2069,313,1704,52,1949,305,1581,63,1852,307,1496,49,1614,270,1311,33,1178,158,979,41,1369,181,1162,26,1330,234,1068,28,-,1366,212,1124,30,-
"합계","성동구",발생건수 (건),-,-,-,-,-,-,-,-,-,-,-,-,-,-,-,-,-,-,-,-,-,-,-,-,-,-,-,-,-,-,-,-,-,-,-,-,-,-,-,-,-,-,-,-,-,-,-,-,-,-,-,-,-,-,-,-,-,-,-,-,-,-,-,1146,249,877,20,1055,227,800,28,1187,230,935,22,-,1141,244,873,24,1271,275,948,48,-,1097,231,823,43,1154,257,866,31,986,212,736,38,-,1100,256,809,35,1189,295,851,43,1227,316,869,42,1099,281,776,42,1076,242,788,46,1143,271,819,53,1091,225,831,35,1119,244,845,30,1057,245,784,28,948,210,713,25,-,919,216,687,16,-
"합계","성동구",사망자수 (명),-,-,-,-,-,-,-,-,-,-,-,-,-,-,-,-,-,-,-,-,-,-,-,-,-,-,-,-,-,-,-,-,-,-,-,-,-,-,-,-,-,-,-,-,-,-,-,-,-,-,-,-,-,-,-,-,-,-,-,-,-,-,-,13,6,6,1,15,7,6,2,16,10,4,2,-,17,7,10,-,13,3,5,5,-,15,5,7,3,21,7,9,5,6,4,2,-,-,8,5,1,2,11,3,5,3,8,3,3,2,15,9,2,4,15,3,7,5,9,5,2,2,13,8,2,3,9,5,4,-,8,5,1,2,8,3,5,-,-,6,3,2,1,-
"합계","성동구",부상자수 (명),-,-,-,-,-,-,-,-,-,-,-,-,-,-,-,-,-,-,-,-,-,-,-,-,-,-,-,-,-,-,-,-,-,-,-,-,-,-,-,-,-,-,-,-,-,-,-,-,-,-,-,-,-,-,-,-,-,-,-,-,-,-,-,1596,253,1316,27,1556,233,1279,44,1675,236,1406,33,-,1616,243,1347,26,1745,284,1413,48,-,1528,234,1247,47,1603,260,1314,29,1400,222,1126,52,-,1458,268,1153,37,1712,315,1353,44,1725,335,1344,46,1541,283,1209,49,1501,253,1197,51,1561,280,1227,54,1439,227,1173,39,1481,250,1198,33,1362,250,1084,28,1222,215,976,31,-,1221,228,975,18,-
"합계","광진구",발생건수 (건),-,-,-,-,-,-,-,-,-,-,-,-,-,-,-,-,-,-,-,-,-,-,-,-,-,-,-,-,-,-,-,-,-,-,-,-,-,-,-,-,-,-,-,-,-,-,-,-,-,-,-,-,-,-,-,-,-,-,-,-,-,-,-,1564,344,1195,25,1600,314,1258,28,1675,396,1250,29,-,1648,355,1253,40,1656,379,1240,37,-,1540,359,1148,33,1430,354,1035,41,1494,378,1081,35,-,1303,332,933,38,1480,390,1034,56,1235,332,854,49,1045,295,708,42,1064,283,744,37,1108,266,810,32,973,260,682,31,869,190,649,30,922,207,693,22,708,167,528,13,-,717,186,517,14,-
"합계","광진구",사망자수 (명),-,-,-,-,-,-,-,-,-,-,-,-,-,-,-,-,-,-,-,-,-,-,-,-,-,-,-,-,-,-,-,-,-,-,-,-,-,-,-,-,-,-,-,-,-,-,-,-,-,-,-,-,-,-,-,-,-,-,-,-,-,-,-,21,11,9,1,11,6,4,1,17,9,6,2,-,17,8,7,2,26,8,15,3,-,17,8,4,5,23,16,4,3,17,8,8,1,-,10,3,6,1,12,7,3,2,17,7,8,2,9,4,2,3,16,5,8,3,10,6,3,1,3,3,-,-,4,3,1,-,4,2,1,1,9,6,3,-,-,4,2,2,-,-
"합계","광진구",부상자수 (명),-,-,-,-,-,-,-,-,-,-,-,-,-,-,-,-,-,-,-,-,-,-,-,-,-,-,-,-,-,-,-,-,-,-,-,-,-,-,-,-,-,-,-,-,-,-,-,-,-,-,-,-,-,-,-,-,-,-,-,-,-,-,-,2282,358,1897,27,2338,344,1959,35,2396,408,1942,46,-,2470,370,2039,61,2335,396,1893,46,-,2212,368,1807,37,2033,356,1628,49,2190,397,1751,42,-,1916,353,1516,47,2081,415,1605,61,1744,354,1339,51,1466,304,1115,47,1441,303,1098,40,1474,286,1154,34,1316,267,1015,34,1145,198,917,30,1216,210,984,22,966,174,777,15,-,899,186,698,15,-
"합계","동대문구",발생건수 (건),-,-,-,-,-,-,-,-,-,-,-,-,-,-,-,-,-,-,-,-,-,-,-,-,-,-,-,-,-,-,-,-,-,-,-,-,-,-,-,-,-,-,-,-,-,-,-,-,-,-,-,-,-,-,-,-,-,-,-,-,-,-,-,1700,415,1254,31,1748,427,1282,39,1757,447,1266,44,-,1678,435,1204,39,1983,514,1415,54,-,1834,488,1270,76,1777,474,1242,61,1881,500,1316,65,-,1970,533,1366,71,1848,492,1284,72,2085,577,1442,66,2051,584,1407,60,1718,518,1128,72,1699,492,1153,54,1565,424,1091,50,1448,331,1067,50,1390,311,1048,31,1534,415,1070,49,-,1674,385,1242,47,-
"합계","동대문구",사망자수 (명),-,-,-,-,-,-,-,-,-,-,-,-,-,-,-,-,-,-,-,-,-,-,-,-,-,-,-,-,-,-,-,-,-,-,-,-,-,-,-,-,-,-,-,-,-,-,-,-,-,-,-,-,-,-,-,-,-,-,-,-,-,-,-,21,13,8,-,25,12,11,2,27,11,13,3,-,41,25,14,2,27,20,7,-,-,25,18,5,2,13,5,6,2,20,11,7,2,-,16,10,5,1,27,17,6,4,16,8,7,1,14,8,5,1,25,14,7,4,14,9,5,-,15,6,7,2,10,5,3,2,17,11,5,1,12,2,4,6,-,10,5,3,2,-
"합계","동대문구",부상자수 (명),-,-,-,-,-,-,-,-,-,-,-,-,-,-,-,-,-,-,-,-,-,-,-,-,-,-,-,-,-,-,-,-,-,-,-,-,-,-,-,-,-,-,-,-,-,-,-,-,-,-,-,-,-,-,-,-,-,-,-,-,-,-,-,2489,416,2034,39,2415,441,1929,45,2436,455,1931,50,-,2377,433,1901,43,2615,528,2021,66,-,2484,503,1897,84,2431,503,1864,64,2511,519,1925,67,-,2524,560,1885,79,2407,504,1821,82,2731,605,2053,73,2629,603,1963,63,2139,521,1540,78,2160,504,1598,58,1988,446,1493,49,1845,345,1451,49,1656,305,1321,30,1843,435,1361,47,-,2039,399,1591,49,-
"합계","중랑구",발생건수 (건),-,-,-,-,-,-,-,-,-,-,-,-,-,-,-,-,-,-,-,-,-,-,-,-,-,-,-,-,-,-,-,-,-,-,-,-,-,-,-,-,-,-,-,-,-,-,-,-,-,-,-,-,-,-,-,-,-,-,-,-,-,-,-,1850,481,1328,41,1824,470,1321,33,2071,490,1538,43,-,2039,524,1448,67,2032,534,1433,65,-,2080,560,1457,63,1782,484,1235,63,1753,467,1220,66,-,1716,488,1162,66,1622,452,1091,79,1722,505,1146,71,1535,425,1071,39,1639,432,1157,50,1565,432,1075,58,1620,470,1088,62,1447,358,1032,57,1373,332,1000,41,1401,353,1006,42,-,1268,332,887,49,-
"합계","중랑구",사망자수 (명),-,-,-,-,-,-,-,-,-,-,-,-,-,-,-,-,-,-,-,-,-,-,-,-,-,-,-,-,-,-,-,-,-,-,-,-,-,-,-,-,-,-,-,-,-,-,-,-,-,-,-,-,-,-,-,-,-,-,-,-,-,-,-,11,2,6,3,14,9,3,2,20,11,7,2,-,17,8,5,4,15,9,6,-,-,17,7,9,1,12,8,3,1,11,8,3,-,-,9,5,3,1,11,4,7,-,16,5,6,5,9,8,-,1,6,3,2,1,10,8,2,-,12,7,4,1,4,4,-,-,7,6,-,1,10,6,3,1,-,7,2,5,-,-
"합계","중랑구",부상자수 (명),-,-,-,-,-,-,-,-,-,-,-,-,-,-,-,-,-,-,-,-,-,-,-,-,-,-,-,-,-,-,-,-,-,-,-,-,-,-,-,-,-,-,-,-,-,-,-,-,-,-,-,-,-,-,-,-,-,-,-,-,-,-,-,2739,514,2178,47,2617,491,2090,36,3022,505,2467,50,-,2783,549,2162,72,2825,551,2203,71,-,2841,578,2190,73,2386,506,1802,78,2401,499,1828,74,-,2369,508,1790,71,2180,479,1608,93,2269,526,1670,73,2030,453,1537,40,2228,449,1729,50,2135,452,1619,64,2122,486,1568,68,1952,371,1510,71,1826,349,1432,45,1890,362,1484,44,-,1704,359,1292,53,-
"합계","성북구",발생건수 (건),-,-,-,-,-,-,-,-,-,-,-,-,-,-,-,-,-,-,-,-,-,-,-,-,-,-,-,-,-,-,-,-,-,-,-,-,-,-,-,-,-,-,-,-,-,-,-,-,-,-,-,-,-,-,-,-,-,-,-,-,-,-,-,1550,426,1098,26,1564,422,1119,23,1391,393,977,21,-,1781,468,1276,37,1905,508,1329,68,-,1611,504,1070,37,1569,471,1040,58,1572,468,1040,64,-,1536,448,1025,63,1664,464,1136,64,1680,503,1119,58,1618,482,1074,62,1557,413,1074,70,1427,390,975,62,1509,406,1038,65,1275,340,898,37,1285,295,948,42,1288,297,946,45,-,1256,302,898,56,-
"합계","성북구",사망자수 (명),-,-,-,-,-,-,-,-,-,-,-,-,-,-,-,-,-,-,-,-,-,-,-,-,-,-,-,-,-,-,-,-,-,-,-,-,-,-,-,-,-,-,-,-,-,-,-,-,-,-,-,-,-,-,-,-,-,-,-,-,-,-,-,19,11,5,3,24,14,7,3,9,6,1,2,-,19,13,4,2,15,8,6,1,-,10,8,2,-,22,14,5,3,11,8,2,1,-,9,8,-,1,17,9,6,2,19,9,6,4,13,7,3,3,17,10,4,3,14,9,3,2,8,4,1,3,7,3,3,1,15,4,8,3,8,3,4,1,-,8,5,3,-,-
"합계","성북구",부상자수 (명),-,-,-,-,-,-,-,-,-,-,-,-,-,-,-,-,-,-,-,-,-,-,-,-,-,-,-,-,-,-,-,-,-,-,-,-,-,-,-,-,-,-,-,-,-,-,-,-,-,-,-,-,-,-,-,-,-,-,-,-,-,-,-,2251,458,1769,24,2248,454,1764,30,1943,420,1493,30,-,2506,485,1982,39,2617,529,2013,75,-,2197,518,1637,42,2103,485,1554,64,2055,491,1489,75,-,2149,465,1606,78,2227,505,1655,67,2286,521,1705,60,2106,500,1539,67,2068,413,1568,87,1980,403,1503,74,2007,419,1510,78,1622,352,1231,39,1606,304,1256,46,1626,304,1276,46,-,1581,309,1212,60,-
"합계","강북구",발생건수 (건),-,-,-,-,-,-,-,-,-,-,-,-,-,-,-,-,-,-,-,-,-,-,-,-,-,-,-,-,-,-,-,-,-,-,-,-,-,-,-,-,-,-,-,-,-,-,-,-,-,-,-,-,-,-,-,-,-,-,-,-,-,-,-,1136,363,753,20,1258,393,839,26,1263,384,845,34,-,1373,403,916,54,1392,439,914,39,-,1293,446,813,34,1174,362,784,28,1212,379,784,49,-,1107,399,678,30,1313,423,842,48,1265,429,787,49,1227,398,784,45,1202,431,732,39,1216,396,778,42,1277,398,827,52,1087,272,776,39,1017,259,730,28,1044,321,676,47,-,972,286,645,41,-
"합계","강북구",사망자수 (명),-,-,-,-,-,-,-,-,-,-,-,-,-,-,-,-,-,-,-,-,-,-,-,-,-,-,-,-,-,-,-,-,-,-,-,-,-,-,-,-,-,-,-,-,-,-,-,-,-,-,-,-,-,-,-,-,-,-,-,-,-,-,-,18,10,6,2,7,4,3,-,11,8,3,-,-,12,7,4,1,20,5,14,1,-,16,11,4,1,7,3,3,1,9,5,2,2,-,10,7,2,1,12,8,4,-,16,10,6,-,15,8,5,2,9,5,4,-,13,9,2,2,7,2,5,-,3,1,2,-,6,5,1,-,6,6,-,-,-,5,4,1,-,-
"합계","강북구",부상자수 (명),-,-,-,-,-,-,-,-,-,-,-,-,-,-,-,-,-,-,-,-,-,-,-,-,-,-,-,-,-,-,-,-,-,-,-,-,-,-,-,-,-,-,-,-,-,-,-,-,-,-,-,-,-,-,-,-,-,-,-,-,-,-,-,1606,386,1199,21,1777,415,1334,28,1792,412,1342,38,-,1887,421,1407,59,1949,466,1439,44,-,1780,474,1268,38,1648,392,1224,32,1680,397,1227,56,-,1525,417,1072,36,1773,437,1284,52,1684,456,1172,56,1678,419,1208,51,1567,454,1070,43,1633,408,1182,43,1706,416,1237,53,1420,290,1085,45,1302,269,1000,33,1266,328,888,50,-,1217,296,879,42,-
"합계","도봉구",발생건수 (건),-,-,-,-,-,-,-,-,-,-,-,-,-,-,-,-,-,-,-,-,-,-,-,-,-,-,-,-,-,-,-,-,-,-,-,-,-,-,-,-,-,-,-,-,-,-,-,-,-,-,-,-,-,-,-,-,-,-,-,-,-,-,-,928,267,652,9,856,218,620,18,796,239,540,17,-,1036,323,688,25,988,281,685,22,-,975,289,665,21,933,293,614,26,983,324,634,25,-,934,290,619,25,919,312,582,25,914,270,602,42,949,298,621,30,944,309,593,42,824,282,504,38,852,263,554,35,741,224,490,27,591,167,395,29,522,159,343,20,-,530,134,363,33,-
"합계","도봉구",사망자수 (명),-,-,-,-,-,-,-,-,-,-,-,-,-,-,-,-,-,-,-,-,-,-,-,-,-,-,-,-,-,-,-,-,-,-,-,-,-,-,-,-,-,-,-,-,-,-,-,-,-,-,-,-,-,-,-,-,-,-,-,-,-,-,-,8,3,5,-,9,6,1,2,11,2,8,1,-,17,12,4,1,17,10,6,1,-,11,5,5,1,15,7,5,3,16,10,5,1,-,8,5,3,-,14,11,3,-,8,6,1,1,11,9,2,-,9,3,5,1,6,5,1,-,4,2,-,2,7,4,3,-,3,1,2,-,2,2,-,-,-,7,4,2,1,-
"합계","도봉구",부상자수 (명),-,-,-,-,-,-,-,-,-,-,-,-,-,-,-,-,-,-,-,-,-,-,-,-,-,-,-,-,-,-,-,-,-,-,-,-,-,-,-,-,-,-,-,-,-,-,-,-,-,-,-,-,-,-,-,-,-,-,-,-,-,-,-,1409,278,1118,13,1372,236,1115,21,1191,263,910,18,-,1467,333,1106,28,1405,299,1083,23,-,1362,300,1038,24,1279,300,955,24,1294,327,939,28,-,1259,300,929,30,1205,315,861,29,1255,274,924,57,1306,306,966,34,1239,318,879,42,1061,291,729,41,1163,283,844,36,990,230,730,30,768,181,554,33,705,176,508,21,-,685,137,514,34,-
"합계","노원구",발생건수 (건),-,-,-,-,-,-,-,-,-,-,-,-,-,-,-,-,-,-,-,-,-,-,-,-,-,-,-,-,-,-,-,-,-,-,-,-,-,-,-,-,-,-,-,-,-,-,-,-,-,-,-,-,-,-,-,-,-,-,-,-,-,-,-,1722,388,1303,31,1583,341,1206,36,1707,390,1286,31,-,1742,455,1244,43,1829,472,1311,45,1,1683,443,1197,43,1529,436,1061,32,1623,420,1164,39,-,1522,397,1087,38,1516,412,1062,42,1459,399,1008,52,1535,387,1097,51,1499,376,1075,48,1569,383,1138,48,1703,415,1254,34,1462,286,1142,34,1413,280,1078,55,1384,310,1030,44,-,1366,269,1065,32,-
"합계","노원구",사망자수 (명),-,-,-,-,-,-,-,-,-,-,-,-,-,-,-,-,-,-,-,-,-,-,-,-,-,-,-,-,-,-,-,-,-,-,-,-,-,-,-,-,-,-,-,-,-,-,-,-,-,-,-,-,-,-,-,-,-,-,-,-,-,-,-,20,8,11,1,16,4,7,5,26,9,14,3,-,22,10,8,4,21,11,10,-,-,25,11,9,5,14,8,5,1,13,10,3,-,-,13,5,4,4,17,9,6,2,15,5,6,4,13,6,6,1,11,5,4,2,14,9,3,2,8,6,2,-,5,3,2,-,8,2,-,6,6,2,2,2,-,9,5,3,1,-
"합계","노원구",부상자수 (명),-,-,-,-,-,-,-,-,-,-,-,-,-,-,-,-,-,-,-,-,-,-,-,-,-,-,-,-,-,-,-,-,-,-,-,-,-,-,-,-,-,-,-,-,-,-,-,-,-,-,-,-,-,-,-,-,-,-,-,-,-,-,-,2638,412,2173,53,2447,363,2044,40,2380,407,1941,32,-,2476,460,1972,44,2602,484,2058,58,2,2434,462,1922,50,2231,460,1738,33,2330,439,1843,48,-,2175,405,1725,45,2038,431,1560,47,2098,414,1616,68,2216,412,1745,59,2055,399,1594,62,2227,402,1771,54,2302,437,1823,42,2016,298,1676,42,1940,298,1588,54,1913,324,1536,53,-,1869,278,1552,39,-
"합계","은평구",발생건수 (건),-,-,-,-,-,-,-,-,-,-,-,-,-,-,-,-,-,-,-,-,-,-,-,-,-,-,-,-,-,-,-,-,-,-,-,-,-,-,-,-,-,-,-,-,-,-,-,-,-,-,-,-,-,-,-,-,-,-,-,-,-,-,-,1373,402,941,30,1391,417,955,19,1315,405,891,19,-,1596,514,1055,27,1739,494,1180,65,-,1514,487,974,53,1509,530,921,58,1519,521,946,52,-,1270,463,762,45,1325,445,842,38,1203,391,784,28,1121,394,685,42,1067,416,611,40,1134,367,721,46,1119,361,703,55,953,275,644,34,867,250,583,34,918,272,615,31,-,1039,320,670,49,-
"합계","은평구",사망자수 (명),-,-,-,-,-,-,-,-,-,-,-,-,-,-,-,-,-,-,-,-,-,-,-,-,-,-,-,-,-,-,-,-,-,-,-,-,-,-,-,-,-,-,-,-,-,-,-,-,-,-,-,-,-,-,-,-,-,-,-,-,-,-,-,11,8,2,1,18,5,11,2,16,7,7,2,-,16,14,2,-,15,9,2,4,-,16,9,5,2,20,16,2,2,21,13,4,4,-,10,5,4,1,11,6,5,-,16,12,4,-,14,8,4,2,12,7,5,-,12,7,4,1,7,3,4,-,14,10,3,1,11,2,5,4,9,3,3,3,-,7,6,1,-,-
"합계","은평구",부상자수 (명),-,-,-,-,-,-,-,-,-,-,-,-,-,-,-,-,-,-,-,-,-,-,-,-,-,-,-,-,-,-,-,-,-,-,-,-,-,-,-,-,-,-,-,-,-,-,-,-,-,-,-,-,-,-,-,-,-,-,-,-,-,-,-,1950,426,1492,32,1964,441,1503,20,1847,425,1397,25,-,2160,530,1599,31,2379,517,1784,78,-,2120,510,1544,66,2058,549,1444,65,2197,553,1591,53,-,1716,484,1184,48,1889,468,1378,43,1673,403,1237,33,1518,415,1047,56,1489,439,1005,45,1580,373,1147,60,1464,380,1024,60,1415,278,1092,45,1218,259,917,42,1256,280,948,28,-,1353,334,969,50,-
"합계","서대문구",발생건수 (건),-,-,-,-,-,-,-,-,-,-,-,-,-,-,-,-,-,-,-,-,-,-,-,-,-,-,-,-,-,-,-,-,-,-,-,-,-,-,-,-,-,-,-,-,-,-,-,-,-,-,-,-,-,-,-,-,-,-,-,-,-,-,-,1049,272,753,24,935,266,647,22,1031,294,716,21,-,1081,318,726,37,1231,339,854,38,-,1141,335,766,40,1061,341,679,41,1041,301,702,38,-,1081,323,702,56,1122,364,705,53,1071,356,658,57,1135,314,767,54,1032,310,674,48,1033,325,659,49,1113,326,736,51,928,207,686,35,930,216,665,49,974,255,658,61,-,916,223,641,52,-
"합계","서대문구",사망자수 (명),-,-,-,-,-,-,-,-,-,-,-,-,-,-,-,-,-,-,-,-,-,-,-,-,-,-,-,-,-,-,-,-,-,-,-,-,-,-,-,-,-,-,-,-,-,-,-,-,-,-,-,-,-,-,-,-,-,-,-,-,-,-,-,16,12,4,-,10,6,3,1,13,10,2,1,-,14,10,3,1,26,13,13,-,-,15,10,3,2,14,10,2,2,13,4,7,2,-,14,10,1,3,16,9,6,1,13,8,3,2,14,11,3,-,8,5,3,-,5,4,1,-,14,8,4,2,6,6,-,-,9,3,4,2,5,3,2,-,-,4,1,2,1,-
"합계","서대문구",부상자수 (명),-,-,-,-,-,-,-,-,-,-,-,-,-,-,-,-,-,-,-,-,-,-,-,-,-,-,-,-,-,-,-,-,-,-,-,-,-,-,-,-,-,-,-,-,-,-,-,-,-,-,-,-,-,-,-,-,-,-,-,-,-,-,-,1589,273,1284,32,1345,275,1041,29,1513,295,1196,22,-,1530,327,1166,37,1811,355,1415,41,-,1719,355,1314,50,1496,358,1094,44,1645,325,1274,46,-,1578,333,1178,67,1590,372,1158,60,1492,377,1052,63,1566,322,1182,62,1430,334,1044,52,1403,344,998,61,1609,334,1220,55,1256,216,1002,38,1206,232,921,53,1303,260,979,64,-,1220,230,933,57,-
"합계","마포구",발생건수 (건),-,-,-,-,-,-,-,-,-,-,-,-,-,-,-,-,-,-,-,-,-,-,-,-,-,-,-,-,-,-,-,-,-,-,-,-,-,-,-,-,-,-,-,-,-,-,-,-,-,-,-,-,-,-,-,-,-,-,-,-,-,-,-,1552,309,1217,26,1589,311,1244,34,1439,304,1085,50,-,1673,367,1269,37,1658,400,1207,51,-,1726,401,1270,55,1623,389,1174,60,1561,376,1133,52,-,1747,434,1241,72,1759,451,1260,48,1802,472,1263,67,1768,437,1274,57,1859,462,1340,57,1671,397,1220,54,1494,360,1094,40,1272,265,974,33,1102,228,854,20,1065,238,809,18,-,1250,272,959,19,-
"합계","마포구",사망자수 (명),-,-,-,-,-,-,-,-,-,-,-,-,-,-,-,-,-,-,-,-,-,-,-,-,-,-,-,-,-,-,-,-,-,-,-,-,-,-,-,-,-,-,-,-,-,-,-,-,-,-,-,-,-,-,-,-,-,-,-,-,-,-,-,27,10,15,2,22,8,13,1,24,8,9,7,-,12,7,4,1,29,12,14,3,-,22,9,9,4,23,13,6,4,23,9,12,2,-,23,14,7,2,20,11,6,3,17,7,7,3,15,8,5,2,8,7,1,-,11,4,4,3,7,4,2,1,13,6,4,3,14,6,8,-,10,7,2,1,-,14,6,6,2,-
"합계","마포구",부상자수 (명),-,-,-,-,-,-,-,-,-,-,-,-,-,-,-,-,-,-,-,-,-,-,-,-,-,-,-,-,-,-,-,-,-,-,-,-,-,-,-,-,-,-,-,-,-,-,-,-,-,-,-,-,-,-,-,-,-,-,-,-,-,-,-,2517,332,2158,27,2429,334,2058,37,2241,326,1859,56,-,2544,390,2109,45,2526,428,2042,56,-,2697,422,2211,64,2530,402,2055,73,2363,402,1888,73,-,2732,453,2191,88,2633,477,2090,66,2730,504,2151,75,2605,455,2081,69,2793,489,2235,69,2429,416,1958,55,2123,381,1695,47,1754,278,1442,34,1573,234,1318,21,1483,247,1218,18,-,1715,286,1412,17,-
"합계","양천구",발생건수 (건),-,-,-,-,-,-,-,-,-,-,-,-,-,-,-,-,-,-,-,-,-,-,-,-,-,-,-,-,-,-,-,-,-,-,-,-,-,-,-,-,-,-,-,-,-,-,-,-,-,-,-,-,-,-,-,-,-,-,-,-,-,-,-,1304,328,947,29,1273,282,964,27,1185,323,846,16,-,1533,432,1071,30,1732,385,1315,32,-,1463,355,1073,35,1444,347,1049,48,1418,391,980,47,-,1340,379,910,51,1466,398,1009,59,1596,468,1079,49,1493,405,1046,42,1343,370,936,37,1428,366,1015,47,1506,373,1097,36,1344,281,1027,36,1305,284,992,29,1165,260,877,28,-,1221,284,901,36,-
"합계","양천구",사망자수 (명),-,-,-,-,-,-,-,-,-,-,-,-,-,-,-,-,-,-,-,-,-,-,-,-,-,-,-,-,-,-,-,-,-,-,-,-,-,-,-,-,-,-,-,-,-,-,-,-,-,-,-,-,-,-,-,-,-,-,-,-,-,-,-,16,3,9,4,14,8,6,-,16,8,6,2,-,21,11,3,7,18,5,11,2,-,12,6,4,2,14,5,6,3,14,8,5,1,-,14,4,8,2,13,7,4,2,14,5,3,6,12,6,4,2,13,8,3,2,11,5,4,2,11,7,3,1,7,4,2,1,14,7,6,1,8,7,1,-,-,5,1,3,1,-
"합계","양천구",부상자수 (명),-,-,-,-,-,-,-,-,-,-,-,-,-,-,-,-,-,-,-,-,-,-,-,-,-,-,-,-,-,-,-,-,-,-,-,-,-,-,-,-,-,-,-,-,-,-,-,-,-,-,-,-,-,-,-,-,-,-,-,-,-,-,-,1849,344,1470,35,1878,287,1555,36,1737,332,1378,27,-,2122,441,1653,28,2413,397,1981,35,-,2070,371,1665,34,2006,366,1586,54,2036,399,1587,50,-,1905,410,1433,62,2000,414,1516,70,2231,490,1687,54,2056,414,1595,47,1789,375,1372,42,1939,383,1508,48,2085,384,1662,39,1829,290,1503,36,1692,289,1374,29,1529,262,1239,28,-,1624,293,1295,36,-
"합계","강서구",발생건수 (건),-,-,-,-,-,-,-,-,-,-,-,-,-,-,-,-,-,-,-,-,-,-,-,-,-,-,-,-,-,-,-,-,-,-,-,-,-,-,-,-,-,-,-,-,-,-,-,-,-,-,-,-,-,-,-,-,-,-,-,-,-,-,-,1794,466,1286,42,1687,413,1218,56,1769,472,1251,46,-,2056,541,1447,68,1994,535,1402,57,-,1872,554,1255,63,1885,553,1262,70,1767,495,1191,81,-,1715,506,1118,91,1806,505,1229,72,1932,531,1329,72,1691,471,1139,81,1584,402,1125,57,1502,387,1052,63,1829,469,1298,62,1575,346,1179,50,1501,340,1121,40,1606,386,1178,42,-,1518,330,1153,35,-
"합계","강서구",사망자수 (명),-,-,-,-,-,-,-,-,-,-,-,-,-,-,-,-,-,-,-,-,-,-,-,-,-,-,-,-,-,-,-,-,-,-,-,-,-,-,-,-,-,-,-,-,-,-,-,-,-,-,-,-,-,-,-,-,-,-,-,-,-,-,-,19,8,6,5,24,12,11,1,19,11,7,1,-,22,8,13,1,15,7,5,3,-,21,11,6,4,16,5,6,5,25,14,4,7,-,26,15,9,2,32,15,15,2,12,7,4,1,13,6,6,1,12,6,5,1,11,5,6,-,20,13,7,-,17,8,9,-,13,7,6,-,15,9,4,2,-,9,4,4,1,-
"합계","강서구",부상자수 (명),-,-,-,-,-,-,-,-,-,-,-,-,-,-,-,-,-,-,-,-,-,-,-,-,-,-,-,-,-,-,-,-,-,-,-,-,-,-,-,-,-,-,-,-,-,-,-,-,-,-,-,-,-,-,-,-,-,-,-,-,-,-,-,2725,485,2180,60,2437,426,1941,70,2484,495,1940,49,-,2811,565,2171,75,2867,567,2233,67,-,2594,586,1939,69,2740,570,2093,77,2573,512,1976,85,-,2517,523,1861,133,2614,516,2010,88,2762,549,2130,83,2230,489,1638,103,2155,417,1676,62,2208,413,1713,82,2491,482,1926,83,2131,355,1717,59,2042,356,1639,47,2108,405,1656,47,-,2112,339,1739,34,-
"합계","구로구",발생건수 (건),-,-,-,-,-,-,-,-,-,-,-,-,-,-,-,-,-,-,-,-,-,-,-,-,-,-,-,-,-,-,-,-,-,-,-,-,-,-,-,-,-,-,-,-,-,-,-,-,-,-,-,-,-,-,-,-,-,-,-,-,-,-,-,1387,344,1012,31,1396,311,1045,40,1479,314,1126,39,-,1577,419,1106,52,1583,434,1096,53,-,1568,412,1108,48,1542,415,1065,62,1582,451,1072,59,-,1415,406,954,55,1566,452,1066,48,1508,438,1019,51,1511,435,1030,46,1433,370,1015,48,1532,376,1089,67,1529,408,1074,47,1325,296,973,56,1350,274,1042,34,1274,291,935,48,-,1359,338,988,33,-
"합계","구로구",사망자수 (명),-,-,-,-,-,-,-,-,-,-,-,-,-,-,-,-,-,-,-,-,-,-,-,-,-,-,-,-,-,-,-,-,-,-,-,-,-,-,-,-,-,-,-,-,-,-,-,-,-,-,-,-,-,-,-,-,-,-,-,-,-,-,-,24,12,9,3,22,10,11,1,13,9,3,1,-,22,12,8,2,15,8,5,2,-,14,5,8,1,15,9,3,3,21,10,8,3,-,19,11,7,1,19,12,7,-,19,14,4,1,9,5,4,-,12,9,3,-,13,10,1,2,13,8,4,1,10,2,5,3,9,2,4,3,12,3,5,4,-,5,1,3,1,-
"합계","구로구",부상자수 (명),-,-,-,-,-,-,-,-,-,-,-,-,-,-,-,-,-,-,-,-,-,-,-,-,-,-,-,-,-,-,-,-,-,-,-,-,-,-,-,-,-,-,-,-,-,-,-,-,-,-,-,-,-,-,-,-,-,-,-,-,-,-,-,2196,361,1796,39,2163,320,1791,52,2322,328,1949,45,-,2348,442,1840,66,2364,462,1837,65,-,2270,429,1784,57,2226,433,1718,75,2366,484,1815,67,-,2165,453,1646,66,2205,485,1660,60,2127,460,1614,53,2139,460,1624,55,1960,390,1515,55,2129,390,1661,78,2096,421,1623,52,1810,313,1438,59,1729,287,1404,38,1691,303,1338,50,-,1840,349,1456,35,-
"합계","금천구",발생건수 (건),-,-,-,-,-,-,-,-,-,-,-,-,-,-,-,-,-,-,-,-,-,-,-,-,-,-,-,-,-,-,-,-,-,-,-,-,-,-,-,-,-,-,-,-,-,-,-,-,-,-,-,-,-,-,-,-,-,-,-,-,-,-,-,802,195,586,21,871,250,609,12,864,222,623,19,-,961,264,673,24,1081,286,758,37,-,1123,327,761,35,1125,339,744,42,1017,272,703,42,-,939,253,660,26,1029,291,700,38,914,266,611,37,799,251,525,23,824,250,550,24,932,266,629,37,920,259,626,35,810,197,563,50,827,173,616,38,844,208,603,33,-,876,225,599,52,-
"합계","금천구",사망자수 (명),-,-,-,-,-,-,-,-,-,-,-,-,-,-,-,-,-,-,-,-,-,-,-,-,-,-,-,-,-,-,-,-,-,-,-,-,-,-,-,-,-,-,-,-,-,-,-,-,-,-,-,-,-,-,-,-,-,-,-,-,-,-,-,15,5,8,2,10,4,6,-,14,6,6,2,-,14,10,4,-,21,15,6,-,-,12,6,6,-,10,7,2,1,21,12,6,3,-,10,8,1,1,13,6,7,-,10,8,1,1,15,9,6,-,6,4,1,1,6,5,-,1,9,5,2,2,6,3,2,1,16,6,10,-,9,5,3,1,-,7,3,2,2,-
"합계","금천구",부상자수 (명),-,-,-,-,-,-,-,-,-,-,-,-,-,-,-,-,-,-,-,-,-,-,-,-,-,-,-,-,-,-,-,-,-,-,-,-,-,-,-,-,-,-,-,-,-,-,-,-,-,-,-,-,-,-,-,-,-,-,-,-,-,-,-,1298,198,1073,27,1375,258,1099,18,1304,237,1045,22,-,1405,277,1099,29,1649,299,1309,41,-,1702,346,1316,40,1649,355,1244,50,1540,281,1213,46,-,1419,260,1130,29,1535,305,1188,42,1374,292,1041,41,1133,260,846,27,1228,266,938,24,1326,286,999,41,1353,270,1046,37,1084,218,809,57,1167,176,950,41,1152,208,908,36,-,1232,241,939,52,-
"합계","영등포구",발생건수 (건),-,-,-,-,-,-,-,-,-,-,-,-,-,-,-,-,-,-,-,-,-,-,-,-,-,-,-,-,-,-,-,-,-,-,-,-,-,-,-,-,-,-,-,-,-,-,-,-,-,-,-,-,-,-,-,-,-,-,-,-,-,-,-,2186,464,1656,66,2166,453,1639,74,2197,487,1659,51,-,2211,473,1660,78,2336,527,1709,100,-,2253,519,1650,84,2310,593,1628,89,2179,553,1534,92,-,2157,577,1497,83,2193,539,1579,75,2462,562,1798,102,2403,531,1777,95,2386,560,1730,96,2493,563,1877,53,2439,565,1815,59,2208,371,1786,51,2178,340,1790,48,1998,384,1545,69,-,1900,385,1442,73,-
"합계","영등포구",사망자수 (명),-,-,-,-,-,-,-,-,-,-,-,-,-,-,-,-,-,-,-,-,-,-,-,-,-,-,-,-,-,-,-,-,-,-,-,-,-,-,-,-,-,-,-,-,-,-,-,-,-,-,-,-,-,-,-,-,-,-,-,-,-,-,-,32,20,10,2,28,16,11,1,35,22,11,2,-,36,20,14,2,33,15,11,7,-,30,17,11,2,28,16,8,4,32,19,9,4,-,29,18,9,2,26,18,8,-,28,19,9,-,22,8,12,2,22,13,6,3,22,12,9,1,11,5,3,3,7,3,2,2,15,9,6,-,20,6,8,6,-,7,3,2,2,-
"합계","영등포구",부상자수 (명),-,-,-,-,-,-,-,-,-,-,-,-,-,-,-,-,-,-,-,-,-,-,-,-,-,-,-,-,-,-,-,-,-,-,-,-,-,-,-,-,-,-,-,-,-,-,-,-,-,-,-,-,-,-,-,-,-,-,-,-,-,-,-,3281,464,2742,75,3203,464,2651,88,3262,503,2696,63,-,3309,491,2727,91,3448,562,2766,120,-,3348,538,2700,110,3326,610,2608,108,3206,578,2511,117,-,3128,597,2426,105,3128,552,2486,90,3564,579,2831,154,3473,559,2760,154,3519,579,2794,146,3532,599,2875,58,3451,598,2780,73,3102,391,2653,58,2967,352,2564,51,2707,395,2238,74,-,2619,400,2137,82,-
"합계","동작구",발생건수 (건),-,-,-,-,-,-,-,-,-,-,-,-,-,-,-,-,-,-,-,-,-,-,-,-,-,-,-,-,-,-,-,-,-,-,-,-,-,-,-,-,-,-,-,-,-,-,-,-,-,-,-,-,-,-,-,-,-,-,-,-,-,-,-,1193,308,856,29,1051,261,759,31,1086,253,800,33,-,969,252,676,41,1233,329,850,54,-,1131,303,773,55,1192,365,791,36,1258,355,857,46,-,1233,343,844,46,1399,405,918,76,1386,393,935,58,1471,456,960,55,1409,388,972,49,1412,427,933,52,1406,399,961,46,1307,308,936,63,1148,285,829,34,1217,302,862,53,-,1242,324,870,48,-
"합계","동작구",사망자수 (명),-,-,-,-,-,-,-,-,-,-,-,-,-,-,-,-,-,-,-,-,-,-,-,-,-,-,-,-,-,-,-,-,-,-,-,-,-,-,-,-,-,-,-,-,-,-,-,-,-,-,-,-,-,-,-,-,-,-,-,-,-,-,-,12,5,4,3,23,12,7,4,16,9,4,3,-,10,5,3,2,16,7,4,5,-,13,6,3,4,13,8,5,-,14,6,6,2,-,11,9,1,1,13,8,3,2,7,1,4,2,19,7,11,1,20,11,7,2,9,9,-,-,5,2,2,1,10,8,2,-,11,8,3,-,7,5,1,1,-,6,5,1,-,-
"합계","동작구",부상자수 (명),-,-,-,-,-,-,-,-,-,-,-,-,-,-,-,-,-,-,-,-,-,-,-,-,-,-,-,-,-,-,-,-,-,-,-,-,-,-,-,-,-,-,-,-,-,-,-,-,-,-,-,-,-,-,-,-,-,-,-,-,-,-,-,1790,326,1415,49,1621,271,1315,35,1645,257,1357,31,-,1436,260,1126,50,1801,342,1398,61,-,1594,311,1216,67,1676,374,1256,46,1707,362,1296,49,-,1848,371,1407,70,1901,427,1390,84,1994,415,1498,81,2028,473,1497,58,2043,409,1581,53,1892,445,1393,54,2021,437,1533,51,1819,318,1435,66,1520,291,1194,35,1651,309,1285,57,-,1668,341,1278,49,-
"합계","관악구",발생건수 (건),-,-,-,-,-,-,-,-,-,-,-,-,-,-,-,-,-,-,-,-,-,-,-,-,-,-,-,-,-,-,-,-,-,-,-,-,-,-,-,-,-,-,-,-,-,-,-,-,-,-,-,-,-,-,-,-,-,-,-,-,-,-,-,1644,448,1149,47,1669,452,1181,36,1844,502,1297,45,-,1944,540,1337,67,1979,571,1342,66,-,1851,557,1238,56,1737,503,1170,64,1713,520,1131,62,-,1753,537,1151,65,1716,515,1125,76,1625,513,1057,55,1408,425,932,51,1251,368,851,32,1300,354,904,42,1363,352,964,47,1444,329,1087,28,1419,315,1064,40,1172,283,851,38,-,980,286,671,23,-
"합계","관악구",사망자수 (명),-,-,-,-,-,-,-,-,-,-,-,-,-,-,-,-,-,-,-,-,-,-,-,-,-,-,-,-,-,-,-,-,-,-,-,-,-,-,-,-,-,-,-,-,-,-,-,-,-,-,-,-,-,-,-,-,-,-,-,-,-,-,-,25,15,8,2,12,2,7,3,18,9,6,3,-,13,8,2,3,14,7,6,1,-,16,11,2,3,17,10,4,3,20,10,6,4,-,20,13,7,-,22,9,10,3,12,9,3,-,19,13,5,1,11,10,1,-,8,7,-,1,10,6,4,-,13,7,4,2,8,5,3,-,9,7,2,-,-,10,4,6,-,-
"합계","관악구",부상자수 (명),-,-,-,-,-,-,-,-,-,-,-,-,-,-,-,-,-,-,-,-,-,-,-,-,-,-,-,-,-,-,-,-,-,-,-,-,-,-,-,-,-,-,-,-,-,-,-,-,-,-,-,-,-,-,-,-,-,-,-,-,-,-,-,2349,464,1827,58,2376,478,1860,38,2597,527,2011,59,-,2710,567,2066,77,2778,603,2097,78,-,2632,579,1991,62,2396,524,1800,72,2299,528,1707,64,-,2482,548,1854,80,2317,540,1689,88,2135,543,1529,63,1895,447,1366,82,1659,381,1242,36,1717,370,1298,49,1755,361,1343,51,1819,339,1452,28,1829,329,1451,49,1535,297,1195,43,-,1252,305,924,23,-
"합계","서초구",발생건수 (건),-,-,-,-,-,-,-,-,-,-,-,-,-,-,-,-,-,-,-,-,-,-,-,-,-,-,-,-,-,-,-,-,-,-,-,-,-,-,-,-,-,-,-,-,-,-,-,-,-,-,-,-,-,-,-,-,-,-,-,-,-,-,-,1571,266,1273,32,1625,278,1291,56,1784,307,1418,59,-,1985,354,1569,62,2228,404,1760,64,-,2152,447,1630,75,2048,470,1509,69,2090,516,1500,74,-,2055,468,1525,62,2217,556,1587,74,2160,496,1595,69,2313,461,1774,78,2361,556,1751,54,2478,524,1905,49,2418,461,1892,65,2250,393,1813,44,2118,375,1694,49,2264,431,1791,42,-,2168,366,1745,57,-
"합계","서초구",사망자수 (명),-,-,-,-,-,-,-,-,-,-,-,-,-,-,-,-,-,-,-,-,-,-,-,-,-,-,-,-,-,-,-,-,-,-,-,-,-,-,-,-,-,-,-,-,-,-,-,-,-,-,-,-,-,-,-,-,-,-,-,-,-,-,-,26,9,12,5,23,8,8,7,21,9,8,4,-,17,5,11,1,24,11,8,5,-,20,15,3,2,17,8,6,3,25,13,8,4,-,19,8,10,1,13,5,4,4,20,11,6,3,16,9,6,1,21,12,7,2,18,9,8,1,14,9,5,-,9,5,4,-,8,5,3,-,8,4,3,1,-,7,3,4,-,-
"합계","서초구",부상자수 (명),-,-,-,-,-,-,-,-,-,-,-,-,-,-,-,-,-,-,-,-,-,-,-,-,-,-,-,-,-,-,-,-,-,-,-,-,-,-,-,-,-,-,-,-,-,-,-,-,-,-,-,-,-,-,-,-,-,-,-,-,-,-,-,2501,269,2196,36,2580,285,2235,60,2871,318,2473,80,-,3312,368,2868,76,3570,443,3049,78,-,3372,468,2822,82,3189,479,2608,102,3214,524,2609,81,-,3304,488,2738,78,3446,574,2787,85,3358,508,2770,80,3473,474,2907,92,3548,570,2917,61,3640,539,3043,58,3530,468,2986,76,3075,412,2616,47,2932,384,2495,53,3391,447,2892,52,-,3319,379,2876,64,-
"합계","강남구",발생건수 (건),-,-,-,-,-,-,-,-,-,-,-,-,-,-,-,-,-,-,-,-,-,-,-,-,-,-,-,-,-,-,-,-,-,-,-,-,-,-,-,-,-,-,-,-,-,-,-,-,-,-,-,-,-,-,-,-,-,-,-,-,-,-,-,3126,544,2546,36,3321,581,2704,36,3311,632,2636,43,-,3131,663,2431,37,3723,781,2857,85,-,3551,740,2745,66,3562,807,2669,86,3843,876,2867,100,-,3610,821,2706,83,3624,876,2639,109,3970,918,2962,90,3828,876,2883,69,3469,810,2590,69,3459,749,2639,71,3722,825,2832,65,3752,721,2964,67,3820,659,3103,58,3709,771,2879,59,-,3926,801,3057,68,-
"합계","강남구",사망자수 (명),-,-,-,-,-,-,-,-,-,-,-,-,-,-,-,-,-,-,-,-,-,-,-,-,-,-,-,-,-,-,-,-,-,-,-,-,-,-,-,-,-,-,-,-,-,-,-,-,-,-,-,-,-,-,-,-,-,-,-,-,-,-,-,28,13,12,3,37,15,15,7,30,12,15,3,-,25,12,12,1,27,14,9,4,-,31,12,11,8,36,17,14,5,25,15,8,2,-,31,16,13,2,17,14,3,-,20,10,6,4,12,3,8,1,19,7,11,1,20,9,10,1,14,7,6,1,17,8,7,2,10,6,2,2,16,7,9,-,-,7,5,2,-,-
"합계","강남구",부상자수 (명),-,-,-,-,-,-,-,-,-,-,-,-,-,-,-,-,-,-,-,-,-,-,-,-,-,-,-,-,-,-,-,-,-,-,-,-,-,-,-,-,-,-,-,-,-,-,-,-,-,-,-,-,-,-,-,-,-,-,-,-,-,-,-,4682,565,4075,42,4869,608,4224,37,4836,660,4125,51,-,4469,691,3733,45,5455,810,4547,98,-,5176,769,4340,67,5184,852,4229,103,5666,941,4618,107,-,5326,861,4366,99,5269,919,4206,144,5686,950,4635,101,5445,933,4421,91,4959,857,4026,76,4967,783,4098,86,5182,860,4246,76,5189,753,4364,72,5175,687,4427,61,5052,786,4196,70,-,5229,848,4303,78,-
"합계","송파구",발생건수 (건),-,-,-,-,-,-,-,-,-,-,-,-,-,-,-,-,-,-,-,-,-,-,-,-,-,-,-,-,-,-,-,-,-,-,-,-,-,-,-,-,-,-,-,-,-,-,-,-,-,-,-,-,-,-,-,-,-,-,-,-,-,-,-,2508,584,1884,40,2487,548,1891,48,2491,539,1906,46,-,2622,643,1922,57,2739,635,2051,53,-,2573,610,1873,90,2554,580,1907,67,2844,637,2123,84,-,2473,563,1808,102,2608,606,1917,85,2687,602,1991,94,2598,611,1896,91,2758,621,2061,76,2860,649,2106,105,2892,592,2210,90,2595,478,2064,53,2607,469,2081,57,2581,521,2012,48,-,2614,530,2035,49,-
"합계","송파구",사망자수 (명),-,-,-,-,-,-,-,-,-,-,-,-,-,-,-,-,-,-,-,-,-,-,-,-,-,-,-,-,-,-,-,-,-,-,-,-,-,-,-,-,-,-,-,-,-,-,-,-,-,-,-,-,-,-,-,-,-,-,-,-,-,-,-,27,12,11,4,27,12,10,5,17,3,11,3,-,30,11,16,3,22,10,11,1,-,16,5,9,2,36,21,13,2,14,6,7,1,-,21,9,10,2,24,8,14,2,16,9,6,1,14,7,6,1,23,14,8,1,27,12,14,1,13,4,8,1,11,4,5,2,14,3,10,1,9,4,2,3,-,10,5,5,-,-
"합계","송파구",부상자수 (명),-,-,-,-,-,-,-,-,-,-,-,-,-,-,-,-,-,-,-,-,-,-,-,-,-,-,-,-,-,-,-,-,-,-,-,-,-,-,-,-,-,-,-,-,-,-,-,-,-,-,-,-,-,-,-,-,-,-,-,-,-,-,-,3706,600,3060,46,3720,566,3097,57,3609,575,2978,56,-,3925,658,3202,65,4084,668,3338,78,-,3742,637,2991,114,3632,594,2958,80,4060,669,3290,101,-,3556,591,2855,110,3635,642,2901,92,3763,646,3011,106,3646,654,2893,99,3805,651,3075,79,3932,675,3141,116,4003,621,3257,125,3509,502,2954,53,3509,496,2953,60,3594,550,2997,47,-,3603,563,2985,55,-
"합계","강동구",발생건수 (건),-,-,-,-,-,-,-,-,-,-,-,-,-,-,-,-,-,-,-,-,-,-,-,-,-,-,-,-,-,-,-,-,-,-,-,-,-,-,-,-,-,-,-,-,-,-,-,-,-,-,-,-,-,-,-,-,-,-,-,-,-,-,-,1330,388,922,20,1271,351,892,28,1479,413,1036,30,-,1692,490,1164,38,1545,434,1060,51,-,1410,410,967,33,1423,425,966,32,1458,438,970,50,-,1356,402,915,39,1442,452,963,27,1494,479,963,52,1426,426,959,41,1371,427,906,38,1418,394,978,46,1414,437,944,33,1268,342,890,36,1047,242,788,17,1151,262,865,24,-,1185,291,873,21,-
"합계","강동구",사망자수 (명),-,-,-,-,-,-,-,-,-,-,-,-,-,-,-,-,-,-,-,-,-,-,-,-,-,-,-,-,-,-,-,-,-,-,-,-,-,-,-,-,-,-,-,-,-,-,-,-,-,-,-,-,-,-,-,-,-,-,-,-,-,-,-,19,6,11,2,16,7,7,2,19,7,7,5,-,13,7,1,5,22,5,15,2,-,14,8,5,1,13,5,7,1,18,10,7,1,-,12,4,4,4,14,7,6,1,23,14,7,2,17,11,4,2,19,11,8,-,12,8,4,-,11,7,4,-,7,3,4,-,9,7,2,-,7,3,2,2,-,4,-,3,1,-
"합계","강동구",부상자수 (명),-,-,-,-,-,-,-,-,-,-,-,-,-,-,-,-,-,-,-,-,-,-,-,-,-,-,-,-,-,-,-,-,-,-,-,-,-,-,-,-,-,-,-,-,-,-,-,-,-,-,-,-,-,-,-,-,-,-,-,-,-,-,-,1838,396,1420,22,1753,363,1355,35,2106,438,1627,41,-,2352,505,1802,45,2130,448,1625,57,-,1945,440,1456,49,2080,450,1593,37,2029,443,1518,68,-,1942,426,1472,44,2014,467,1515,32,2129,489,1583,57,1957,430,1485,42,1873,457,1366,50,1922,406,1461,55,1910,454,1420,36,1600,352,1207,41,1413,241,1152,20,1553,265,1259,29,-,1522,306,1193,23,-
